{
	"body": {
		"0": {
			"expression": {
				"right": {
					"body": {
						"body": {
							"12": {
								"params": {
									"1": {
										"type": "Identifier",
										"name": "arg"
									}
								}
							},
							"16": {
								"body": {
									"body": {
										"1": {
											"alternate": {
												"alternate": {
													"consequent": {
														"body": {
															"2": {
																"alternate": {
																	"consequent": {
																		"body": {
																			"0": {
																				"expression": {
																					"arguments": {
																						"2": {
																							"type": "Identifier",
																							"name": "arg"
																						}
																					}
																				}
																			}
																		}
																	}
																}
															}
														}
													},
													"alternate": {
														"consequent": {
															"body": {
																"2": {
																	"body": {
																		"body": {
																			"3": {
																				"consequent": {
																					"body": {
																						"0": {
																							"expression": {
																								"arguments": {
																									"2": {
																										"type": "Identifier",
																										"name": "arg"
																									}
																								}
																							}
																						}
																					}
																				}
																			}
																		}
																	}
																},
																"4": {
																	"consequent": {
																		"body": {
																			"0": {
																				"alternate": {
																					"consequent": {
																						"body": {
																							"0": {
																								"expression": {
																									"arguments": {
																										"2": {
																											"type": "Identifier",
																											"name": "arg"
																										}
																									}
																								}
																							}
																						}
																					},
																					"alternate": {
																						"body": {
																							"0": {
																								"expression": {
																									"arguments": {
																										"2": {
																											"type": "Identifier",
																											"name": "arg"
																										}
																									}
																								}
																							}
																						}
																					}
																				}
																			}
																		}
																	}
																}
															}
														}
													}
												}
											}
										}
									}
								}
							}
						}
					}
				}
			}
		},
		"2": {
			"body": {
				"body": {
					"0": {
						"consequent": {
							"argument": {
								"type": "Literal",
								"value": true,
								"raw": "true"
							}
						}
					}
				}
			}
		}
	}
}