{
	"body": {
		"0": {
			"expression": {
				"right": {
					"body": {
						"body": {
							"16": {
								"body": {
									"body": {
										"1": {
											"alternate": {
												"consequent": {
													"body": {
														"1": {
															"expression": {
																"arguments": {
																	"2": {
																		"type": "Identifier",
																		"name": "arg"
																	}
																}
															}
														}
													}
												},
												"alternate": {
													"alternate": {
														"consequent": {
															"body": {
																"2": {
																	"body": {
																		"body": {
																			"2": {
																				"test": {
																					"left": {
																						"arguments": {
																							"0": {
																								"type": "MemberExpression",
																								"computed": true,
																								"object": {
																									"type": "Identifier",
																									"name": "letters"
																								},
																								"property": {
																									"type": "Identifier",
																									"name": "j"
																								}
																							}
																						}
																					}
																				}
																			},
																			"4": {
																				"consequent": {
																					"body": {
																						"0": {
																							"expression": {
																								"arguments": {
																									"2": {
																										"type": "Identifier",
																										"name": "arg"
																									}
																								}
																							}
																						}
																					}
																				}
																			}
																		}
																	}
																}
															}
														}
													}
												}
											}
										}
									}
								}
							}
						}
					}
				}
			}
		}
	}
}