{
	"body": {
		"0": {
			"expression": {
				"right": {
					"body": {
						"body": {
							"13": {
								"params": {
									"2": {
										"type": "Identifier",
										"name": "arg"
									}
								}
							},
							"16": {
								"body": {
									"body": {
										"1": {
											"alternate": {
												"consequent": {
													"body": {
														"1": {
															"expression": {
																"arguments": {
																	"2": {
																		"type": "Identifier",
																		"name": "arg"
																	}
																}
															}
														}
													}
												},
												"alternate": {
													"alternate": {
														"consequent": {
															"body": {
																"4": {
																	"consequent": {
																		"body": {
																			"0": {
																				"alternate": {
																					"consequent": {
																						"body": {
																							"0": {
																								"expression": {
																									"arguments": {
																										"2": {
																											"type": "Identifier",
																											"name": "arg"
																										}
																									}
																								}
																							}
																						}
																					}
																				}
																			}
																		}
																	}
																}
															}
														}
													}
												}
											}
										}
									}
								}
							}
						}
					}
				}
			}
		}
	}
}