{
	"body": {
		"0": {
			"expression": {
				"right": {
					"body": {
						"body": {
							"1": {
								"declarations": {
									"0": {
										"init": {
											"properties": {
												"2": {
													"type": "Property",
													"key": {
														"type": "Identifier",
														"name": "unknownFn"
													},
													"computed": false,
													"value": {
														"type": "Literal",
														"value": null,
														"raw": "null"
													},
													"kind": "init",
													"method": false,
													"shorthand": false
												}
											}
										}
									}
								}
							},
							"16": {
								"body": {
									"body": {
										"1": {
											"alternate": {
												"alternate": {
													"consequent": {
														"body": {
															"2": {
																"alternate": {
																	"consequent": {
																		"body": {
																			"0": {
																				"expression": {
																					"arguments": {
																						"2": {
																							"type": "Identifier",
																							"name": "arg"
																						}
																					}
																				}
																			}
																		}
																	}
																}
															}
														}
													}
												}
											}
										}
									}
								}
							}
						}
					}
				}
			}
		}
	}
}