{
	"body": {
		"0": {
			"expression": {
				"right": {
					"body": {
						"body": {
							"16": {
								"body": {
									"body": {
										"1": {
											"alternate": {
												"alternate": {
													"alternate": {
														"consequent": {
															"body": {
																"2": {
																	"body": {
																		"body": {
																			"1": {
																				"consequent": {
																					"body": {
																						"0": {
																							"expression": {
																								"arguments": {
																									"2": {
																										"type": "Identifier",
																										"name": "arg"
																									}
																								}
																							}
																						}
																					}
																				}
																			},
																			"2": {
																				"consequent": {
																					"body": {
																						"0": {
																							"expression": {
																								"arguments": {
																									"2": {
																										"type": "Identifier",
																										"name": "arg"
																									}
																								}
																							}
																						}
																					}
																				}
																			}
																		}
																	}
																}
															}
														}
													}
												}
											}
										}
									}
								}
							}
						}
					}
				}
			}
		}
	}
}