{
	"body": {
		"0": {
			"expression": {
				"right": {
					"body": {
						"body": {
							"12": {
								"params": {
									"1": {
										"type": "Identifier",
										"name": "arg"
									}
								}
							},
							"15": {
								"params": {
									"0": {
										"type": "Identifier",
										"name": "key"
									}
								}
							},
							"16": {
								"body": {
									"body": {
										"1": {
											"alternate": {
												"alternate": {
													"alternate": {
														"consequent": {
															"body": {
																"2": {
																	"body": {
																		"body": {
																			"4": {
																				"alternate": {
																					"body": {
																						"0": {
																							"expression": {
																								"arguments": {
																									"2": {
																										"type": "Identifier",
																										"name": "arg"
																									}
																								}
																							}
																						}
																					}
																				}
																			}
																		}
																	}
																}
															}
														}
													}
												}
											}
										}
									}
								}
							}
						}
					}
				}
			}
		}
	}
}