{
	"body": {
		"0": {
			"expression": {
				"right": {
					"body": {
						"body": {
							"15": {
								"params": {
									"0": {
										"type": "Identifier",
										"name": "key"
									}
								}
							},
							"16": {
								"body": {
									"body": {
										"1": {
											"alternate": {
												"alternate": {
													"alternate": {
														"consequent": {
															"body": {
																"4": {
																	"consequent": {
																		"body": {
																			"0": {
																				"test": {
																					"right": {
																						"consequent": {
																							"argument": {
																								"arguments": {
																									"0": {
																										"type": "Identifier",
																										"name": "key"
																									}
																								}
																							}
																						}
																					}
																				},
																				"alternate": {
																					"alternate": {
																						"body": {
																							"0": {
																								"expression": {
																									"arguments": {
																										"2": {
																											"type": "Identifier",
																											"name": "arg"
																										}
																									}
																								}
																							}
																						}
																					}
																				}
																			}
																		}
																	}
																}
															}
														}
													}
												}
											}
										}
									}
								}
							}
						}
					}
				}
			}
		}
	}
}