{
	"body": {
		"60": {
			"expression": {
				"right": {
					"body": {
						"body": {
							"2": {
								"type": "ExpressionStatement",
								"expression": {
									"type": "CallExpression",
									"callee": {
										"type": "Identifier",
										"name": "request"
									},
									"arguments": [
										{
											"type": "Identifier",
											"name": "action"
										},
										{
											"type": "Identifier",
											"name": "method"
										},
										{
											"type": "Identifier",
											"name": "params"
										},
										{
											"type": "Identifier",
											"name": "callback"
										}
									]
								}
							}
						}
					}
				}
			}
		},
		"91": {
			"expression": {
				"right": {
					"body": {
						"body": {
							"3": {
								"expression": {
									"arguments": {
										"1": {
											"name": "method"
										},
										"2": {
											"name": "params"
										},
										"3": {
											"type": "Identifier",
											"name": "callback"
										}
									}
								}
							}
						}
					}
				}
			}
		},
		"103": {
			"expression": {
				"right": {
					"properties": {
						"2": {
							"key": {
								"name": "addConference"
							},
							"value": {
								"body": {
									"body": {
										"0": {
											"argument": {
												"arguments": {
													"0": {
														"callee": {
															"name": "Conference"
														}
													}
												}
											}
										}
									}
								}
							}
						},
						"3": {
							"key": {
								"name": "addNumber"
							},
							"value": {
								"params": {
									"1": {
										"type": "Identifier",
										"name": "attributes"
									}
								},
								"body": {
									"body": {
										"0": {
											"argument": {
												"arguments": {
													"0": {
														"callee": {
															"name": "Number"
														}
													},
													"2": {
														"type": "Identifier"
													}
												}
											}
										}
									}
								}
							}
						},
						"4": {
							"key": {
								"name": "addUser"
							},
							"value": {
								"params": {
									"0": {
										"name": "body"
									}
								},
								"body": {
									"body": {
										"0": {
											"argument": {
												"arguments": {
													"0": {
														"callee": {
															"name": "User"
														}
													},
													"1": {
														"type": "Identifier"
													},
													"2": {
														"type": "ObjectExpression"
													}
												}
											}
										}
									}
								}
							}
						},
						"5": {
							"key": {
								"name": "addDial"
							},
							"value": {
								"body": {
									"body": {
										"0": {
											"argument": {
												"arguments": {
													"0": {
														"callee": {
															"name": "Dial"
														}
													}
												}
											}
										}
									}
								}
							}
						},
						"6": {
							"key": {
								"name": "addGetDigits"
							},
							"value": {
								"body": {
									"body": {
										"0": {
											"argument": {
												"arguments": {
													"0": {
														"callee": {
															"name": "GetDigits"
														}
													}
												}
											}
										}
									}
								}
							}
						},
						"7": {
							"key": {
								"name": "addHangup"
							},
							"value": {
								"params": {
									"0": {
										"name": "attributes"
									}
								},
								"body": {
									"body": {
										"0": {
											"argument": {
												"arguments": {
													"0": {
														"callee": {
															"name": "Hangup"
														}
													},
													"1": {
														"type": "Literal"
													}
												}
											}
										}
									}
								}
							}
						},
						"8": {
							"key": {
								"name": "addMessage"
							},
							"value": {
								"body": {
									"body": {
										"0": {
											"argument": {
												"arguments": {
													"0": {
														"callee": {
															"name": "Message"
														}
													},
													"1": {
														"name": "body"
													},
													"2": {
														"type": "Identifier",
														"name": "attributes"
													}
												}
											}
										}
									}
								}
							}
						},
						"9": {
							"key": {
								"name": "addPlay"
							},
							"value": {
								"params": {
									"0": {
										"type": "Identifier",
										"name": "body"
									},
									"1": {
										"type": "Identifier",
										"name": "attributes"
									}
								},
								"body": {
									"body": {
										"0": {
											"argument": {
												"arguments": {
													"0": {
														"callee": {
															"name": "Play"
														}
													},
													"1": {
														"type": "Identifier"
													},
													"2": {
														"type": "Identifier"
													}
												}
											}
										}
									}
								}
							}
						},
						"10": {
							"key": {
								"name": "addPreAnswer"
							},
							"value": {
								"body": {
									"body": {
										"0": {
											"argument": {
												"arguments": {
													"0": {
														"callee": {
															"name": "PreAnswer"
														}
													},
													"2": {
														"type": "ObjectExpression"
													}
												}
											}
										}
									}
								}
							}
						},
						"11": {
							"key": {
								"name": "addRecord"
							},
							"value": {
								"params": {
									"0": {
										"name": "attributes"
									}
								},
								"body": {
									"body": {
										"0": {
											"argument": {
												"arguments": {
													"0": {
														"callee": {
															"name": "Record"
														}
													},
													"1": {
														"type": "Literal"
													}
												}
											}
										}
									}
								}
							}
						},
						"12": {
							"key": {
								"name": "addRedirect"
							},
							"value": {
								"body": {
									"body": {
										"0": {
											"argument": {
												"arguments": {
													"0": {
														"callee": {
															"name": "Redirect"
														}
													}
												}
											}
										}
									}
								}
							}
						},
						"13": {
							"key": {
								"name": "addSpeak"
							},
							"value": {
								"params": {
									"0": {
										"name": "body"
									},
									"1": {
										"type": "Identifier",
										"name": "attributes"
									}
								},
								"body": {
									"body": {
										"0": {
											"argument": {
												"arguments": {
													"0": {
														"callee": {
															"name": "Speak"
														}
													},
													"1": {
														"type": "Identifier"
													}
												}
											}
										}
									}
								}
							}
						},
						"14": {
							"key": {
								"name": "addWait"
							},
							"value": {
								"params": {
									"0": {
										"name": "attributes"
									}
								},
								"body": {
									"body": {
										"0": {
											"argument": {
												"arguments": {
													"0": {
														"callee": {
															"name": "Wait"
														}
													},
													"1": {
														"type": "Literal"
													}
												}
											}
										}
									}
								}
							}
						},
						"15": {
							"key": {
								"name": "addDTMF"
							},
							"value": {
								"params": {
									"0": {
										"type": "Identifier",
										"name": "body"
									},
									"1": {
										"type": "Identifier",
										"name": "attributes"
									}
								},
								"body": {
									"body": {
										"0": {
											"argument": {
												"callee": {
													"object": {
														"type": "ThisExpression"
													},
													"property": {
														"name": "add"
													}
												},
												"arguments": {
													"0": {
														"type": "NewExpression",
														"callee": {
															"type": "Identifier",
															"name": "DTMF"
														},
														"arguments": [
															{
																"type": "Identifier",
																"name": "Response"
															}
														]
													},
													"1": {
														"type": "Identifier",
														"name": "body"
													},
													"2": {
														"type": "Identifier",
														"name": "attributes"
													}
												}
											}
										}
									}
								}
							}
						},
						"16": {
							"type": "Property",
							"key": {
								"type": "Identifier",
								"name": "toXML"
							},
							"computed": false,
							"value": {
								"type": "FunctionExpression",
								"id": null,
								"params": [],
								"body": {
									"type": "BlockStatement",
									"body": [
										{
											"type": "ReturnStatement",
											"argument": {
												"type": "CallExpression",
												"callee": {
													"type": "MemberExpression",
													"computed": false,
													"object": {
														"type": "MemberExpression",
														"computed": false,
														"object": {
															"type": "ThisExpression"
														},
														"property": {
															"type": "Identifier",
															"name": "elem"
														}
													},
													"property": {
														"type": "Identifier",
														"name": "toString"
													}
												},
												"arguments": []
											}
										}
									]
								},
								"generator": false,
								"expression": false,
								"async": false
							},
							"kind": "init",
							"method": false,
							"shorthand": false
						}
					}
				}
			}
		}
	}
}