{
	"body": {
		"13": {
			"body": {
				"body": {
					"2": {
						"expression": {
							"left": {
								"property": {
									"name": "message"
								}
							},
							"right": {
								"type": "BinaryExpression",
								"left": {
									"type": "LogicalExpression",
									"operator": "||",
									"left": {
										"type": "Identifier",
										"name": "msg"
									},
									"right": {
										"type": "Literal",
										"value": "",
										"raw": "''"
									}
								},
								"right": {
									"type": "Literal",
									"value": "\n",
									"raw": "'\\n'"
								}
							}
						}
					},
					"3": {
						"type": "ExpressionStatement",
						"expression": {
							"type": "AssignmentExpression",
							"operator": "=",
							"left": {
								"type": "MemberExpression",
								"computed": false,
								"object": {
									"type": "ThisExpression"
								},
								"property": {
									"type": "Identifier",
									"name": "name"
								}
							},
							"right": {
								"type": "Literal",
								"value": "PlivoError",
								"raw": "'PlivoError'"
							}
						}
					}
				}
			}
		},
		"97": {
			"expression": {
				"right": {
					"body": {
						"body": {
							"2": {
								"type": "ExpressionStatement",
								"expression": {
									"type": "CallExpression",
									"callee": {
										"type": "Identifier",
										"name": "request"
									},
									"arguments": [
										{
											"type": "Identifier",
											"name": "action"
										},
										{
											"type": "Identifier",
											"name": "method"
										},
										{
											"type": "Identifier",
											"name": "params"
										},
										{
											"type": "Identifier",
											"name": "callback"
										}
									]
								}
							}
						}
					}
				}
			}
		}
	}
}