{
	"body": {
		"27": {
			"expression": {
				"right": {
					"body": {
						"body": {
							"3": {
								"expression": {
									"arguments": {
										"3": {
											"type": "Identifier",
											"name": "callback"
										}
									}
								}
							}
						}
					}
				}
			}
		},
		"47": {
			"expression": {
				"right": {
					"body": {
						"body": {
							"1": {
								"expression": {
									"argument": {
										"property": {
											"name": "conference_id"
										}
									}
								}
							},
							"2": {
								"type": "ExpressionStatement",
								"expression": {
									"type": "UnaryExpression",
									"operator": "delete",
									"argument": {
										"type": "MemberExpression",
										"computed": false,
										"object": {
											"type": "Identifier",
											"name": "params"
										},
										"property": {
											"type": "Identifier",
											"name": "member_id"
										}
									},
									"prefix": true
								}
							},
							"3": {
								"type": "VariableDeclaration",
								"declarations": [
									{
										"type": "VariableDeclarator",
										"id": {
											"type": "Identifier",
											"name": "method"
										},
										"init": {
											"type": "Literal",
											"value": "DELETE",
											"raw": "'DELETE'"
										}
									}
								]
							},
							"4": {
								"type": "ExpressionStatement",
								"expression": {
									"type": "CallExpression",
									"callee": {
										"type": "Identifier",
										"name": "request"
									},
									"arguments": [
										{
											"type": "Identifier",
											"name": "action"
										},
										{
											"type": "Identifier",
											"name": "method"
										},
										{
											"type": "Identifier",
											"name": "params"
										},
										{
											"type": "Identifier",
											"name": "callback"
										}
									]
								}
							}
						}
					}
				}
			}
		},
		"68": {
			"expression": {
				"right": {
					"body": {
						"body": {
							"2": {
								"expression": {
									"arguments": {
										"1": {
											"name": "method"
										},
										"2": {
											"name": "params"
										},
										"3": {
											"type": "Identifier",
											"name": "callback"
										}
									}
								}
							}
						}
					}
				}
			}
		},
		"112": {
			"body": {
				"body": {
					"2": {
						"type": "ExpressionStatement",
						"expression": {
							"type": "AssignmentExpression",
							"operator": "=",
							"left": {
								"type": "MemberExpression",
								"computed": false,
								"object": {
									"type": "ThisExpression"
								},
								"property": {
									"type": "Identifier",
									"name": "nestables"
								}
							},
							"right": {
								"type": "ArrayExpression",
								"elements": [
									{
										"type": "Literal",
										"value": "Speak",
										"raw": "'Speak'"
									},
									{
										"type": "Literal",
										"value": "Play",
										"raw": "'Play'"
									},
									{
										"type": "Literal",
										"value": "Wait",
										"raw": "'Wait'"
									}
								]
							}
						}
					}
				}
			}
		}
	}
}