{
	"body": {
		"27": {
			"expression": {
				"right": {
					"body": {
						"body": {
							"2": {
								"type": "VariableDeclaration",
								"declarations": [
									{
										"type": "VariableDeclarator",
										"id": {
											"type": "Identifier",
											"name": "method"
										},
										"init": {
											"type": "Literal",
											"value": "POST",
											"raw": "'POST'"
										}
									}
								]
							},
							"3": {
								"type": "ExpressionStatement",
								"expression": {
									"type": "CallExpression",
									"callee": {
										"type": "Identifier",
										"name": "request"
									},
									"arguments": [
										{
											"type": "Identifier",
											"name": "action"
										},
										{
											"type": "Identifier",
											"name": "method"
										},
										{
											"type": "Identifier",
											"name": "params"
										},
										{
											"type": "Identifier",
											"name": "callback"
										}
									]
								}
							}
						}
					}
				}
			}
		},
		"55": {
			"expression": {
				"right": {
					"body": {
						"body": {
							"1": {
								"type": "VariableDeclaration",
								"declarations": [
									{
										"type": "VariableDeclarator",
										"id": {
											"type": "Identifier",
											"name": "method"
										},
										"init": {
											"type": "Literal",
											"value": "POST",
											"raw": "'POST'"
										}
									}
								]
							},
							"2": {
								"type": "ExpressionStatement",
								"expression": {
									"type": "CallExpression",
									"callee": {
										"type": "Identifier",
										"name": "request"
									},
									"arguments": [
										{
											"type": "Identifier",
											"name": "action"
										},
										{
											"type": "Identifier",
											"name": "method"
										},
										{
											"type": "Identifier",
											"name": "params"
										},
										{
											"type": "Identifier",
											"name": "callback"
										}
									]
								}
							}
						}
					}
				}
			}
		},
		"57": {
			"expression": {
				"right": {
					"body": {
						"body": {
							"3": {
								"expression": {
									"arguments": {
										"1": {
											"name": "method"
										},
										"2": {
											"name": "params"
										},
										"3": {
											"type": "Identifier",
											"name": "callback"
										}
									}
								}
							}
						}
					}
				}
			}
		},
		"64": {
			"expression": {
				"right": {
					"body": {
						"body": {
							"3": {
								"expression": {
									"arguments": {
										"2": {
											"name": "params"
										},
										"3": {
											"type": "Identifier",
											"name": "callback"
										}
									}
								}
							}
						}
					}
				}
			}
		},
		"66": {
			"expression": {
				"right": {
					"params": {
						"1": {
							"type": "Identifier",
							"name": "callback"
						}
					},
					"body": {
						"body": {
							"2": {
								"expression": {
									"arguments": {
										"3": {
											"type": "Identifier",
											"name": "callback"
										}
									}
								}
							}
						}
					}
				}
			}
		},
		"80": {
			"expression": {
				"right": {
					"body": {
						"body": {
							"2": {
								"expression": {
									"arguments": {
										"1": {
											"name": "method"
										},
										"2": {
											"name": "params"
										},
										"3": {
											"type": "Identifier",
											"name": "callback"
										}
									}
								}
							}
						}
					}
				}
			}
		}
	}
}