{
	"body": {
		"31": {
			"expression": {
				"right": {
					"body": {
						"body": {
							"3": {
								"type": "ExpressionStatement",
								"expression": {
									"type": "CallExpression",
									"callee": {
										"type": "Identifier",
										"name": "request"
									},
									"arguments": [
										{
											"type": "Identifier",
											"name": "action"
										},
										{
											"type": "Identifier",
											"name": "method"
										},
										{
											"type": "Identifier",
											"name": "params"
										},
										{
											"type": "Identifier",
											"name": "callback"
										}
									]
								}
							}
						}
					}
				}
			}
		},
		"95": {
			"expression": {
				"right": {
					"body": {
						"body": {
							"2": {
								"expression": {
									"arguments": {
										"3": {
											"type": "Identifier",
											"name": "callback"
										}
									}
								}
							}
						}
					}
				}
			}
		},
		"104": {
			"body": {
				"body": {
					"1": {
						"expression": {
							"right": {
								"elements": {
									"5": {
										"value": "enterSound",
										"raw": "'enterSound'"
									},
									"6": {
										"value": "exitSound",
										"raw": "'exitSound'"
									},
									"7": {
										"value": "timeLimit",
										"raw": "'timeLimit'"
									},
									"8": {
										"value": "hangupOnStar",
										"raw": "'hangupOnStar'"
									},
									"9": {
										"value": "maxMembers",
										"raw": "'maxMembers'"
									},
									"10": {
										"value": "record",
										"raw": "'record'"
									},
									"11": {
										"value": "recordWhenAlone",
										"raw": "'recordWhenAlone'"
									},
									"12": {
										"value": "recordFileFormat",
										"raw": "'recordFileFormat'"
									},
									"13": {
										"value": "action",
										"raw": "'action'"
									},
									"14": {
										"value": "method",
										"raw": "'method'"
									},
									"15": {
										"value": "redirect",
										"raw": "'redirect'"
									},
									"16": {
										"value": "digitsMatch",
										"raw": "'digitsMatch'"
									},
									"17": {
										"value": "callbackUrl",
										"raw": "'callbackUrl'"
									},
									"18": {
										"value": "callbackMethod",
										"raw": "'callbackMethod'"
									},
									"19": {
										"value": "stayAlone",
										"raw": "'stayAlone'"
									},
									"20": {
										"value": "floorEvent",
										"raw": "'floorEvent'"
									},
									"21": {
										"value": "transcriptionType",
										"raw": "'transcriptionType'"
									},
									"22": {
										"value": "transcriptionUrl",
										"raw": "'transcriptionUrl'"
									},
									"23": {
										"value": "transcriptionMethod",
										"raw": "'transcriptionMethod'"
									},
									"24": {
										"type": "Literal",
										"value": "relayDTMF",
										"raw": "'relayDTMF'"
									}
								}
							}
						}
					}
				}
			}
		},
		"126": {
			"body": {
				"body": {
					"2": {
						"type": "ExpressionStatement",
						"expression": {
							"type": "AssignmentExpression",
							"operator": "=",
							"left": {
								"type": "MemberExpression",
								"computed": false,
								"object": {
									"type": "ThisExpression"
								},
								"property": {
									"type": "Identifier",
									"name": "nestables"
								}
							},
							"right": {
								"type": "ArrayExpression",
								"elements": []
							}
						}
					}
				}
			}
		}
	}
}