{
	"body": {
		"35": {
			"expression": {
				"right": {
					"body": {
						"body": {
							"2": {
								"expression": {
									"arguments": {
										"4": {
											"type": "Literal",
											"value": true,
											"raw": "true"
										}
									}
								}
							}
						}
					}
				}
			}
		},
		"83": {
			"expression": {
				"right": {
					"params": {
						"1": {
							"type": "Identifier",
							"name": "callback"
						}
					}
				}
			}
		},
		"91": {
			"expression": {
				"right": {
					"body": {
						"body": {
							"3": {
								"expression": {
									"arguments": {
										"3": {
											"type": "Identifier",
											"name": "callback"
										}
									}
								}
							}
						}
					}
				}
			}
		},
		"103": {
			"expression": {
				"right": {
					"properties": {
						"1": {
							"value": {
								"body": {
									"body": {
										"1": {
											"alternate": {
												"body": {
													"0": {
														"argument": {
															"arguments": {
																"0": {
																	"type": "BinaryExpression",
																	"operator": "+",
																	"left": {
																		"type": "BinaryExpression",
																		"operator": "+",
																		"left": {
																			"type": "BinaryExpression",
																			"operator": "+",
																			"left": {
																				"type": "MemberExpression",
																				"computed": false,
																				"object": {
																					"type": "Identifier",
																					"name": "new_element"
																				},
																				"property": {
																					"type": "Identifier",
																					"name": "element"
																				}
																			},
																			"right": {
																				"type": "Literal",
																				"value": " cannot be nested in ",
																				"raw": "' cannot be nested in '"
																			}
																		},
																		"right": {
																			"type": "MemberExpression",
																			"computed": false,
																			"object": {
																				"type": "ThisExpression"
																			},
																			"property": {
																				"type": "Identifier",
																				"name": "element"
																			}
																		}
																	},
																	"right": {
																		"type": "Literal",
																		"value": ".",
																		"raw": "'.'"
																	}
																}
															}
														}
													}
												}
											}
										}
									}
								}
							}
						},
						"9": {
							"value": {
								"body": {
									"body": {
										"0": {
											"type": "ReturnStatement",
											"argument": {
												"type": "CallExpression",
												"callee": {
													"type": "MemberExpression",
													"computed": false,
													"object": {
														"type": "ThisExpression"
													},
													"property": {
														"type": "Identifier",
														"name": "add"
													}
												},
												"arguments": [
													{
														"type": "NewExpression",
														"callee": {
															"type": "Identifier",
															"name": "Play"
														},
														"arguments": [
															{
																"type": "Identifier",
																"name": "Response"
															}
														]
													},
													{
														"type": "Identifier",
														"name": "body"
													},
													{
														"type": "Identifier",
														"name": "attributes"
													}
												]
											}
										}
									}
								}
							}
						}
					}
				}
			}
		}
	}
}