{
	"body": {
		"13": {
			"body": {
				"body": {
					"1": {
						"expression": {
							"arguments": {
								"1": {
									"type": "MemberExpression",
									"computed": false,
									"object": {
										"type": "Identifier",
										"name": "arguments"
									},
									"property": {
										"type": "Identifier",
										"name": "callee"
									}
								}
							}
						}
					}
				}
			}
		},
		"52": {
			"expression": {
				"right": {
					"body": {
						"body": {
							"1": {
								"type": "VariableDeclaration",
								"declarations": [
									{
										"type": "VariableDeclarator",
										"id": {
											"type": "Identifier",
											"name": "method"
										},
										"init": {
											"type": "Literal",
											"value": "POST",
											"raw": "'POST'"
										}
									}
								],
								"kind": "var"
							},
							"2": {
								"type": "ExpressionStatement",
								"expression": {
									"type": "CallExpression",
									"callee": {
										"type": "Identifier",
										"name": "request"
									},
									"arguments": [
										{
											"type": "Identifier",
											"name": "action"
										},
										{
											"type": "Identifier",
											"name": "method"
										},
										{
											"type": "Identifier",
											"name": "params"
										},
										{
											"type": "Identifier",
											"name": "callback"
										}
									]
								}
							}
						}
					}
				}
			}
		},
		"69": {
			"expression": {
				"right": {
					"body": {
						"body": {
							"2": {
								"declarations": {
									"0": {
										"init": {
											"type": "Literal",
											"value": "POST",
											"raw": "'POST'"
										}
									}
								}
							}
						}
					}
				}
			}
		},
		"81": {
			"expression": {
				"right": {
					"body": {
						"body": {
							"0": {
								"declarations": {
									"0": {
										"init": {
											"type": "BinaryExpression",
											"operator": "+",
											"left": {
												"type": "BinaryExpression",
												"operator": "+",
												"left": {
													"type": "Literal",
													"value": "PhoneNumber/",
													"raw": "'PhoneNumber/'"
												},
												"right": {
													"type": "MemberExpression",
													"computed": true,
													"object": {
														"type": "Identifier",
														"name": "params"
													},
													"property": {
														"type": "Literal",
														"value": "number",
														"raw": "'number'"
													}
												}
											},
											"right": {
												"type": "Literal",
												"value": "/",
												"raw": "'/'"
											}
										}
									}
								}
							}
						}
					}
				}
			}
		},
		"98": {
			"expression": {
				"right": {
					"body": {
						"body": {
							"3": {
								"expression": {
									"arguments": {
										"1": {
											"name": "method"
										},
										"2": {
											"name": "params"
										},
										"3": {
											"type": "Identifier",
											"name": "callback"
										}
									}
								}
							}
						}
					}
				}
			}
		},
		"110": {
			"body": {
				"body": {
					"1": {
						"expression": {
							"right": {
								"elements": {
									"9": {
										"value": "confirmKey",
										"raw": "'confirmKey'"
									},
									"10": {
										"value": "redirect",
										"raw": "'redirect'"
									},
									"11": {
										"value": "callbackUrl",
										"raw": "'callbackUrl'"
									},
									"12": {
										"value": "callbackMethod",
										"raw": "'callbackMethod'"
									},
									"13": {
										"value": "digitsMatch",
										"raw": "'digitsMatch'"
									},
									"14": {
										"value": "digitsMatchBLeg",
										"raw": "'digitsMatchBLeg'"
									},
									"15": {
										"type": "Literal",
										"value": "sipHeaders",
										"raw": "'sipHeaders'"
									}
								}
							}
						}
					}
				}
			}
		}
	}
}