{
	"body": {
		"40": {
			"expression": {
				"right": {
					"body": {
						"body": {
							"0": {
								"declarations": {
									"0": {
										"init": {
											"type": "BinaryExpression",
											"operator": "+",
											"left": {
												"type": "BinaryExpression",
												"operator": "+",
												"left": {
													"type": "BinaryExpression",
													"operator": "+",
													"left": {
														"type": "BinaryExpression",
														"operator": "+",
														"left": {
															"type": "Literal",
															"value": "Conference/",
															"raw": "'Conference/'"
														},
														"right": {
															"type": "MemberExpression",
															"computed": true,
															"object": {
																"type": "Identifier",
																"name": "params"
															},
															"property": {
																"type": "Literal",
																"value": "conference_id",
																"raw": "'conference_id'"
															}
														}
													},
													"right": {
														"type": "Literal",
														"value": "/Member/",
														"raw": "'/Member/'"
													}
												},
												"right": {
													"type": "MemberExpression",
													"computed": true,
													"object": {
														"type": "Identifier",
														"name": "params"
													},
													"property": {
														"type": "Literal",
														"value": "member_id",
														"raw": "'member_id'"
													}
												}
											},
											"right": {
												"type": "Literal",
												"value": "/Play/",
												"raw": "'/Play/'"
											}
										}
									}
								}
							}
						}
					}
				}
			}
		},
		"43": {
			"expression": {
				"right": {
					"body": {
						"body": {
							"1": {
								"expression": {
									"argument": {
										"property": {
											"name": "conference_id"
										}
									}
								}
							},
							"2": {
								"type": "ExpressionStatement",
								"expression": {
									"type": "UnaryExpression",
									"operator": "delete",
									"argument": {
										"type": "MemberExpression",
										"computed": false,
										"object": {
											"type": "Identifier",
											"name": "params"
										},
										"property": {
											"type": "Identifier",
											"name": "member_id"
										}
									},
									"prefix": true
								}
							},
							"3": {
								"type": "VariableDeclaration",
								"declarations": [
									{
										"type": "VariableDeclarator",
										"id": {
											"type": "Identifier",
											"name": "method"
										},
										"init": {
											"type": "Literal",
											"value": "DELETE",
											"raw": "'DELETE'"
										}
									}
								]
							},
							"4": {
								"type": "ExpressionStatement",
								"expression": {
									"type": "CallExpression",
									"callee": {
										"type": "Identifier",
										"name": "request"
									},
									"arguments": [
										{
											"type": "Identifier",
											"name": "action"
										},
										{
											"type": "Identifier",
											"name": "method"
										},
										{
											"type": "Identifier",
											"name": "params"
										},
										{
											"type": "Identifier",
											"name": "callback"
										}
									]
								}
							}
						}
					}
				}
			}
		},
		"103": {
			"expression": {
				"right": {
					"properties": {
						"10": {
							"value": {
								"body": {
									"body": {
										"0": {
											"argument": {
												"arguments": {
													"2": {
														"type": "ObjectExpression",
														"properties": []
													}
												}
											}
										}
									}
								}
							}
						}
					}
				}
			}
		},
		"110": {
			"body": {
				"body": {
					"1": {
						"expression": {
							"right": {
								"elements": {
									"12": {
										"value": "callbackMethod",
										"raw": "'callbackMethod'"
									},
									"13": {
										"value": "digitsMatch",
										"raw": "'digitsMatch'"
									},
									"14": {
										"value": "digitsMatchBLeg",
										"raw": "'digitsMatchBLeg'"
									},
									"15": {
										"type": "Literal",
										"value": "sipHeaders",
										"raw": "'sipHeaders'"
									}
								}
							}
						}
					}
				}
			}
		},
		"133": {
			"expression": {
				"right": {
					"body": {
						"body": {
							"1": {
								"test": {
									"type": "BinaryExpression",
									"operator": "!=",
									"left": {
										"operator": "typeof",
										"argument": {
											"type": "Identifier"
										}
									},
									"right": {
										"type": "Literal"
									}
								},
								"consequent": {
									"body": {
										"0": {
											"argument": {
												"arguments": {
													"0": {
														"value": "Config for RestAPI must be provided as an object.",
														"raw": "'Config for RestAPI must be provided as an object.'"
													}
												}
											}
										}
									}
								}
							},
							"2": {
								"type": "IfStatement",
								"test": {
									"type": "LogicalExpression",
									"operator": "||",
									"left": {
										"type": "UnaryExpression",
										"operator": "!",
										"argument": {
											"type": "MemberExpression",
											"computed": false,
											"object": {
												"type": "Identifier",
												"name": "config"
											},
											"property": {
												"type": "Identifier",
												"name": "authId"
											}
										},
										"prefix": true
									},
									"right": {
										"type": "UnaryExpression",
										"operator": "!",
										"argument": {
											"type": "MemberExpression",
											"computed": false,
											"object": {
												"type": "Identifier",
												"name": "config"
											},
											"property": {
												"type": "Identifier",
												"name": "authToken"
											}
										},
										"prefix": true
									}
								},
								"consequent": {
									"type": "BlockStatement",
									"body": [
										{
											"type": "ThrowStatement",
											"argument": {
												"type": "NewExpression",
												"callee": {
													"type": "Identifier",
													"name": "PlivoError"
												},
												"arguments": [
													{
														"type": "Literal",
														"value": "Auth ID and Auth Token must be provided.",
														"raw": "'Auth ID and Auth Token must be provided.'"
													}
												]
											}
										}
									]
								}
							},
							"3": {
								"type": "ForInStatement",
								"left": {
									"type": "Identifier",
									"name": "key"
								},
								"right": {
									"type": "Identifier",
									"name": "config"
								},
								"body": {
									"type": "BlockStatement",
									"body": [
										{
											"type": "ExpressionStatement",
											"expression": {
												"type": "AssignmentExpression",
												"operator": "=",
												"left": {
													"type": "MemberExpression",
													"computed": true,
													"object": {
														"type": "MemberExpression",
														"computed": false,
														"object": {
															"type": "Identifier",
															"name": "plivo"
														},
														"property": {
															"type": "Identifier",
															"name": "options"
														}
													},
													"property": {
														"type": "Identifier",
														"name": "key"
													}
												},
												"right": {
													"type": "MemberExpression",
													"computed": true,
													"object": {
														"type": "Identifier",
														"name": "config"
													},
													"property": {
														"type": "Identifier",
														"name": "key"
													}
												}
											}
										}
									]
								}
							},
							"4": {
								"type": "ReturnStatement",
								"argument": {
									"type": "Identifier",
									"name": "plivo"
								}
							}
						}
					}
				}
			}
		}
	}
}