{
	"body": {
		"27": {
			"expression": {
				"right": {
					"body": {
						"body": {
							"0": {
								"declarations": {
									"0": {
										"init": {
											"type": "BinaryExpression",
											"operator": "+",
											"left": {
												"type": "BinaryExpression",
												"operator": "+",
												"left": {
													"type": "Literal",
													"value": "Call/",
													"raw": "'Call/'"
												},
												"right": {
													"type": "MemberExpression",
													"computed": true,
													"object": {
														"type": "Identifier",
														"name": "params"
													},
													"property": {
														"type": "Literal",
														"value": "call_uuid",
														"raw": "'call_uuid'"
													}
												}
											},
											"right": {
												"type": "Literal",
												"value": "/Record/",
												"raw": "'/Record/'"
											}
										}
									}
								}
							}
						}
					}
				}
			}
		},
		"44": {
			"expression": {
				"right": {
					"body": {
						"body": {
							"4": {
								"type": "ExpressionStatement",
								"expression": {
									"type": "CallExpression",
									"callee": {
										"type": "Identifier",
										"name": "request"
									},
									"arguments": [
										{
											"type": "Identifier",
											"name": "action"
										},
										{
											"type": "Identifier",
											"name": "method"
										},
										{
											"type": "Identifier",
											"name": "params"
										},
										{
											"type": "Identifier",
											"name": "callback"
										}
									]
								}
							}
						}
					}
				}
			}
		},
		"79": {
			"expression": {
				"right": {
					"body": {
						"body": {
							"1": {
								"type": "ExpressionStatement",
								"expression": {
									"type": "CallExpression",
									"callee": {
										"type": "MemberExpression",
										"computed": false,
										"object": {
											"type": "ThisExpression"
										},
										"property": {
											"type": "Identifier",
											"name": "edit_number"
										}
									},
									"arguments": [
										{
											"type": "Identifier",
											"name": "params"
										},
										{
											"type": "Identifier",
											"name": "callback"
										}
									]
								}
							}
						}
					}
				}
			}
		},
		"94": {
			"expression": {
				"right": {
					"body": {
						"body": {
							"2": {
								"declarations": {
									"0": {
										"init": {
											"type": "Literal",
											"value": "DELETE",
											"raw": "'DELETE'"
										}
									}
								}
							}
						}
					}
				}
			}
		},
		"100": {
			"expression": {
				"right": {
					"body": {
						"body": {
							"1": {
								"declarations": {
									"0": {
										"init": {
											"type": "Literal",
											"value": "GET",
											"raw": "'GET'"
										}
									}
								}
							}
						}
					}
				}
			}
		}
	}
}