{
	"body": {
		"56": {
			"expression": {
				"right": {
					"body": {
						"body": {
							"2": {
								"type": "VariableDeclaration",
								"declarations": [
									{
										"type": "VariableDeclarator",
										"id": {
											"type": "Identifier",
											"name": "method"
										},
										"init": {
											"type": "Literal",
											"value": "POST",
											"raw": "'POST'"
										}
									}
								]
							},
							"3": {
								"type": "ExpressionStatement",
								"expression": {
									"type": "CallExpression",
									"callee": {
										"type": "Identifier",
										"name": "request"
									},
									"arguments": [
										{
											"type": "Identifier",
											"name": "action"
										},
										{
											"type": "Identifier",
											"name": "method"
										},
										{
											"type": "Identifier",
											"name": "params"
										},
										{
											"type": "Identifier",
											"name": "callback"
										}
									]
								}
							}
						}
					}
				}
			}
		},
		"70": {
			"expression": {
				"right": {
					"params": {
						"1": {
							"type": "Identifier",
							"name": "callback"
						}
					}
				}
			}
		},
		"72": {
			"expression": {
				"right": {
					"body": {
						"body": {
							"3": {
								"type": "ExpressionStatement",
								"expression": {
									"type": "CallExpression",
									"callee": {
										"type": "Identifier",
										"name": "request"
									},
									"arguments": [
										{
											"type": "Identifier",
											"name": "action"
										},
										{
											"type": "Identifier",
											"name": "method"
										},
										{
											"type": "Identifier",
											"name": "params"
										},
										{
											"type": "Identifier",
											"name": "callback"
										}
									]
								}
							}
						}
					}
				}
			}
		},
		"76": {
			"expression": {
				"right": {
					"body": {
						"body": {
							"3": {
								"expression": {
									"arguments": {
										"4": {
											"type": "Literal",
											"value": true,
											"raw": "true"
										}
									}
								}
							}
						}
					}
				}
			}
		},
		"84": {
			"expression": {
				"right": {
					"body": {
						"body": {
							"3": {
								"expression": {
									"arguments": {
										"3": {
											"type": "Identifier",
											"name": "callback"
										}
									}
								}
							}
						}
					}
				}
			}
		},
		"130": {
			"body": {
				"body": {
					"2": {
						"expression": {
							"right": {
								"elements": {
									"1": {
										"type": "Literal",
										"value": "async",
										"raw": "'async'"
									}
								}
							}
						}
					}
				}
			}
		}
	}
}