{
	"body": {
		"35": {
			"expression": {
				"right": {
					"body": {
						"body": {
							"2": {
								"expression": {
									"arguments": {
										"3": {
											"type": "Identifier"
										},
										"4": {
											"type": "Literal",
											"value": true,
											"raw": "true"
										}
									}
								}
							}
						}
					}
				}
			}
		},
		"112": {
			"body": {
				"body": {
					"2": {
						"type": "ExpressionStatement",
						"expression": {
							"type": "AssignmentExpression",
							"operator": "=",
							"left": {
								"type": "MemberExpression",
								"computed": false,
								"object": {
									"type": "ThisExpression"
								},
								"property": {
									"type": "Identifier",
									"name": "nestables"
								}
							},
							"right": {
								"type": "ArrayExpression",
								"elements": [
									{
										"type": "Literal",
										"value": "Speak",
										"raw": "'Speak'"
									},
									{
										"type": "Literal",
										"value": "Play",
										"raw": "'Play'"
									},
									{
										"type": "Literal",
										"value": "Wait",
										"raw": "'Wait'"
									}
								]
							}
						}
					}
				}
			}
		}
	}
}