{
	"body": {
		"13": {
			"body": {
				"body": {
					"1": {
						"expression": {
							"type": "CallExpression",
							"callee": {
								"type": "MemberExpression",
								"computed": false,
								"object": {
									"type": "Identifier",
									"name": "Error"
								},
								"property": {
									"type": "Identifier",
									"name": "captureStackTrace"
								}
							},
							"arguments": [
								{
									"type": "ThisExpression"
								},
								{
									"type": "MemberExpression",
									"computed": false,
									"object": {
										"type": "Identifier",
										"name": "arguments"
									},
									"property": {
										"type": "Identifier",
										"name": "callee"
									}
								}
							]
						}
					},
					"2": {
						"expression": {
							"left": {
								"property": {
									"name": "message"
								}
							},
							"right": {
								"type": "BinaryExpression",
								"left": {
									"type": "LogicalExpression",
									"operator": "||",
									"left": {
										"type": "Identifier",
										"name": "msg"
									},
									"right": {
										"type": "Literal",
										"value": "",
										"raw": "''"
									}
								},
								"right": {
									"type": "Literal",
									"value": "\n",
									"raw": "'\\n'"
								}
							}
						}
					},
					"3": {
						"type": "ExpressionStatement",
						"expression": {
							"type": "AssignmentExpression",
							"operator": "=",
							"left": {
								"type": "MemberExpression",
								"computed": false,
								"object": {
									"type": "ThisExpression"
								},
								"property": {
									"type": "Identifier",
									"name": "name"
								}
							},
							"right": {
								"type": "Literal",
								"value": "PlivoError",
								"raw": "'PlivoError'"
							}
						}
					}
				}
			}
		},
		"49": {
			"expression": {
				"right": {
					"body": {
						"body": {
							"2": {
								"type": "VariableDeclaration",
								"declarations": [
									{
										"type": "VariableDeclarator",
										"id": {
											"type": "Identifier",
											"name": "method"
										},
										"init": {
											"type": "Literal",
											"value": "POST",
											"raw": "'POST'"
										}
									}
								]
							},
							"3": {
								"type": "ExpressionStatement",
								"expression": {
									"type": "CallExpression",
									"callee": {
										"type": "Identifier",
										"name": "request"
									},
									"arguments": [
										{
											"type": "Identifier",
											"name": "action"
										},
										{
											"type": "Identifier",
											"name": "method"
										},
										{
											"type": "Identifier",
											"name": "params"
										},
										{
											"type": "Identifier",
											"name": "callback"
										}
									]
								}
							}
						}
					}
				}
			}
		},
		"71": {
			"expression": {
				"right": {
					"body": {
						"body": {
							"0": {
								"declarations": {
									"0": {
										"init": {
											"type": "Literal",
											"value": "Number/",
											"raw": "'Number/'"
										}
									}
								}
							}
						}
					}
				}
			}
		},
		"112": {
			"body": {
				"body": {
					"1": {
						"expression": {
							"right": {
								"elements": {
									"2": {
										"value": "timeout",
										"raw": "'timeout'"
									},
									"3": {
										"value": "digitTimeout",
										"raw": "'digitTimeout'"
									},
									"4": {
										"value": "finishOnKey",
										"raw": "'finishOnKey'"
									},
									"5": {
										"value": "numDigits",
										"raw": "'numDigits'"
									},
									"6": {
										"value": "retries",
										"raw": "'retries'"
									},
									"7": {
										"value": "invalidDigitsSound",
										"raw": "'invalidDigitsSound'"
									},
									"8": {
										"value": "validDigits",
										"raw": "'validDigits'"
									},
									"9": {
										"value": "playBeep",
										"raw": "'playBeep'"
									},
									"10": {
										"value": "redirect",
										"raw": "'redirect'"
									},
									"11": {
										"type": "Literal",
										"value": "log",
										"raw": "'log'"
									}
								}
							}
						}
					}
				}
			}
		}
	}
}