{
	"body": {
		"18": {
			"expression": {
				"right": {
					"body": {
						"body": {
							"0": {
								"argument": {
									"body": {
										"body": {
											"4": {
												"declarations": {
													"0": {
														"init": {
															"type": "CallExpression",
															"callee": {
																"type": "MemberExpression",
																"computed": false,
																"object": {
																	"type": "Identifier",
																	"name": "plivo"
																},
																"property": {
																	"type": "Identifier",
																	"name": "create_signature"
																}
															},
															"arguments": [
																{
																	"type": "Identifier",
																	"name": "toSign"
																},
																{
																	"type": "MemberExpression",
																	"computed": false,
																	"object": {
																		"type": "Identifier",
																		"name": "req"
																	},
																	"property": {
																		"type": "Identifier",
																		"name": "body"
																	}
																}
															]
														}
													}
												}
											}
										}
									}
								}
							}
						}
					}
				}
			}
		},
		"27": {
			"expression": {
				"right": {
					"body": {
						"body": {
							"2": {
								"declarations": {
									"0": {
										"init": {
											"type": "Literal",
											"value": "POST",
											"raw": "'POST'"
										}
									}
								}
							}
						}
					}
				}
			}
		},
		"52": {
			"expression": {
				"right": {
					"body": {
						"body": {
							"0": {
								"declarations": {
									"0": {
										"init": {
											"type": "Literal",
											"value": "",
											"raw": "''"
										}
									}
								}
							}
						}
					}
				}
			}
		},
		"53": {
			"expression": {
				"right": {
					"body": {
						"body": {
							"2": {
								"type": "ExpressionStatement",
								"expression": {
									"type": "CallExpression",
									"callee": {
										"type": "Identifier",
										"name": "request"
									},
									"arguments": [
										{
											"type": "Identifier",
											"name": "action"
										},
										{
											"type": "Identifier",
											"name": "method"
										},
										{
											"type": "Identifier",
											"name": "params"
										},
										{
											"type": "Identifier",
											"name": "callback"
										}
									]
								}
							}
						}
					}
				}
			}
		},
		"63": {
			"expression": {
				"right": {
					"params": {
						"1": {
							"type": "Identifier",
							"name": "callback"
						}
					}
				}
			}
		},
		"106": {
			"body": {
				"body": {
					"2": {
						"type": "ExpressionStatement",
						"expression": {
							"type": "AssignmentExpression",
							"operator": "=",
							"left": {
								"type": "MemberExpression",
								"computed": false,
								"object": {
									"type": "ThisExpression"
								},
								"property": {
									"type": "Identifier",
									"name": "nestables"
								}
							},
							"right": {
								"type": "ArrayExpression",
								"elements": []
							}
						}
					}
				}
			}
		}
	}
}