{
	"body": {
		"26": {
			"expression": {
				"right": {
					"body": {
						"body": {
							"3": {
								"expression": {
									"arguments": {
										"3": {
											"type": "Identifier",
											"name": "callback"
										}
									}
								}
							}
						}
					}
				}
			}
		},
		"61": {
			"expression": {
				"right": {
					"body": {
						"body": {
							"1": {
								"type": "ExpressionStatement",
								"expression": {
									"type": "UnaryExpression",
									"operator": "delete",
									"argument": {
										"type": "MemberExpression",
										"computed": false,
										"object": {
											"type": "Identifier",
											"name": "params"
										},
										"property": {
											"type": "Identifier",
											"name": "app_id"
										}
									},
									"prefix": true
								}
							},
							"2": {
								"type": "VariableDeclaration",
								"declarations": [
									{
										"type": "VariableDeclarator",
										"id": {
											"type": "Identifier",
											"name": "method"
										},
										"init": {
											"type": "Literal",
											"value": "POST",
											"raw": "'POST'"
										}
									}
								]
							},
							"3": {
								"type": "ExpressionStatement",
								"expression": {
									"type": "CallExpression",
									"callee": {
										"type": "Identifier",
										"name": "request"
									},
									"arguments": [
										{
											"type": "Identifier",
											"name": "action"
										},
										{
											"type": "Identifier",
											"name": "method"
										},
										{
											"type": "Identifier",
											"name": "params"
										},
										{
											"type": "Identifier",
											"name": "callback"
										}
									]
								}
							}
						}
					}
				}
			}
		},
		"97": {
			"expression": {
				"right": {
					"params": {
						"1": {
							"type": "Identifier",
							"name": "callback"
						}
					}
				}
			}
		},
		"110": {
			"body": {
				"body": {
					"1": {
						"expression": {
							"right": {
								"elements": {
									"4": {
										"value": "timeLimit",
										"raw": "'timeLimit'"
									},
									"5": {
										"value": "callerId",
										"raw": "'callerId'"
									},
									"6": {
										"value": "callerName",
										"raw": "'callerName'"
									},
									"7": {
										"value": "confirmSound",
										"raw": "'confirmSound'"
									},
									"8": {
										"value": "dialMusic",
										"raw": "'dialMusic'"
									},
									"9": {
										"value": "confirmKey",
										"raw": "'confirmKey'"
									},
									"10": {
										"value": "redirect",
										"raw": "'redirect'"
									},
									"11": {
										"value": "callbackUrl",
										"raw": "'callbackUrl'"
									},
									"12": {
										"value": "callbackMethod",
										"raw": "'callbackMethod'"
									},
									"13": {
										"value": "digitsMatch",
										"raw": "'digitsMatch'"
									},
									"14": {
										"value": "digitsMatchBLeg",
										"raw": "'digitsMatchBLeg'"
									},
									"15": {
										"type": "Literal",
										"value": "sipHeaders",
										"raw": "'sipHeaders'"
									}
								}
							}
						}
					}
				}
			}
		}
	}
}