{
	"body": {
		"34": {
			"expression": {
				"right": {
					"params": {
						"1": {
							"type": "Identifier",
							"name": "callback"
						}
					}
				}
			}
		},
		"47": {
			"expression": {
				"right": {
					"body": {
						"body": {
							"3": {
								"declarations": {
									"0": {
										"init": {
											"type": "Literal",
											"value": "DELETE",
											"raw": "'DELETE'"
										}
									}
								}
							}
						}
					}
				}
			}
		},
		"61": {
			"expression": {
				"right": {
					"params": {
						"1": {
							"type": "Identifier",
							"name": "callback"
						}
					},
					"body": {
						"body": {
							"2": {
								"declarations": {
									"0": {
										"init": {
											"type": "Literal",
											"value": "POST",
											"raw": "'POST'"
										}
									}
								}
							}
						}
					}
				}
			}
		},
		"101": {
			"body": {
				"body": {
					"2": {
						"expression": {
							"left": {
								"property": {
									"name": "valid_attributes"
								}
							},
							"right": {
								"type": "ArrayExpression"
							}
						}
					},
					"3": {
						"type": "ExpressionStatement",
						"expression": {
							"type": "AssignmentExpression",
							"operator": "=",
							"left": {
								"type": "MemberExpression",
								"computed": false,
								"object": {
									"type": "ThisExpression"
								},
								"property": {
									"type": "Identifier",
									"name": "elem"
								}
							},
							"right": {
								"type": "CallExpression",
								"callee": {
									"type": "MemberExpression",
									"computed": false,
									"object": {
										"type": "Identifier",
										"name": "doc"
									},
									"property": {
										"type": "Identifier",
										"name": "begin"
									}
								},
								"arguments": [
									{
										"type": "MemberExpression",
										"computed": false,
										"object": {
											"type": "ThisExpression"
										},
										"property": {
											"type": "Identifier",
											"name": "element"
										}
									}
								]
							}
						}
					}
				}
			}
		}
	}
}