{
	"body": {
		"17": {
			"expression": {
				"right": {
					"body": {
						"body": {
							"2": {
								"declarations": {
									"0": {
										"init": {
											"callee": {
												"object": {
													"arguments": {
														"0": {
															"arguments": {
																"1": {
																	"type": "Literal",
																	"value": "utf-8",
																	"raw": "'utf-8'"
																}
															}
														}
													}
												}
											}
										}
									}
								}
							}
						}
					}
				}
			}
		},
		"38": {
			"expression": {
				"right": {
					"body": {
						"body": {
							"3": {
								"expression": {
									"arguments": {
										"3": {
											"type": "Identifier",
											"name": "callback"
										}
									}
								}
							}
						}
					}
				}
			}
		},
		"43": {
			"expression": {
				"right": {
					"params": {
						"1": {
							"type": "Identifier",
							"name": "callback"
						}
					}
				}
			}
		},
		"59": {
			"expression": {
				"right": {
					"body": {
						"body": {
							"0": {
								"declarations": {
									"0": {
										"init": {
											"type": "BinaryExpression",
											"operator": "+",
											"left": {
												"type": "BinaryExpression",
												"operator": "+",
												"left": {
													"type": "Literal",
													"value": "Application/",
													"raw": "'Application/'"
												},
												"right": {
													"type": "MemberExpression",
													"computed": true,
													"object": {
														"type": "Identifier",
														"name": "params"
													},
													"property": {
														"type": "Literal",
														"value": "app_id",
														"raw": "'app_id'"
													}
												}
											},
											"right": {
												"type": "Literal",
												"value": "/",
												"raw": "'/'"
											}
										}
									}
								}
							}
						}
					}
				}
			}
		}
	}
}