{
	"body": {
		"73": {
			"expression": {
				"right": {
					"body": {
						"body": {
							"1": {
								"type": "ExpressionStatement",
								"expression": {
									"type": "UnaryExpression",
									"operator": "delete",
									"argument": {
										"type": "MemberExpression",
										"computed": false,
										"object": {
											"type": "Identifier",
											"name": "params"
										},
										"property": {
											"type": "Identifier",
											"name": "number"
										}
									},
									"prefix": true
								}
							},
							"2": {
								"type": "VariableDeclaration",
								"declarations": [
									{
										"type": "VariableDeclarator",
										"id": {
											"type": "Identifier",
											"name": "method"
										},
										"init": {
											"type": "Literal",
											"value": "DELETE",
											"raw": "'DELETE'"
										}
									}
								]
							},
							"3": {
								"type": "ExpressionStatement",
								"expression": {
									"type": "CallExpression",
									"callee": {
										"type": "Identifier",
										"name": "request"
									},
									"arguments": [
										{
											"type": "Identifier",
											"name": "action"
										},
										{
											"type": "Identifier",
											"name": "method"
										},
										{
											"type": "Identifier",
											"name": "params"
										},
										{
											"type": "Identifier",
											"name": "callback"
										}
									]
								}
							}
						}
					}
				}
			}
		},
		"86": {
			"expression": {
				"right": {
					"body": {
						"body": {
							"0": {
								"declarations": {
									"0": {
										"init": {
											"type": "BinaryExpression",
											"operator": "+",
											"left": {
												"type": "BinaryExpression",
												"operator": "+",
												"left": {
													"type": "Literal",
													"value": "IncomingCarrier/",
													"raw": "'IncomingCarrier/'"
												},
												"right": {
													"type": "MemberExpression",
													"computed": true,
													"object": {
														"type": "Identifier",
														"name": "params"
													},
													"property": {
														"type": "Literal",
														"value": "carrier_id",
														"raw": "'carrier_id'"
													}
												}
											},
											"right": {
												"type": "Literal",
												"value": "/",
												"raw": "'/'"
											}
										}
									}
								}
							}
						}
					}
				}
			}
		},
		"110": {
			"body": {
				"body": {
					"1": {
						"expression": {
							"right": {
								"elements": {
									"7": {
										"value": "confirmSound",
										"raw": "'confirmSound'"
									},
									"8": {
										"value": "dialMusic",
										"raw": "'dialMusic'"
									},
									"9": {
										"value": "confirmKey",
										"raw": "'confirmKey'"
									},
									"10": {
										"value": "redirect",
										"raw": "'redirect'"
									},
									"11": {
										"value": "callbackUrl",
										"raw": "'callbackUrl'"
									},
									"12": {
										"value": "callbackMethod",
										"raw": "'callbackMethod'"
									},
									"13": {
										"value": "digitsMatch",
										"raw": "'digitsMatch'"
									},
									"14": {
										"value": "digitsMatchBLeg",
										"raw": "'digitsMatchBLeg'"
									},
									"15": {
										"type": "Literal",
										"value": "sipHeaders",
										"raw": "'sipHeaders'"
									}
								}
							}
						}
					}
				}
			}
		}
	}
}