{
	"body": {
		"15": {
			"declarations": {
				"0": {
					"init": {
						"body": {
							"body": {
								"7": {
									"alternate": {
										"alternate": {
											"alternate": {
												"consequent": {
													"body": {
														"2": {
															"expression": {
																"expressions": {
																	"1": {
																		"arguments": {
																			"1": {
																				"type": "FunctionExpression",
																				"id": null,
																				"params": [
																					{
																						"type": "Identifier",
																						"name": "error"
																					},
																					{
																						"type": "Identifier",
																						"name": "response"
																					},
																					{
																						"type": "Identifier",
																						"name": "body"
																					}
																				],
																				"body": {
																					"type": "BlockStatement",
																					"body": [
																						{
																							"type": "ExpressionStatement",
																							"expression": {
																								"type": "CallExpression",
																								"callee": {
																									"type": "Identifier",
																									"name": "callback"
																								},
																								"arguments": [
																									{
																										"type": "MemberExpression",
																										"computed": false,
																										"object": {
																											"type": "Identifier",
																											"name": "response"
																										},
																										"property": {
																											"type": "Identifier",
																											"name": "statusCode"
																										}
																									},
																									{
																										"type": "Identifier",
																										"name": "body"
																									}
																								]
																							}
																						}
																					]
																				},
																				"generator": false,
																				"expression": false,
																				"async": false
																			}
																		}
																	}
																}
															}
														}
													}
												}
											}
										}
									}
								}
							}
						}
					}
				}
			}
		},
		"103": {
			"expression": {
				"right": {
					"properties": {
						"9": {
							"key": {
								"name": "addPlay"
							},
							"value": {
								"params": {
									"0": {
										"type": "Identifier",
										"name": "body"
									},
									"1": {
										"type": "Identifier",
										"name": "attributes"
									}
								},
								"body": {
									"body": {
										"0": {
											"argument": {
												"arguments": {
													"0": {
														"callee": {
															"name": "Play"
														}
													},
													"1": {
														"type": "Identifier"
													},
													"2": {
														"type": "Identifier"
													}
												}
											}
										}
									}
								}
							}
						},
						"10": {
							"key": {
								"name": "addPreAnswer"
							},
							"value": {
								"body": {
									"body": {
										"0": {
											"argument": {
												"arguments": {
													"0": {
														"callee": {
															"name": "PreAnswer"
														}
													},
													"2": {
														"type": "ObjectExpression"
													}
												}
											}
										}
									}
								}
							}
						},
						"11": {
							"key": {
								"name": "addRecord"
							},
							"value": {
								"params": {
									"0": {
										"name": "attributes"
									}
								},
								"body": {
									"body": {
										"0": {
											"argument": {
												"arguments": {
													"0": {
														"callee": {
															"name": "Record"
														}
													},
													"1": {
														"type": "Literal"
													}
												}
											}
										}
									}
								}
							}
						},
						"12": {
							"key": {
								"name": "addRedirect"
							},
							"value": {
								"body": {
									"body": {
										"0": {
											"argument": {
												"arguments": {
													"0": {
														"callee": {
															"name": "Redirect"
														}
													}
												}
											}
										}
									}
								}
							}
						},
						"13": {
							"key": {
								"name": "addSpeak"
							},
							"value": {
								"params": {
									"0": {
										"name": "body"
									},
									"1": {
										"type": "Identifier",
										"name": "attributes"
									}
								},
								"body": {
									"body": {
										"0": {
											"argument": {
												"arguments": {
													"0": {
														"callee": {
															"name": "Speak"
														}
													},
													"1": {
														"type": "Identifier"
													}
												}
											}
										}
									}
								}
							}
						},
						"14": {
							"key": {
								"name": "addWait"
							},
							"value": {
								"params": {
									"0": {
										"name": "attributes"
									}
								},
								"body": {
									"body": {
										"0": {
											"argument": {
												"arguments": {
													"0": {
														"callee": {
															"name": "Wait"
														}
													},
													"1": {
														"type": "Literal"
													}
												}
											}
										}
									}
								}
							}
						},
						"15": {
							"key": {
								"name": "addDTMF"
							},
							"value": {
								"params": {
									"0": {
										"type": "Identifier",
										"name": "body"
									},
									"1": {
										"type": "Identifier",
										"name": "attributes"
									}
								},
								"body": {
									"body": {
										"0": {
											"argument": {
												"callee": {
													"object": {
														"type": "ThisExpression"
													},
													"property": {
														"name": "add"
													}
												},
												"arguments": {
													"0": {
														"type": "NewExpression",
														"callee": {
															"type": "Identifier",
															"name": "DTMF"
														},
														"arguments": [
															{
																"type": "Identifier",
																"name": "Response"
															}
														]
													},
													"1": {
														"type": "Identifier",
														"name": "body"
													},
													"2": {
														"type": "Identifier",
														"name": "attributes"
													}
												}
											}
										}
									}
								}
							}
						},
						"16": {
							"type": "Property",
							"key": {
								"type": "Identifier",
								"name": "toXML"
							},
							"computed": false,
							"value": {
								"type": "FunctionExpression",
								"id": null,
								"params": [],
								"body": {
									"type": "BlockStatement",
									"body": [
										{
											"type": "ReturnStatement",
											"argument": {
												"type": "CallExpression",
												"callee": {
													"type": "MemberExpression",
													"computed": false,
													"object": {
														"type": "MemberExpression",
														"computed": false,
														"object": {
															"type": "ThisExpression"
														},
														"property": {
															"type": "Identifier",
															"name": "elem"
														}
													},
													"property": {
														"type": "Identifier",
														"name": "toString"
													}
												},
												"arguments": []
											}
										}
									]
								},
								"generator": false,
								"expression": false,
								"async": false
							},
							"kind": "init",
							"method": false,
							"shorthand": false
						}
					}
				}
			}
		},
		"112": {
			"body": {
				"body": {
					"1": {
						"expression": {
							"right": {
								"elements": {
									"5": {
										"value": "numDigits",
										"raw": "'numDigits'"
									},
									"6": {
										"value": "retries",
										"raw": "'retries'"
									},
									"7": {
										"value": "invalidDigitsSound",
										"raw": "'invalidDigitsSound'"
									},
									"8": {
										"value": "validDigits",
										"raw": "'validDigits'"
									},
									"9": {
										"value": "playBeep",
										"raw": "'playBeep'"
									},
									"10": {
										"value": "redirect",
										"raw": "'redirect'"
									},
									"11": {
										"type": "Literal",
										"value": "log",
										"raw": "'log'"
									}
								}
							}
						}
					}
				}
			}
		}
	}
}