{
	"body": {
		"18": {
			"expression": {
				"right": {
					"body": {
						"body": {
							"0": {
								"argument": {
									"body": {
										"body": {
											"5": {
												"alternate": {
													"body": {
														"1": {
															"type": "ExpressionStatement",
															"expression": {
																"type": "CallExpression",
																"callee": {
																	"type": "Identifier",
																	"name": "next"
																},
																"arguments": [
																	{
																		"type": "NewExpression",
																		"callee": {
																			"type": "Identifier",
																			"name": "Error"
																		},
																		"arguments": [
																			{
																				"type": "Identifier",
																				"name": "msg"
																			}
																		]
																	}
																]
															}
														}
													}
												}
											}
										}
									}
								}
							}
						}
					}
				}
			}
		},
		"45": {
			"expression": {
				"right": {
					"body": {
						"body": {
							"4": {
								"expression": {
									"arguments": {
										"3": {
											"type": "Identifier",
											"name": "callback"
										}
									}
								}
							}
						}
					}
				}
			}
		},
		"64": {
			"expression": {
				"right": {
					"body": {
						"body": {
							"3": {
								"expression": {
									"arguments": {
										"3": {
											"type": "Identifier",
											"name": "callback"
										}
									}
								}
							}
						}
					}
				}
			}
		},
		"103": {
			"expression": {
				"right": {
					"properties": {
						"12": {
							"value": {
								"body": {
									"body": {
										"0": {
											"type": "ReturnStatement",
											"argument": {
												"type": "CallExpression",
												"callee": {
													"type": "MemberExpression",
													"computed": false,
													"object": {
														"type": "ThisExpression"
													},
													"property": {
														"type": "Identifier",
														"name": "add"
													}
												},
												"arguments": [
													{
														"type": "NewExpression",
														"callee": {
															"type": "Identifier",
															"name": "Redirect"
														},
														"arguments": [
															{
																"type": "Identifier",
																"name": "Response"
															}
														]
													},
													{
														"type": "Identifier",
														"name": "body"
													},
													{
														"type": "Identifier",
														"name": "attributes"
													}
												]
											}
										}
									}
								}
							}
						}
					}
				}
			}
		}
	}
}