{
	"body": {
		"62": {
			"expression": {
				"right": {
					"body": {
						"body": {
							"3": {
								"type": "ExpressionStatement",
								"expression": {
									"type": "CallExpression",
									"callee": {
										"type": "Identifier",
										"name": "request"
									},
									"arguments": [
										{
											"type": "Identifier",
											"name": "action"
										},
										{
											"type": "Identifier",
											"name": "method"
										},
										{
											"type": "Identifier",
											"name": "params"
										},
										{
											"type": "Identifier",
											"name": "callback"
										}
									]
								}
							}
						}
					}
				}
			}
		},
		"89": {
			"expression": {
				"right": {
					"body": {
						"body": {
							"3": {
								"expression": {
									"arguments": {
										"3": {
											"type": "Identifier",
											"name": "callback"
										}
									}
								}
							}
						}
					}
				}
			}
		},
		"97": {
			"expression": {
				"right": {
					"body": {
						"body": {
							"2": {
								"expression": {
									"arguments": {
										"3": {
											"type": "Identifier",
											"name": "callback"
										}
									}
								}
							}
						}
					}
				}
			}
		},
		"101": {
			"body": {
				"body": {
					"2": {
						"expression": {
							"left": {
								"property": {
									"name": "valid_attributes"
								}
							},
							"right": {
								"type": "ArrayExpression"
							}
						}
					},
					"3": {
						"type": "ExpressionStatement",
						"expression": {
							"type": "AssignmentExpression",
							"operator": "=",
							"left": {
								"type": "MemberExpression",
								"computed": false,
								"object": {
									"type": "ThisExpression"
								},
								"property": {
									"type": "Identifier",
									"name": "elem"
								}
							},
							"right": {
								"type": "CallExpression",
								"callee": {
									"type": "MemberExpression",
									"computed": false,
									"object": {
										"type": "Identifier",
										"name": "doc"
									},
									"property": {
										"type": "Identifier",
										"name": "begin"
									}
								},
								"arguments": [
									{
										"type": "MemberExpression",
										"computed": false,
										"object": {
											"type": "ThisExpression"
										},
										"property": {
											"type": "Identifier",
											"name": "element"
										}
									}
								]
							}
						}
					}
				}
			}
		},
		"112": {
			"body": {
				"body": {
					"2": {
						"expression": {
							"right": {
								"elements": {
									"2": {
										"type": "Literal",
										"value": "Wait",
										"raw": "'Wait'"
									}
								}
							}
						}
					}
				}
			}
		}
	}
}