{
	"body": {
		"26": {
			"expression": {
				"right": {
					"body": {
						"body": {
							"1": {
								"type": "ExpressionStatement",
								"expression": {
									"type": "UnaryExpression",
									"operator": "delete",
									"argument": {
										"type": "MemberExpression",
										"computed": false,
										"object": {
											"type": "Identifier",
											"name": "params"
										},
										"property": {
											"type": "Identifier",
											"name": "call_uuid"
										}
									},
									"prefix": true
								}
							},
							"2": {
								"type": "VariableDeclaration",
								"declarations": [
									{
										"type": "VariableDeclarator",
										"id": {
											"type": "Identifier",
											"name": "method"
										},
										"init": {
											"type": "Literal",
											"value": "DELETE",
											"raw": "'DELETE'"
										}
									}
								]
							},
							"3": {
								"type": "ExpressionStatement",
								"expression": {
									"type": "CallExpression",
									"callee": {
										"type": "Identifier",
										"name": "request"
									},
									"arguments": [
										{
											"type": "Identifier",
											"name": "action"
										},
										{
											"type": "Identifier",
											"name": "method"
										},
										{
											"type": "Identifier",
											"name": "params"
										},
										{
											"type": "Identifier",
											"name": "callback"
										}
									]
								}
							}
						}
					}
				}
			}
		},
		"103": {
			"expression": {
				"right": {
					"properties": {
						"7": {
							"value": {
								"body": {
									"body": {
										"0": {
											"argument": {
												"arguments": {
													"0": {
														"arguments": {
															"0": {
																"type": "Identifier",
																"name": "Response"
															}
														}
													}
												}
											}
										}
									}
								}
							}
						}
					}
				}
			}
		},
		"133": {
			"expression": {
				"right": {
					"body": {
						"body": {
							"0": {
								"consequent": {
									"body": {
										"0": {
											"type": "ThrowStatement",
											"argument": {
												"type": "NewExpression",
												"callee": {
													"type": "Identifier",
													"name": "PlivoError"
												},
												"arguments": [
													{
														"type": "Literal",
														"value": "Auth ID and Auth Token must be provided.",
														"raw": "'Auth ID and Auth Token must be provided.'"
													}
												]
											}
										}
									}
								}
							}
						}
					}
				}
			}
		}
	}
}