{
	"body": {
		"36": {
			"expression": {
				"right": {
					"body": {
						"body": {
							"2": {
								"type": "VariableDeclaration",
								"declarations": [
									{
										"type": "VariableDeclarator",
										"id": {
											"type": "Identifier",
											"name": "method"
										},
										"init": {
											"type": "Literal",
											"value": "GET",
											"raw": "'GET'"
										}
									}
								]
							},
							"3": {
								"type": "ExpressionStatement",
								"expression": {
									"type": "CallExpression",
									"callee": {
										"type": "Identifier",
										"name": "request"
									},
									"arguments": [
										{
											"type": "Identifier",
											"name": "action"
										},
										{
											"type": "Identifier",
											"name": "method"
										},
										{
											"type": "Identifier",
											"name": "params"
										},
										{
											"type": "Identifier",
											"name": "callback"
										}
									]
								}
							}
						}
					}
				}
			}
		},
		"39": {
			"expression": {
				"right": {
					"body": {
						"body": {
							"4": {
								"expression": {
									"arguments": {
										"3": {
											"type": "Identifier",
											"name": "callback"
										}
									}
								}
							}
						}
					}
				}
			}
		},
		"82": {
			"expression": {
				"right": {
					"params": {
						"1": {
							"type": "Identifier",
							"name": "callback"
						}
					}
				}
			}
		},
		"103": {
			"expression": {
				"right": {
					"properties": {
						"2": {
							"value": {
								"params": {
									"1": {
										"type": "Identifier",
										"name": "attributes"
									}
								}
							}
						}
					}
				}
			}
		}
	}
}