{
	"body": {
		"40": {
			"expression": {
				"right": {
					"body": {
						"body": {
							"4": {
								"type": "ExpressionStatement",
								"expression": {
									"type": "CallExpression",
									"callee": {
										"type": "Identifier",
										"name": "request"
									},
									"arguments": [
										{
											"type": "Identifier",
											"name": "action"
										},
										{
											"type": "Identifier",
											"name": "method"
										},
										{
											"type": "Identifier",
											"name": "params"
										},
										{
											"type": "Identifier",
											"name": "callback"
										}
									]
								}
							}
						}
					}
				}
			}
		},
		"98": {
			"expression": {
				"right": {
					"body": {
						"body": {
							"2": {
								"type": "VariableDeclaration",
								"declarations": [
									{
										"type": "VariableDeclarator",
										"id": {
											"type": "Identifier",
											"name": "method"
										},
										"init": {
											"type": "Literal",
											"value": "POST",
											"raw": "'POST'"
										}
									}
								]
							},
							"3": {
								"type": "ExpressionStatement",
								"expression": {
									"type": "CallExpression",
									"callee": {
										"type": "Identifier",
										"name": "request"
									},
									"arguments": [
										{
											"type": "Identifier",
											"name": "action"
										},
										{
											"type": "Identifier",
											"name": "method"
										},
										{
											"type": "Identifier",
											"name": "params"
										},
										{
											"type": "Identifier",
											"name": "callback"
										}
									]
								}
							}
						}
					}
				}
			}
		},
		"104": {
			"params": {
				"0": {
					"type": "Identifier",
					"name": "Response"
				}
			}
		},
		"110": {
			"body": {
				"body": {
					"1": {
						"expression": {
							"right": {
								"elements": {
									"9": {
										"value": "confirmKey",
										"raw": "'confirmKey'"
									},
									"10": {
										"value": "redirect",
										"raw": "'redirect'"
									},
									"11": {
										"value": "callbackUrl",
										"raw": "'callbackUrl'"
									},
									"12": {
										"value": "callbackMethod",
										"raw": "'callbackMethod'"
									},
									"13": {
										"value": "digitsMatch",
										"raw": "'digitsMatch'"
									},
									"14": {
										"value": "digitsMatchBLeg",
										"raw": "'digitsMatchBLeg'"
									},
									"15": {
										"type": "Literal",
										"value": "sipHeaders",
										"raw": "'sipHeaders'"
									}
								}
							}
						}
					}
				}
			}
		}
	}
}