{
	"body": {
		"47": {
			"expression": {
				"right": {
					"body": {
						"body": {
							"3": {
								"declarations": {
									"0": {
										"init": {
											"type": "Literal",
											"value": "DELETE",
											"raw": "'DELETE'"
										}
									}
								}
							}
						}
					}
				}
			}
		},
		"96": {
			"expression": {
				"right": {
					"body": {
						"body": {
							"3": {
								"type": "ExpressionStatement",
								"expression": {
									"type": "CallExpression",
									"callee": {
										"type": "Identifier",
										"name": "request"
									},
									"arguments": [
										{
											"type": "Identifier",
											"name": "action"
										},
										{
											"type": "Identifier",
											"name": "method"
										},
										{
											"type": "Identifier",
											"name": "params"
										},
										{
											"type": "Identifier",
											"name": "callback"
										}
									]
								}
							}
						}
					}
				}
			}
		}
	}
}