{
	"body": {
		"45": {
			"expression": {
				"right": {
					"body": {
						"body": {
							"4": {
								"expression": {
									"arguments": {
										"1": {
											"name": "method"
										},
										"2": {
											"name": "params"
										},
										"3": {
											"type": "Identifier",
											"name": "callback"
										}
									}
								}
							}
						}
					}
				}
			}
		},
		"68": {
			"expression": {
				"right": {
					"params": {
						"1": {
							"type": "Identifier",
							"name": "callback"
						}
					}
				}
			}
		},
		"81": {
			"expression": {
				"right": {
					"body": {
						"body": {
							"0": {
								"declarations": {
									"0": {
										"init": {
											"type": "BinaryExpression",
											"operator": "+",
											"left": {
												"type": "BinaryExpression",
												"operator": "+",
												"left": {
													"type": "Literal",
													"value": "PhoneNumber/",
													"raw": "'PhoneNumber/'"
												},
												"right": {
													"type": "MemberExpression",
													"computed": true,
													"object": {
														"type": "Identifier",
														"name": "params"
													},
													"property": {
														"type": "Literal",
														"value": "number",
														"raw": "'number'"
													}
												}
											},
											"right": {
												"type": "Literal",
												"value": "/",
												"raw": "'/'"
											}
										}
									}
								}
							}
						}
					}
				}
			}
		}
	}
}