{
	"body": {
		"23": {
			"expression": {
				"right": {
					"params": {
						"1": {
							"type": "Identifier",
							"name": "callback"
						}
					}
				}
			}
		},
		"29": {
			"expression": {
				"right": {
					"body": {
						"body": {
							"3": {
								"type": "ExpressionStatement",
								"expression": {
									"type": "CallExpression",
									"callee": {
										"type": "Identifier",
										"name": "request"
									},
									"arguments": [
										{
											"type": "Identifier",
											"name": "action"
										},
										{
											"type": "Identifier",
											"name": "method"
										},
										{
											"type": "Identifier",
											"name": "params"
										},
										{
											"type": "Identifier",
											"name": "callback"
										}
									]
								}
							}
						}
					}
				}
			}
		},
		"71": {
			"expression": {
				"right": {
					"body": {
						"body": {
							"2": {
								"type": "ExpressionStatement",
								"expression": {
									"type": "CallExpression",
									"callee": {
										"type": "Identifier",
										"name": "request"
									},
									"arguments": [
										{
											"type": "Identifier",
											"name": "action"
										},
										{
											"type": "Identifier",
											"name": "method"
										},
										{
											"type": "Identifier",
											"name": "params"
										},
										{
											"type": "Identifier",
											"name": "callback"
										}
									]
								}
							}
						}
					}
				}
			}
		},
		"85": {
			"expression": {
				"right": {
					"body": {
						"body": {
							"2": {
								"expression": {
									"arguments": {
										"3": {
											"type": "Identifier",
											"name": "callback"
										}
									}
								}
							}
						}
					}
				}
			}
		},
		"95": {
			"expression": {
				"right": {
					"body": {
						"body": {
							"0": {
								"declarations": {
									"0": {
										"init": {
											"type": "Literal",
											"value": "OutgoingCarrierRouting/",
											"raw": "'OutgoingCarrierRouting/'"
										}
									}
								}
							}
						}
					}
				}
			}
		}
	}
}