{
	"body": {
		"28": {
			"expression": {
				"right": {
					"body": {
						"body": {
							"2": {
								"declarations": {
									"0": {
										"init": {
											"type": "Literal",
											"value": "DELETE",
											"raw": "'DELETE'"
										}
									}
								}
							}
						}
					}
				}
			}
		},
		"33": {
			"expression": {
				"right": {
					"body": {
						"body": {
							"3": {
								"expression": {
									"arguments": {
										"2": {
											"name": "params"
										},
										"3": {
											"type": "Identifier",
											"name": "callback"
										}
									}
								}
							}
						}
					}
				}
			}
		},
		"84": {
			"expression": {
				"right": {
					"body": {
						"body": {
							"0": {
								"declarations": {
									"0": {
										"init": {
											"type": "BinaryExpression",
											"operator": "+",
											"left": {
												"type": "BinaryExpression",
												"operator": "+",
												"left": {
													"type": "Literal",
													"value": "Message/",
													"raw": "'Message/'"
												},
												"right": {
													"type": "MemberExpression",
													"computed": true,
													"object": {
														"type": "Identifier",
														"name": "params"
													},
													"property": {
														"type": "Literal",
														"value": "record_id",
														"raw": "'record_id'"
													}
												}
											},
											"right": {
												"type": "Literal",
												"value": "/",
												"raw": "'/'"
											}
										}
									}
								}
							}
						}
					}
				}
			}
		}
	}
}