{
	"body": {
		"15": {
			"declarations": {
				"0": {
					"init": {
						"body": {
							"body": {
								"7": {
									"alternate": {
										"alternate": {
											"alternate": {
												"consequent": {
													"body": {
														"2": {
															"expression": {
																"expressions": {
																	"1": {
																		"arguments": {
																			"1": {
																				"body": {
																					"body": {
																						"0": {
																							"expression": {
																								"arguments": {
																									"1": {
																										"type": "Identifier",
																										"name": "body"
																									}
																								}
																							}
																						}
																					}
																				}
																			}
																		}
																	}
																}
															}
														}
													}
												}
											}
										}
									}
								}
							}
						}
					}
				}
			}
		},
		"38": {
			"expression": {
				"right": {
					"body": {
						"body": {
							"2": {
								"declarations": {
									"0": {
										"init": {
											"type": "Literal",
											"value": "DELETE",
											"raw": "'DELETE'"
										}
									}
								}
							}
						}
					}
				}
			}
		},
		"44": {
			"expression": {
				"right": {
					"body": {
						"body": {
							"0": {
								"declarations": {
									"0": {
										"init": {
											"type": "BinaryExpression",
											"operator": "+",
											"left": {
												"type": "BinaryExpression",
												"operator": "+",
												"left": {
													"type": "BinaryExpression",
													"operator": "+",
													"left": {
														"type": "BinaryExpression",
														"operator": "+",
														"left": {
															"type": "Literal",
															"value": "Conference/",
															"raw": "'Conference/'"
														},
														"right": {
															"type": "MemberExpression",
															"computed": true,
															"object": {
																"type": "Identifier",
																"name": "params"
															},
															"property": {
																"type": "Literal",
																"value": "conference_id",
																"raw": "'conference_id'"
															}
														}
													},
													"right": {
														"type": "Literal",
														"value": "/Member/",
														"raw": "'/Member/'"
													}
												},
												"right": {
													"type": "MemberExpression",
													"computed": true,
													"object": {
														"type": "Identifier",
														"name": "params"
													},
													"property": {
														"type": "Literal",
														"value": "member_id",
														"raw": "'member_id'"
													}
												}
											},
											"right": {
												"type": "Literal",
												"value": "/Deaf/",
												"raw": "'/Deaf/'"
											}
										}
									}
								}
							}
						}
					}
				}
			}
		},
		"47": {
			"expression": {
				"right": {
					"body": {
						"body": {
							"4": {
								"type": "ExpressionStatement",
								"expression": {
									"type": "CallExpression",
									"callee": {
										"type": "Identifier",
										"name": "request"
									},
									"arguments": [
										{
											"type": "Identifier",
											"name": "action"
										},
										{
											"type": "Identifier",
											"name": "method"
										},
										{
											"type": "Identifier",
											"name": "params"
										},
										{
											"type": "Identifier",
											"name": "callback"
										}
									]
								}
							}
						}
					}
				}
			}
		},
		"80": {
			"expression": {
				"right": {
					"body": {
						"body": {
							"1": {
								"type": "VariableDeclaration",
								"declarations": [
									{
										"type": "VariableDeclarator",
										"id": {
											"type": "Identifier",
											"name": "method"
										},
										"init": {
											"type": "Literal",
											"value": "GET",
											"raw": "'GET'"
										}
									}
								]
							},
							"2": {
								"type": "ExpressionStatement",
								"expression": {
									"type": "CallExpression",
									"callee": {
										"type": "Identifier",
										"name": "request"
									},
									"arguments": [
										{
											"type": "Identifier",
											"name": "action"
										},
										{
											"type": "Identifier",
											"name": "method"
										},
										{
											"type": "Identifier",
											"name": "params"
										},
										{
											"type": "Identifier",
											"name": "callback"
										}
									]
								}
							}
						}
					}
				}
			}
		},
		"86": {
			"expression": {
				"right": {
					"body": {
						"body": {
							"3": {
								"expression": {
									"arguments": {
										"3": {
											"type": "Identifier",
											"name": "callback"
										}
									}
								}
							}
						}
					}
				}
			}
		},
		"103": {
			"expression": {
				"right": {
					"properties": {
						"12": {
							"value": {
								"body": {
									"body": {
										"0": {
											"argument": {
												"arguments": {
													"2": {
														"type": "Identifier",
														"name": "attributes"
													}
												}
											}
										}
									}
								}
							}
						}
					}
				}
			}
		},
		"108": {
			"body": {
				"body": {
					"2": {
						"expression": {
							"right": {
								"elements": {
									"2": {
										"type": "Literal",
										"value": "sipHeaders",
										"raw": "'sipHeaders'"
									}
								}
							}
						}
					}
				}
			}
		}
	}
}