{
	"body": {
		"15": {
			"declarations": {
				"0": {
					"init": {
						"body": {
							"body": {
								"7": {
									"alternate": {
										"alternate": {
											"alternate": {
												"consequent": {
													"body": {
														"2": {
															"type": "ExpressionStatement",
															"expression": {
																"type": "SequenceExpression",
																"expressions": [
																	{
																		"type": "AssignmentExpression",
																		"operator": "=",
																		"left": {
																			"type": "MemberExpression",
																			"computed": false,
																			"object": {
																				"type": "Identifier",
																				"name": "request_options"
																			},
																			"property": {
																				"type": "Identifier",
																				"name": "body"
																			}
																		},
																		"right": {
																			"type": "Identifier",
																			"name": "body"
																		}
																	},
																	{
																		"type": "CallExpression",
																		"callee": {
																			"type": "MemberExpression",
																			"computed": false,
																			"object": {
																				"type": "Identifier",
																				"name": "Request"
																			},
																			"property": {
																				"type": "Identifier",
																				"name": "put"
																			}
																		},
																		"arguments": [
																			{
																				"type": "Identifier",
																				"name": "request_options"
																			},
																			{
																				"type": "FunctionExpression",
																				"id": null,
																				"params": [
																					{
																						"type": "Identifier",
																						"name": "error"
																					},
																					{
																						"type": "Identifier",
																						"name": "response"
																					},
																					{
																						"type": "Identifier",
																						"name": "body"
																					}
																				],
																				"body": {
																					"type": "BlockStatement",
																					"body": [
																						{
																							"type": "ExpressionStatement",
																							"expression": {
																								"type": "CallExpression",
																								"callee": {
																									"type": "Identifier",
																									"name": "callback"
																								},
																								"arguments": [
																									{
																										"type": "MemberExpression",
																										"computed": false,
																										"object": {
																											"type": "Identifier",
																											"name": "response"
																										},
																										"property": {
																											"type": "Identifier",
																											"name": "statusCode"
																										}
																									},
																									{
																										"type": "Identifier",
																										"name": "body"
																									}
																								]
																							}
																						}
																					]
																				},
																				"generator": false,
																				"expression": false,
																				"async": false
																			}
																		]
																	}
																]
															}
														}
													}
												}
											}
										}
									}
								}
							}
						}
					}
				}
			}
		},
		"63": {
			"expression": {
				"right": {
					"body": {
						"body": {
							"1": {
								"declarations": {
									"0": {
										"init": {
											"type": "Literal",
											"value": "GET",
											"raw": "'GET'"
										}
									}
								}
							}
						}
					}
				}
			}
		},
		"75": {
			"expression": {
				"right": {
					"params": {
						"1": {
							"type": "Identifier",
							"name": "callback"
						}
					}
				}
			}
		},
		"91": {
			"expression": {
				"right": {
					"body": {
						"body": {
							"3": {
								"expression": {
									"arguments": {
										"3": {
											"type": "Identifier",
											"name": "callback"
										}
									}
								}
							}
						}
					}
				}
			}
		},
		"101": {
			"body": {
				"body": {
					"1": {
						"expression": {
							"right": {
								"elements": {
									"9": {
										"value": "PreAnswer",
										"raw": "'PreAnswer'"
									},
									"10": {
										"value": "Conference",
										"raw": "'Conference'"
									},
									"11": {
										"type": "Literal",
										"value": "DTMF",
										"raw": "'DTMF'"
									}
								}
							}
						}
					}
				}
			}
		}
	}
}