{
	"body": {
		"9": {
			"expression": {
				"right": {
					"body": {
						"body": {
							"0": {
								"argument": {
									"type": "BinaryExpression",
									"operator": "+",
									"left": {
										"type": "BinaryExpression",
										"operator": "*",
										"left": {
											"type": "MemberExpression",
											"computed": true,
											"object": {
												"type": "MemberExpression",
												"computed": false,
												"object": {
													"type": "ThisExpression"
												},
												"property": {
													"type": "Identifier",
													"name": "hrend"
												}
											},
											"property": {
												"type": "Literal",
												"value": 0,
												"raw": "0"
											}
										},
										"right": {
											"type": "Literal",
											"value": 1000000000,
											"raw": "1000000000"
										}
									},
									"right": {
										"type": "MemberExpression",
										"computed": true,
										"object": {
											"type": "MemberExpression",
											"computed": false,
											"object": {
												"type": "ThisExpression"
											},
											"property": {
												"type": "Identifier",
												"name": "hrend"
											}
										},
										"property": {
											"type": "Literal",
											"value": 1,
											"raw": "1"
										}
									}
								}
							}
						}
					}
				}
			}
		}
	}
}