{
	"body": {
		"4": {
			"body": {
				"body": {
					"1": {
						"test": {
							"type": "UnaryExpression",
							"operator": "!",
							"argument": {
								"type": "Identifier",
								"name": "constructor"
							}
						},
						"consequent": {
							"body": {
								"0": {
									"argument": {
										"value": false,
										"raw": "false"
									}
								}
							}
						}
					},
					"2": {
						"type": "IfStatement",
						"test": {
							"type": "LogicalExpression",
							"operator": "||",
							"left": {
								"type": "BinaryExpression",
								"operator": "===",
								"left": {
									"type": "Literal",
									"value": "GeneratorFunction",
									"raw": "'GeneratorFunction'"
								},
								"right": {
									"type": "MemberExpression",
									"computed": false,
									"object": {
										"type": "Identifier",
										"name": "constructor"
									},
									"property": {
										"type": "Identifier",
										"name": "name"
									}
								}
							},
							"right": {
								"type": "BinaryExpression",
								"operator": "===",
								"left": {
									"type": "Literal",
									"value": "GeneratorFunction",
									"raw": "'GeneratorFunction'"
								},
								"right": {
									"type": "MemberExpression",
									"computed": false,
									"object": {
										"type": "Identifier",
										"name": "constructor"
									},
									"property": {
										"type": "Identifier",
										"name": "displayName"
									}
								}
							}
						},
						"consequent": {
							"type": "BlockStatement",
							"body": [
								{
									"type": "ReturnStatement",
									"argument": {
										"type": "Literal",
										"value": true,
										"raw": "true"
									}
								}
							]
						}
					},
					"3": {
						"type": "ReturnStatement",
						"argument": {
							"type": "LogicalExpression",
							"operator": "&&",
							"left": {
								"type": "BinaryExpression",
								"operator": "===",
								"left": {
									"type": "Literal",
									"value": "function",
									"raw": "'function'"
								},
								"right": {
									"type": "UnaryExpression",
									"operator": "typeof",
									"argument": {
										"type": "MemberExpression",
										"computed": false,
										"object": {
											"type": "MemberExpression",
											"computed": false,
											"object": {
												"type": "Identifier",
												"name": "constructor"
											},
											"property": {
												"type": "Identifier",
												"name": "prototype"
											}
										},
										"property": {
											"type": "Identifier",
											"name": "next"
										}
									},
									"prefix": true
								}
							},
							"right": {
								"type": "BinaryExpression",
								"operator": "===",
								"left": {
									"type": "Literal",
									"value": "function",
									"raw": "'function'"
								},
								"right": {
									"type": "UnaryExpression",
									"operator": "typeof",
									"argument": {
										"type": "MemberExpression",
										"computed": false,
										"object": {
											"type": "MemberExpression",
											"computed": false,
											"object": {
												"type": "Identifier",
												"name": "constructor"
											},
											"property": {
												"type": "Identifier",
												"name": "prototype"
											}
										},
										"property": {
											"type": "Identifier",
											"name": "throw"
										}
									},
									"prefix": true
								}
							}
						}
					}
				}
			}
		}
	}
}