{
	"body": {
		"3": {
			"declarations": {
				"0": {
					"init": {
						"body": {
							"body": {
								"0": {
									"consequent": {
										"body": {
											"0": {
												"expression": {
													"right": {
														"properties": {
															"4": {
																"value": {
																	"body": {
																		"body": {
																			"1": {
																				"expression": {
																					"arguments": {
																						"0": {
																							"body": {
																								"body": {
																									"0": {
																										"consequent": {
																											"body": {
																												"0": {
																													"type": "ExpressionStatement",
																													"expression": {
																														"type": "AssignmentExpression",
																														"operator": "=",
																														"left": {
																															"type": "Identifier",
																															"name": "min"
																														},
																														"right": {
																															"type": "CallExpression",
																															"callee": {
																																"type": "MemberExpression",
																																"computed": false,
																																"object": {
																																	"type": "Identifier",
																																	"name": "tick"
																																},
																																"property": {
																																	"type": "Identifier",
																																	"name": "getDiff"
																																}
																															},
																															"arguments": []
																														}
																													}
																												}
																											}
																										}
																									}
																								}
																							}
																						}
																					}
																				}
																			}
																		}
																	}
																}
															},
															"7": {
																"value": {
																	"body": {
																		"body": {
																			"0": {
																				"alternate": {
																					"consequent": {
																						"body": {
																							"0": {
																								"argument": {
																									"type": "BinaryExpression",
																									"operator": "+",
																									"left": {
																										"type": "BinaryExpression",
																										"operator": "/",
																										"left": {
																											"type": "Identifier",
																											"name": "num"
																										},
																										"right": {
																											"type": "Literal",
																											"value": 1000,
																											"raw": "1000"
																										}
																									},
																									"right": {
																										"type": "Literal",
																										"value": "us",
																										"raw": "'us'"
																									}
																								}
																							}
																						}
																					}
																				}
																			}
																		}
																	}
																}
															}
														}
													}
												}
											}
										}
									}
								}
							}
						}
					}
				}
			}
		},
		"6": {
			"expression": {
				"right": {
					"body": {
						"body": {
							"5": {
								"alternate": {
									"test": {
										"argument": {
											"argument": {
												"arguments": {
													"0": {
														"type": "Literal",
														"value": {},
														"raw": "/^function.*\\(.*\\)/",
														"regex": {
															"pattern": "^function.*\\(.*\\)",
															"flags": ""
														}
													}
												}
											}
										}
									}
								}
							}
						}
					}
				}
			}
		}
	}
}