{
	"body": {
		"3": {
			"declarations": {
				"0": {
					"init": {
						"body": {
							"body": {
								"0": {
									"consequent": {
										"body": {
											"0": {
												"expression": {
													"right": {
														"properties": {
															"7": {
																"value": {
																	"body": {
																		"body": {
																			"0": {
																				"consequent": {
																					"body": {
																						"0": {
																							"type": "ReturnStatement",
																							"argument": {
																								"type": "BinaryExpression",
																								"operator": "+",
																								"left": {
																									"type": "Identifier",
																									"name": "num"
																								},
																								"right": {
																									"type": "Literal",
																									"value": "ns",
																									"raw": "'ns'"
																								}
																							}
																						}
																					}
																				}
																			}
																		}
																	}
																}
															}
														}
													}
												}
											}
										}
									}
								}
							}
						}
					}
				}
			}
		}
	}
}