{
	"body": {
		"3": {
			"declarations": {
				"0": {
					"init": {
						"body": {
							"body": {
								"0": {
									"consequent": {
										"body": {
											"0": {
												"expression": {
													"right": {
														"properties": {
															"1": {
																"value": {
																	"body": {
																		"body": {
																			"0": {
																				"consequent": {
																					"body": {
																						"0": {
																							"expression": {
																								"arguments": {
																									"0": {
																										"type": "FunctionExpression",
																										"id": null,
																										"params": [
																											{
																												"type": "Identifier",
																												"name": "a"
																											},
																											{
																												"type": "Identifier",
																												"name": "b"
																											}
																										],
																										"body": {
																											"type": "BlockStatement",
																											"body": [
																												{
																													"type": "ReturnStatement",
																													"argument": {
																														"type": "LogicalExpression",
																														"operator": "||",
																														"left": {
																															"type": "LogicalExpression",
																															"operator": "&&",
																															"left": {
																																"type": "LogicalExpression",
																																"operator": "&&",
																																"left": {
																																	"type": "Identifier",
																																	"name": "a"
																																},
																																"right": {
																																	"type": "Identifier",
																																	"name": "b"
																																}
																															},
																															"right": {
																																"type": "BinaryExpression",
																																"operator": "-",
																																"left": {
																																	"type": "CallExpression",
																																	"callee": {
																																		"type": "MemberExpression",
																																		"computed": false,
																																		"object": {
																																			"type": "Identifier",
																																			"name": "a"
																																		},
																																		"property": {
																																			"type": "Identifier",
																																			"name": "getDiff"
																																		}
																																	},
																																	"arguments": []
																																},
																																"right": {
																																	"type": "CallExpression",
																																	"callee": {
																																		"type": "MemberExpression",
																																		"computed": false,
																																		"object": {
																																			"type": "Identifier",
																																			"name": "b"
																																		},
																																		"property": {
																																			"type": "Identifier",
																																			"name": "getDiff"
																																		}
																																	},
																																	"arguments": []
																																}
																															}
																														},
																														"right": {
																															"type": "Literal",
																															"value": 0,
																															"raw": "0"
																														}
																													}
																												}
																											]
																										},
																										"generator": false,
																										"expression": false,
																										"async": false
																									}
																								}
																							}
																						}
																					}
																				}
																			}
																		}
																	}
																}
															}
														}
													}
												}
											}
										}
									}
								}
							}
						}
					}
				}
			}
		},
		"4": {
			"body": {
				"body": {
					"3": {
						"argument": {
							"type": "LogicalExpression",
							"operator": "&&",
							"left": {
								"type": "BinaryExpression",
								"operator": "===",
								"left": {
									"type": "Literal",
									"value": "function",
									"raw": "'function'"
								},
								"right": {
									"type": "UnaryExpression",
									"operator": "typeof",
									"argument": {
										"type": "MemberExpression",
										"computed": false,
										"object": {
											"type": "MemberExpression",
											"computed": false,
											"object": {
												"type": "Identifier",
												"name": "constructor"
											},
											"property": {
												"type": "Identifier",
												"name": "prototype"
											}
										},
										"property": {
											"type": "Identifier",
											"name": "next"
										}
									},
									"prefix": true
								}
							},
							"right": {
								"type": "BinaryExpression",
								"operator": "===",
								"left": {
									"type": "Literal",
									"value": "function",
									"raw": "'function'"
								},
								"right": {
									"type": "UnaryExpression",
									"operator": "typeof",
									"argument": {
										"type": "MemberExpression",
										"computed": false,
										"object": {
											"type": "MemberExpression",
											"computed": false,
											"object": {
												"type": "Identifier",
												"name": "constructor"
											},
											"property": {
												"type": "Identifier",
												"name": "prototype"
											}
										},
										"property": {
											"type": "Identifier",
											"name": "throw"
										}
									},
									"prefix": true
								}
							}
						}
					}
				}
			}
		}
	}
}