{
	"body": {
		"3": {
			"declarations": {
				"0": {
					"init": {
						"body": {
							"body": {
								"0": {
									"consequent": {
										"body": {
											"0": {
												"expression": {
													"right": {
														"properties": {
															"7": {
																"value": {
																	"body": {
																		"body": {
																			"0": {
																				"alternate": {
																					"consequent": {
																						"body": {
																							"0": {
																								"argument": {
																									"type": "BinaryExpression",
																									"operator": "+",
																									"left": {
																										"type": "BinaryExpression",
																										"operator": "/",
																										"left": {
																											"type": "Identifier",
																											"name": "num"
																										},
																										"right": {
																											"type": "Literal",
																											"value": 1000,
																											"raw": "1000"
																										}
																									},
																									"right": {
																										"type": "Literal",
																										"value": "us",
																										"raw": "'us'"
																									}
																								}
																							}
																						}
																					},
																					"alternate": {
																						"type": "IfStatement",
																						"test": {
																							"type": "LogicalExpression",
																							"operator": "&&",
																							"left": {
																								"type": "BinaryExpression",
																								"operator": ">=",
																								"left": {
																									"type": "Identifier",
																									"name": "num"
																								},
																								"right": {
																									"type": "Literal",
																									"value": 1000000,
																									"raw": "1000000"
																								}
																							},
																							"right": {
																								"type": "BinaryExpression",
																								"operator": "<",
																								"left": {
																									"type": "Identifier",
																									"name": "num"
																								},
																								"right": {
																									"type": "Literal",
																									"value": 1000000000,
																									"raw": "1000000000"
																								}
																							}
																						},
																						"consequent": {
																							"type": "BlockStatement",
																							"body": [
																								{
																									"type": "ReturnStatement",
																									"argument": {
																										"type": "BinaryExpression",
																										"operator": "+",
																										"left": {
																											"type": "BinaryExpression",
																											"operator": "/",
																											"left": {
																												"type": "Identifier",
																												"name": "num"
																											},
																											"right": {
																												"type": "Literal",
																												"value": 1000000,
																												"raw": "1000000"
																											}
																										},
																										"right": {
																											"type": "Literal",
																											"value": "ms",
																											"raw": "'ms'"
																										}
																									}
																								}
																							]
																						},
																						"alternate": {
																							"type": "IfStatement",
																							"test": {
																								"type": "BinaryExpression",
																								"operator": ">=",
																								"left": {
																									"type": "Identifier",
																									"name": "num"
																								},
																								"right": {
																									"type": "Literal",
																									"value": 1000000000,
																									"raw": "1000000000"
																								}
																							},
																							"consequent": {
																								"type": "BlockStatement",
																								"body": [
																									{
																										"type": "ReturnStatement",
																										"argument": {
																											"type": "BinaryExpression",
																											"operator": "+",
																											"left": {
																												"type": "BinaryExpression",
																												"operator": "/",
																												"left": {
																													"type": "Identifier",
																													"name": "num"
																												},
																												"right": {
																													"type": "Literal",
																													"value": 1000000000,
																													"raw": "1000000000"
																												}
																											},
																											"right": {
																												"type": "Literal",
																												"value": "s",
																												"raw": "'s'"
																											}
																										}
																									}
																								]
																							},
																							"alternate": null
																						}
																					}
																				}
																			}
																		}
																	}
																}
															}
														}
													}
												}
											}
										}
									}
								}
							}
						}
					}
				}
			}
		}
	}
}