{
	"body": {
		"3": {
			"declarations": {
				"0": {
					"init": {
						"body": {
							"body": {
								"0": {
									"consequent": {
										"body": {
											"0": {
												"expression": {
													"right": {
														"properties": {
															"4": {
																"value": {
																	"body": {
																		"body": {
																			"1": {
																				"type": "ExpressionStatement",
																				"expression": {
																					"type": "CallExpression",
																					"callee": {
																						"type": "MemberExpression",
																						"computed": false,
																						"object": {
																							"type": "MemberExpression",
																							"computed": false,
																							"object": {
																								"type": "ThisExpression"
																							},
																							"property": {
																								"type": "Identifier",
																								"name": "ticks"
																							}
																						},
																						"property": {
																							"type": "Identifier",
																							"name": "forEach"
																						}
																					},
																					"arguments": [
																						{
																							"type": "FunctionExpression",
																							"id": null,
																							"params": [
																								{
																									"type": "Identifier",
																									"name": "tick"
																								}
																							],
																							"body": {
																								"type": "BlockStatement",
																								"body": [
																									{
																										"type": "IfStatement",
																										"test": {
																											"type": "BinaryExpression",
																											"operator": "<",
																											"left": {
																												"type": "CallExpression",
																												"callee": {
																													"type": "MemberExpression",
																													"computed": false,
																													"object": {
																														"type": "Identifier",
																														"name": "tick"
																													},
																													"property": {
																														"type": "Identifier",
																														"name": "getDiff"
																													}
																												},
																												"arguments": []
																											},
																											"right": {
																												"type": "Identifier",
																												"name": "min"
																											}
																										},
																										"consequent": {
																											"type": "BlockStatement",
																											"body": [
																												{
																													"type": "ExpressionStatement",
																													"expression": {
																														"type": "AssignmentExpression",
																														"operator": "=",
																														"left": {
																															"type": "Identifier",
																															"name": "min"
																														},
																														"right": {
																															"type": "CallExpression",
																															"callee": {
																																"type": "MemberExpression",
																																"computed": false,
																																"object": {
																																	"type": "Identifier",
																																	"name": "tick"
																																},
																																"property": {
																																	"type": "Identifier",
																																	"name": "getDiff"
																																}
																															},
																															"arguments": []
																														}
																													}
																												}
																											]
																										},
																										"alternate": null
																									}
																								]
																							},
																							"generator": false,
																							"expression": false,
																							"async": false
																						}
																					]
																				}
																			},
																			"2": {
																				"type": "ReturnStatement",
																				"argument": {
																					"type": "Identifier",
																					"name": "min"
																				}
																			}
																		}
																	}
																}
															},
															"7": {
																"value": {
																	"body": {
																		"body": {
																			"0": {
																				"alternate": {
																					"alternate": {
																						"type": "IfStatement",
																						"test": {
																							"type": "LogicalExpression",
																							"operator": "&&",
																							"left": {
																								"type": "BinaryExpression",
																								"operator": ">=",
																								"left": {
																									"type": "Identifier",
																									"name": "num"
																								},
																								"right": {
																									"type": "Literal",
																									"value": 1000000,
																									"raw": "1000000"
																								}
																							},
																							"right": {
																								"type": "BinaryExpression",
																								"operator": "<",
																								"left": {
																									"type": "Identifier",
																									"name": "num"
																								},
																								"right": {
																									"type": "Literal",
																									"value": 1000000000,
																									"raw": "1000000000"
																								}
																							}
																						},
																						"consequent": {
																							"type": "BlockStatement",
																							"body": [
																								{
																									"type": "ReturnStatement",
																									"argument": {
																										"type": "BinaryExpression",
																										"operator": "+",
																										"left": {
																											"type": "BinaryExpression",
																											"operator": "/",
																											"left": {
																												"type": "Identifier",
																												"name": "num"
																											},
																											"right": {
																												"type": "Literal",
																												"value": 1000000,
																												"raw": "1000000"
																											}
																										},
																										"right": {
																											"type": "Literal",
																											"value": "ms",
																											"raw": "'ms'"
																										}
																									}
																								}
																							]
																						},
																						"alternate": {
																							"type": "IfStatement",
																							"test": {
																								"type": "BinaryExpression",
																								"operator": ">=",
																								"left": {
																									"type": "Identifier",
																									"name": "num"
																								},
																								"right": {
																									"type": "Literal",
																									"value": 1000000000,
																									"raw": "1000000000"
																								}
																							},
																							"consequent": {
																								"type": "BlockStatement",
																								"body": [
																									{
																										"type": "ReturnStatement",
																										"argument": {
																											"type": "BinaryExpression",
																											"operator": "+",
																											"left": {
																												"type": "BinaryExpression",
																												"operator": "/",
																												"left": {
																													"type": "Identifier",
																													"name": "num"
																												},
																												"right": {
																													"type": "Literal",
																													"value": 1000000000,
																													"raw": "1000000000"
																												}
																											},
																											"right": {
																												"type": "Literal",
																												"value": "s",
																												"raw": "'s'"
																											}
																										}
																									}
																								]
																							},
																							"alternate": null
																						}
																					}
																				}
																			}
																		}
																	}
																}
															}
														}
													}
												}
											}
										}
									}
								}
							}
						}
					}
				}
			}
		}
	}
}