{
	"body": {
		"3": {
			"declarations": {
				"0": {
					"init": {
						"body": {
							"body": {
								"0": {
									"consequent": {
										"body": {
											"0": {
												"expression": {
													"right": {
														"properties": {
															"7": {
																"value": {
																	"body": {
																		"body": {
																			"0": {
																				"consequent": {
																					"body": {
																						"0": {
																							"argument": {
																								"type": "BinaryExpression",
																								"operator": "+",
																								"left": {
																									"type": "Identifier",
																									"name": "num"
																								},
																								"right": {
																									"type": "Literal",
																									"value": "ns",
																									"raw": "'ns'"
																								}
																							}
																						}
																					}
																				}
																			}
																		}
																	}
																}
															}
														}
													}
												}
											}
										}
									}
								}
							}
						}
					}
				}
			}
		},
		"6": {
			"expression": {
				"right": {
					"body": {
						"body": {
							"5": {
								"alternate": {
									"alternate": {
										"body": {
											"1": {
												"type": "ExpressionStatement",
												"expression": {
													"type": "CallExpression",
													"callee": {
														"type": "MemberExpression",
														"computed": false,
														"object": {
															"type": "Identifier",
															"name": "tick"
														},
														"property": {
															"type": "Identifier",
															"name": "stop"
														}
													},
													"arguments": []
												}
											}
										}
									}
								}
							}
						}
					}
				}
			}
		}
	}
}