{
	"body": {
		"3": {
			"declarations": {
				"0": {
					"init": {
						"body": {
							"body": {
								"0": {
									"consequent": {
										"body": {
											"0": {
												"expression": {
													"right": {
														"properties": {
															"1": {
																"value": {
																	"body": {
																		"body": {
																			"0": {
																				"consequent": {
																					"body": {
																						"0": {
																							"expression": {
																								"arguments": {
																									"0": {
																										"body": {
																											"body": {
																												"0": {
																													"type": "ReturnStatement",
																													"argument": {
																														"type": "LogicalExpression",
																														"operator": "||",
																														"left": {
																															"type": "LogicalExpression",
																															"operator": "&&",
																															"left": {
																																"type": "LogicalExpression",
																																"operator": "&&",
																																"left": {
																																	"type": "Identifier",
																																	"name": "a"
																																},
																																"right": {
																																	"type": "Identifier",
																																	"name": "b"
																																}
																															},
																															"right": {
																																"type": "BinaryExpression",
																																"operator": "-",
																																"left": {
																																	"type": "CallExpression",
																																	"callee": {
																																		"type": "MemberExpression",
																																		"computed": false,
																																		"object": {
																																			"type": "Identifier",
																																			"name": "a"
																																		},
																																		"property": {
																																			"type": "Identifier",
																																			"name": "getDiff"
																																		}
																																	},
																																	"arguments": []
																																},
																																"right": {
																																	"type": "CallExpression",
																																	"callee": {
																																		"type": "MemberExpression",
																																		"computed": false,
																																		"object": {
																																			"type": "Identifier",
																																			"name": "b"
																																		},
																																		"property": {
																																			"type": "Identifier",
																																			"name": "getDiff"
																																		}
																																	},
																																	"arguments": []
																																}
																															}
																														},
																														"right": {
																															"type": "Literal",
																															"value": 0,
																															"raw": "0"
																														}
																													}
																												}
																											}
																										}
																									}
																								}
																							}
																						}
																					}
																				}
																			}
																		}
																	}
																}
															}
														}
													}
												}
											}
										}
									}
								}
							}
						}
					}
				}
			}
		}
	}
}