{
	"body": {
		"3": {
			"declarations": {
				"0": {
					"init": {
						"body": {
							"body": {
								"0": {
									"consequent": {
										"body": {
											"0": {
												"expression": {
													"right": {
														"properties": {
															"7": {
																"value": {
																	"body": {
																		"body": {
																			"0": {
																				"alternate": {
																					"alternate": {
																						"consequent": {
																							"body": {
																								"0": {
																									"type": "ReturnStatement",
																									"argument": {
																										"type": "BinaryExpression",
																										"operator": "+",
																										"left": {
																											"type": "BinaryExpression",
																											"operator": "/",
																											"left": {
																												"type": "Identifier",
																												"name": "num"
																											},
																											"right": {
																												"type": "Literal",
																												"value": 1000000,
																												"raw": "1000000"
																											}
																										},
																										"right": {
																											"type": "Literal",
																											"value": "ms",
																											"raw": "'ms'"
																										}
																									}
																								}
																							}
																						}
																					}
																				}
																			}
																		}
																	}
																}
															}
														}
													}
												}
											}
										}
									}
								}
							}
						}
					}
				}
			}
		},
		"5": {
			"body": {
				"body": {
					"1": {
						"type": "ReturnStatement",
						"argument": {
							"type": "ThisExpression"
						}
					}
				}
			}
		}
	}
}