{
	"body": {
		"3": {
			"declarations": {
				"0": {
					"init": {
						"body": {
							"body": {
								"0": {
									"consequent": {
										"body": {
											"0": {
												"expression": {
													"right": {
														"properties": {
															"4": {
																"value": {
																	"body": {
																		"body": {
																			"1": {
																				"expression": {
																					"arguments": {
																						"0": {
																							"body": {
																								"body": {
																									"0": {
																										"type": "IfStatement",
																										"test": {
																											"type": "BinaryExpression",
																											"operator": "<",
																											"left": {
																												"type": "CallExpression",
																												"callee": {
																													"type": "MemberExpression",
																													"computed": false,
																													"object": {
																														"type": "Identifier",
																														"name": "tick"
																													},
																													"property": {
																														"type": "Identifier",
																														"name": "getDiff"
																													}
																												},
																												"arguments": []
																											},
																											"right": {
																												"type": "Identifier",
																												"name": "min"
																											}
																										},
																										"consequent": {
																											"type": "BlockStatement",
																											"body": [
																												{
																													"type": "ExpressionStatement",
																													"expression": {
																														"type": "AssignmentExpression",
																														"operator": "=",
																														"left": {
																															"type": "Identifier",
																															"name": "min"
																														},
																														"right": {
																															"type": "CallExpression",
																															"callee": {
																																"type": "MemberExpression",
																																"computed": false,
																																"object": {
																																	"type": "Identifier",
																																	"name": "tick"
																																},
																																"property": {
																																	"type": "Identifier",
																																	"name": "getDiff"
																																}
																															},
																															"arguments": []
																														}
																													}
																												}
																											]
																										},
																										"alternate": null
																									}
																								}
																							}
																						}
																					}
																				}
																			}
																		}
																	}
																}
															},
															"7": {
																"value": {
																	"body": {
																		"body": {
																			"0": {
																				"alternate": {
																					"alternate": {
																						"alternate": {
																							"consequent": {
																								"body": {
																									"0": {
																										"type": "ReturnStatement",
																										"argument": {
																											"type": "BinaryExpression",
																											"operator": "+",
																											"left": {
																												"type": "BinaryExpression",
																												"operator": "/",
																												"left": {
																													"type": "Identifier",
																													"name": "num"
																												},
																												"right": {
																													"type": "Literal",
																													"value": 1000000000,
																													"raw": "1000000000"
																												}
																											},
																											"right": {
																												"type": "Literal",
																												"value": "s",
																												"raw": "'s'"
																											}
																										}
																									}
																								}
																							}
																						}
																					}
																				}
																			}
																		}
																	}
																}
															}
														}
													}
												}
											}
										}
									}
								}
							}
						}
					}
				}
			}
		}
	}
}