{
	"body": {
		"5": {
			"body": {
				"body": {
					"1": {
						"argument": {
							"type": "ThisExpression"
						}
					}
				}
			}
		},
		"6": {
			"expression": {
				"right": {
					"body": {
						"body": {
							"5": {
								"alternate": {
									"test": {
										"argument": {
											"argument": {
												"arguments": {
													"0": {
														"type": "Literal",
														"value": {},
														"raw": "/^function.*\\(.*\\)/",
														"regex": {
															"pattern": "^function.*\\(.*\\)",
															"flags": ""
														}
													}
												}
											}
										}
									}
								}
							}
						}
					}
				}
			}
		}
	}
}