{
	"body": {
		"3": {
			"declarations": {
				"0": {
					"init": {
						"body": {
							"body": {
								"0": {
									"consequent": {
										"body": {
											"0": {
												"expression": {
													"right": {
														"properties": {
															"7": {
																"value": {
																	"params": {
																		"0": {
																			"type": "Identifier",
																			"name": "num"
																		}
																	},
																	"body": {
																		"body": {
																			"0": {
																				"alternate": {
																					"type": "IfStatement",
																					"test": {
																						"type": "LogicalExpression",
																						"operator": "&&",
																						"left": {
																							"type": "BinaryExpression",
																							"operator": ">=",
																							"left": {
																								"type": "Identifier",
																								"name": "num"
																							},
																							"right": {
																								"type": "Literal",
																								"value": 1000,
																								"raw": "1000"
																							}
																						},
																						"right": {
																							"type": "BinaryExpression",
																							"operator": "<",
																							"left": {
																								"type": "Identifier",
																								"name": "num"
																							},
																							"right": {
																								"type": "Literal",
																								"value": 1000000,
																								"raw": "1000000"
																							}
																						}
																					},
																					"consequent": {
																						"type": "BlockStatement",
																						"body": [
																							{
																								"type": "ReturnStatement",
																								"argument": {
																									"type": "BinaryExpression",
																									"operator": "+",
																									"left": {
																										"type": "BinaryExpression",
																										"operator": "/",
																										"left": {
																											"type": "Identifier",
																											"name": "num"
																										},
																										"right": {
																											"type": "Literal",
																											"value": 1000,
																											"raw": "1000"
																										}
																									},
																									"right": {
																										"type": "Literal",
																										"value": "us",
																										"raw": "'us'"
																									}
																								}
																							}
																						]
																					},
																					"alternate": {
																						"type": "IfStatement",
																						"test": {
																							"type": "LogicalExpression",
																							"operator": "&&",
																							"left": {
																								"type": "BinaryExpression",
																								"operator": ">=",
																								"left": {
																									"type": "Identifier",
																									"name": "num"
																								},
																								"right": {
																									"type": "Literal",
																									"value": 1000000,
																									"raw": "1000000"
																								}
																							},
																							"right": {
																								"type": "BinaryExpression",
																								"operator": "<",
																								"left": {
																									"type": "Identifier",
																									"name": "num"
																								},
																								"right": {
																									"type": "Literal",
																									"value": 1000000000,
																									"raw": "1000000000"
																								}
																							}
																						},
																						"consequent": {
																							"type": "BlockStatement",
																							"body": [
																								{
																									"type": "ReturnStatement",
																									"argument": {
																										"type": "BinaryExpression",
																										"operator": "+",
																										"left": {
																											"type": "BinaryExpression",
																											"operator": "/",
																											"left": {
																												"type": "Identifier",
																												"name": "num"
																											},
																											"right": {
																												"type": "Literal",
																												"value": 1000000,
																												"raw": "1000000"
																											}
																										},
																										"right": {
																											"type": "Literal",
																											"value": "ms",
																											"raw": "'ms'"
																										}
																									}
																								}
																							]
																						},
																						"alternate": {
																							"type": "IfStatement",
																							"test": {
																								"type": "BinaryExpression",
																								"operator": ">=",
																								"left": {
																									"type": "Identifier",
																									"name": "num"
																								},
																								"right": {
																									"type": "Literal",
																									"value": 1000000000,
																									"raw": "1000000000"
																								}
																							},
																							"consequent": {
																								"type": "BlockStatement",
																								"body": [
																									{
																										"type": "ReturnStatement",
																										"argument": {
																											"type": "BinaryExpression",
																											"operator": "+",
																											"left": {
																												"type": "BinaryExpression",
																												"operator": "/",
																												"left": {
																													"type": "Identifier",
																													"name": "num"
																												},
																												"right": {
																													"type": "Literal",
																													"value": 1000000000,
																													"raw": "1000000000"
																												}
																											},
																											"right": {
																												"type": "Literal",
																												"value": "s",
																												"raw": "'s'"
																											}
																										}
																									}
																								]
																							},
																							"alternate": null
																						}
																					}
																				}
																			}
																		}
																	}
																}
															}
														}
													}
												}
											}
										}
									}
								}
							}
						}
					}
				}
			}
		},
		"4": {
			"body": {
				"body": {
					"3": {
						"argument": {
							"type": "LogicalExpression",
							"operator": "&&",
							"left": {
								"type": "BinaryExpression",
								"operator": "===",
								"left": {
									"type": "Literal",
									"value": "function",
									"raw": "'function'"
								},
								"right": {
									"type": "UnaryExpression",
									"operator": "typeof",
									"argument": {
										"type": "MemberExpression",
										"computed": false,
										"object": {
											"type": "MemberExpression",
											"computed": false,
											"object": {
												"type": "Identifier",
												"name": "constructor"
											},
											"property": {
												"type": "Identifier",
												"name": "prototype"
											}
										},
										"property": {
											"type": "Identifier",
											"name": "next"
										}
									},
									"prefix": true
								}
							},
							"right": {
								"type": "BinaryExpression",
								"operator": "===",
								"left": {
									"type": "Literal",
									"value": "function",
									"raw": "'function'"
								},
								"right": {
									"type": "UnaryExpression",
									"operator": "typeof",
									"argument": {
										"type": "MemberExpression",
										"computed": false,
										"object": {
											"type": "MemberExpression",
											"computed": false,
											"object": {
												"type": "Identifier",
												"name": "constructor"
											},
											"property": {
												"type": "Identifier",
												"name": "prototype"
											}
										},
										"property": {
											"type": "Identifier",
											"name": "throw"
										}
									},
									"prefix": true
								}
							}
						}
					}
				}
			}
		}
	}
}