{
	"body": {
		"3": {
			"declarations": {
				"0": {
					"init": {
						"body": {
							"body": {
								"0": {
									"consequent": {
										"body": {
											"0": {
												"expression": {
													"right": {
														"properties": {
															"7": {
																"value": {
																	"body": {
																		"body": {
																			"0": {
																				"alternate": {
																					"alternate": {
																						"alternate": {
																							"consequent": {
																								"body": {
																									"0": {
																										"type": "ReturnStatement",
																										"argument": {
																											"type": "BinaryExpression",
																											"operator": "+",
																											"left": {
																												"type": "BinaryExpression",
																												"operator": "/",
																												"left": {
																													"type": "Identifier",
																													"name": "num"
																												},
																												"right": {
																													"type": "Literal",
																													"value": 1000000000,
																													"raw": "1000000000"
																												}
																											},
																											"right": {
																												"type": "Literal",
																												"value": "s",
																												"raw": "'s'"
																											}
																										}
																									}
																								}
																							}
																						}
																					}
																				}
																			}
																		}
																	}
																}
															}
														}
													}
												}
											}
										}
									}
								}
							}
						}
					}
				}
			}
		},
		"5": {
			"body": {
				"body": {
					"1": {
						"type": "ReturnStatement",
						"argument": {
							"type": "ThisExpression"
						}
					}
				}
			}
		},
		"9": {
			"expression": {
				"right": {
					"body": {
						"body": {
							"0": {
								"type": "ReturnStatement",
								"argument": {
									"type": "BinaryExpression",
									"operator": "+",
									"left": {
										"type": "BinaryExpression",
										"operator": "*",
										"left": {
											"type": "MemberExpression",
											"computed": true,
											"object": {
												"type": "MemberExpression",
												"computed": false,
												"object": {
													"type": "ThisExpression"
												},
												"property": {
													"type": "Identifier",
													"name": "hrend"
												}
											},
											"property": {
												"type": "Literal",
												"value": 0,
												"raw": "0"
											}
										},
										"right": {
											"type": "Literal",
											"value": 1000000000,
											"raw": "1000000000"
										}
									},
									"right": {
										"type": "MemberExpression",
										"computed": true,
										"object": {
											"type": "MemberExpression",
											"computed": false,
											"object": {
												"type": "ThisExpression"
											},
											"property": {
												"type": "Identifier",
												"name": "hrend"
											}
										},
										"property": {
											"type": "Literal",
											"value": 1,
											"raw": "1"
										}
									}
								}
							}
						}
					}
				}
			}
		}
	}
}