{
	"body": {
		"3": {
			"declarations": {
				"0": {
					"init": {
						"body": {
							"body": {
								"0": {
									"consequent": {
										"body": {
											"0": {
												"expression": {
													"right": {
														"properties": {
															"7": {
																"value": {
																	"body": {
																		"body": {
																			"0": {
																				"alternate": {
																					"alternate": {
																						"consequent": {
																							"body": {
																								"0": {
																									"argument": {
																										"type": "BinaryExpression",
																										"operator": "+",
																										"left": {
																											"type": "BinaryExpression",
																											"operator": "/",
																											"left": {
																												"type": "Identifier",
																												"name": "num"
																											},
																											"right": {
																												"type": "Literal",
																												"value": 1000000,
																												"raw": "1000000"
																											}
																										},
																										"right": {
																											"type": "Literal",
																											"value": "ms",
																											"raw": "'ms'"
																										}
																									}
																								}
																							}
																						}
																					}
																				}
																			}
																		}
																	}
																}
															}
														}
													}
												}
											}
										}
									}
								}
							}
						}
					}
				}
			}
		},
		"6": {
			"expression": {
				"right": {
					"body": {
						"body": {
							"5": {
								"alternate": {
									"alternate": {
										"type": "BlockStatement",
										"body": [
											{
												"type": "ExpressionStatement",
												"expression": {
													"type": "CallExpression",
													"callee": {
														"type": "Identifier",
														"name": "callback"
													},
													"arguments": []
												}
											},
											{
												"type": "ExpressionStatement",
												"expression": {
													"type": "CallExpression",
													"callee": {
														"type": "MemberExpression",
														"computed": false,
														"object": {
															"type": "Identifier",
															"name": "tick"
														},
														"property": {
															"type": "Identifier",
															"name": "stop"
														}
													},
													"arguments": []
												}
											}
										]
									}
								}
							}
						}
					}
				}
			}
		}
	}
}