{
	"body": {
		"3": {
			"declarations": {
				"0": {
					"init": {
						"body": {
							"body": {
								"0": {
									"consequent": {
										"body": {
											"0": {
												"expression": {
													"right": {
														"properties": {
															"4": {
																"value": {
																	"body": {
																		"body": {
																			"1": {
																				"type": "ExpressionStatement",
																				"expression": {
																					"type": "CallExpression",
																					"callee": {
																						"type": "MemberExpression",
																						"computed": false,
																						"object": {
																							"type": "MemberExpression",
																							"computed": false,
																							"object": {
																								"type": "ThisExpression"
																							},
																							"property": {
																								"type": "Identifier",
																								"name": "ticks"
																							}
																						},
																						"property": {
																							"type": "Identifier",
																							"name": "forEach"
																						}
																					},
																					"arguments": [
																						{
																							"type": "FunctionExpression",
																							"id": null,
																							"params": [
																								{
																									"type": "Identifier",
																									"name": "tick"
																								}
																							],
																							"body": {
																								"type": "BlockStatement",
																								"body": [
																									{
																										"type": "IfStatement",
																										"test": {
																											"type": "BinaryExpression",
																											"operator": "<",
																											"left": {
																												"type": "CallExpression",
																												"callee": {
																													"type": "MemberExpression",
																													"computed": false,
																													"object": {
																														"type": "Identifier",
																														"name": "tick"
																													},
																													"property": {
																														"type": "Identifier",
																														"name": "getDiff"
																													}
																												},
																												"arguments": []
																											},
																											"right": {
																												"type": "Identifier",
																												"name": "min"
																											}
																										},
																										"consequent": {
																											"type": "BlockStatement",
																											"body": [
																												{
																													"type": "ExpressionStatement",
																													"expression": {
																														"type": "AssignmentExpression",
																														"operator": "=",
																														"left": {
																															"type": "Identifier",
																															"name": "min"
																														},
																														"right": {
																															"type": "CallExpression",
																															"callee": {
																																"type": "MemberExpression",
																																"computed": false,
																																"object": {
																																	"type": "Identifier",
																																	"name": "tick"
																																},
																																"property": {
																																	"type": "Identifier",
																																	"name": "getDiff"
																																}
																															},
																															"arguments": []
																														}
																													}
																												}
																											]
																										},
																										"alternate": null
																									}
																								]
																							},
																							"generator": false,
																							"expression": false,
																							"async": false
																						}
																					]
																				}
																			},
																			"2": {
																				"type": "ReturnStatement",
																				"argument": {
																					"type": "Identifier",
																					"name": "min"
																				}
																			}
																		}
																	}
																}
															}
														}
													}
												}
											}
										}
									}
								}
							}
						}
					}
				}
			}
		},
		"4": {
			"body": {
				"body": {
					"3": {
						"type": "ReturnStatement",
						"argument": {
							"type": "LogicalExpression",
							"operator": "&&",
							"left": {
								"type": "BinaryExpression",
								"operator": "===",
								"left": {
									"type": "Literal",
									"value": "function",
									"raw": "'function'"
								},
								"right": {
									"type": "UnaryExpression",
									"operator": "typeof",
									"argument": {
										"type": "MemberExpression",
										"computed": false,
										"object": {
											"type": "MemberExpression",
											"computed": false,
											"object": {
												"type": "Identifier",
												"name": "constructor"
											},
											"property": {
												"type": "Identifier",
												"name": "prototype"
											}
										},
										"property": {
											"type": "Identifier",
											"name": "next"
										}
									},
									"prefix": true
								}
							},
							"right": {
								"type": "BinaryExpression",
								"operator": "===",
								"left": {
									"type": "Literal",
									"value": "function",
									"raw": "'function'"
								},
								"right": {
									"type": "UnaryExpression",
									"operator": "typeof",
									"argument": {
										"type": "MemberExpression",
										"computed": false,
										"object": {
											"type": "MemberExpression",
											"computed": false,
											"object": {
												"type": "Identifier",
												"name": "constructor"
											},
											"property": {
												"type": "Identifier",
												"name": "prototype"
											}
										},
										"property": {
											"type": "Identifier",
											"name": "throw"
										}
									},
									"prefix": true
								}
							}
						}
					}
				}
			}
		}
	}
}