{
	"body": {
		"4": {
			"body": {
				"body": {
					"1": {
						"consequent": {
							"body": {
								"0": {
									"argument": {
										"type": "Literal",
										"value": false,
										"raw": "false"
									}
								}
							}
						}
					}
				}
			}
		},
		"6": {
			"expression": {
				"right": {
					"body": {
						"body": {
							"5": {
								"alternate": {
									"alternate": {
										"type": "BlockStatement",
										"body": [
											{
												"type": "ExpressionStatement",
												"expression": {
													"type": "CallExpression",
													"callee": {
														"type": "Identifier",
														"name": "callback"
													},
													"arguments": []
												}
											},
											{
												"type": "ExpressionStatement",
												"expression": {
													"type": "CallExpression",
													"callee": {
														"type": "MemberExpression",
														"computed": false,
														"object": {
															"type": "Identifier",
															"name": "tick"
														},
														"property": {
															"type": "Identifier",
															"name": "stop"
														}
													},
													"arguments": []
												}
											}
										]
									}
								}
							}
						}
					}
				}
			}
		}
	}
}