{
	"body": {
		"3": {
			"declarations": {
				"0": {
					"init": {
						"body": {
							"body": {
								"0": {
									"consequent": {
										"body": {
											"0": {
												"expression": {
													"right": {
														"properties": {
															"7": {
																"value": {
																	"body": {
																		"body": {
																			"0": {
																				"alternate": {
																					"consequent": {
																						"body": {
																							"0": {
																								"type": "ReturnStatement",
																								"argument": {
																									"type": "BinaryExpression",
																									"operator": "+",
																									"left": {
																										"type": "BinaryExpression",
																										"operator": "/",
																										"left": {
																											"type": "Identifier",
																											"name": "num"
																										},
																										"right": {
																											"type": "Literal",
																											"value": 1000,
																											"raw": "1000"
																										}
																									},
																									"right": {
																										"type": "Literal",
																										"value": "us",
																										"raw": "'us'"
																									}
																								}
																							}
																						}
																					},
																					"alternate": {
																						"consequent": {
																							"body": {
																								"0": {
																									"type": "ReturnStatement",
																									"argument": {
																										"type": "BinaryExpression",
																										"operator": "+",
																										"left": {
																											"type": "BinaryExpression",
																											"operator": "/",
																											"left": {
																												"type": "Identifier",
																												"name": "num"
																											},
																											"right": {
																												"type": "Literal",
																												"value": 1000000,
																												"raw": "1000000"
																											}
																										},
																										"right": {
																											"type": "Literal",
																											"value": "ms",
																											"raw": "'ms'"
																										}
																									}
																								}
																							}
																						}
																					}
																				}
																			}
																		}
																	}
																}
															}
														}
													}
												}
											}
										}
									}
								}
							}
						}
					}
				}
			}
		},
		"4": {
			"body": {
				"body": {
					"1": {
						"test": {
							"type": "UnaryExpression",
							"operator": "!",
							"argument": {
								"type": "Identifier",
								"name": "constructor"
							}
						},
						"consequent": {
							"body": {
								"0": {
									"argument": {
										"value": false,
										"raw": "false"
									}
								}
							}
						}
					},
					"2": {
						"type": "IfStatement",
						"test": {
							"type": "LogicalExpression",
							"operator": "||",
							"left": {
								"type": "BinaryExpression",
								"operator": "===",
								"left": {
									"type": "Literal",
									"value": "GeneratorFunction",
									"raw": "'GeneratorFunction'"
								},
								"right": {
									"type": "MemberExpression",
									"computed": false,
									"object": {
										"type": "Identifier",
										"name": "constructor"
									},
									"property": {
										"type": "Identifier",
										"name": "name"
									}
								}
							},
							"right": {
								"type": "BinaryExpression",
								"operator": "===",
								"left": {
									"type": "Literal",
									"value": "GeneratorFunction",
									"raw": "'GeneratorFunction'"
								},
								"right": {
									"type": "MemberExpression",
									"computed": false,
									"object": {
										"type": "Identifier",
										"name": "constructor"
									},
									"property": {
										"type": "Identifier",
										"name": "displayName"
									}
								}
							}
						},
						"consequent": {
							"type": "BlockStatement",
							"body": [
								{
									"type": "ReturnStatement",
									"argument": {
										"type": "Literal",
										"value": true,
										"raw": "true"
									}
								}
							]
						}
					},
					"3": {
						"type": "ReturnStatement",
						"argument": {
							"type": "LogicalExpression",
							"operator": "&&",
							"left": {
								"type": "BinaryExpression",
								"operator": "===",
								"left": {
									"type": "Literal",
									"value": "function",
									"raw": "'function'"
								},
								"right": {
									"type": "UnaryExpression",
									"operator": "typeof",
									"argument": {
										"type": "MemberExpression",
										"computed": false,
										"object": {
											"type": "MemberExpression",
											"computed": false,
											"object": {
												"type": "Identifier",
												"name": "constructor"
											},
											"property": {
												"type": "Identifier",
												"name": "prototype"
											}
										},
										"property": {
											"type": "Identifier",
											"name": "next"
										}
									},
									"prefix": true
								}
							},
							"right": {
								"type": "BinaryExpression",
								"operator": "===",
								"left": {
									"type": "Literal",
									"value": "function",
									"raw": "'function'"
								},
								"right": {
									"type": "UnaryExpression",
									"operator": "typeof",
									"argument": {
										"type": "MemberExpression",
										"computed": false,
										"object": {
											"type": "MemberExpression",
											"computed": false,
											"object": {
												"type": "Identifier",
												"name": "constructor"
											},
											"property": {
												"type": "Identifier",
												"name": "prototype"
											}
										},
										"property": {
											"type": "Identifier",
											"name": "throw"
										}
									},
									"prefix": true
								}
							}
						}
					}
				}
			}
		}
	}
}