counter;index;instructionType;totalChars;OperationType 
0;0;original;1722 
1;0;IfStatement;1685;m 
1;6;ObjectExpression;1500;m 
1;0;ExpressionStatement;1416;c 
2;0;ReturnStatement;1417;c 
2;0;IfStatement;1379;c 
2;0;IfStatement;1308;c 
3;0;Literal;1309;c 
3;0;Property;1282;c 
3;0;ObjectExpression;1212;c 
4;0;ExpressionStatement;1199;m 
15;7;ReturnStatement;1171;m 
25;13;ExpressionStatement;1143;m 
27;0;ExpressionStatement;1086;c 
36;4;IfStatement;1041;m 
43;2;ObjectExpression;975;m 
45;36;Property;968;m 
51;1;FunctionDeclaration;946;m 
70;9;VariableDeclaration;916;m 
71;0;FunctionDeclaration;894;c 
74;6;VariableDeclaration;894;m 
77;0;ReturnStatement;867;c 
