{
	"body": {
		"33": {
			"expression": {
				"right": {
					"body": {
						"body": {
							"9": {
								"consequent": {
									"body": {
										"1": {
											"expression": {
												"arguments": {
													"0": {
														"arguments": {
															"0": {
																"body": {
																	"body": {
																		"1": {
																			"test": {
																				"type": "BinaryExpression",
																				"left": {
																					"type": "CallExpression",
																					"callee": {
																						"type": "MemberExpression",
																						"computed": false,
																						"object": {
																							"type": "MemberExpression",
																							"computed": false,
																							"object": {
																								"type": "Identifier",
																								"name": "self"
																							},
																							"property": {
																								"type": "Identifier",
																								"name": "_external"
																							}
																						},
																						"property": {
																							"type": "Identifier",
																							"name": "indexOf"
																						}
																					},
																					"arguments": [
																						{
																							"type": "MemberExpression",
																							"computed": false,
																							"object": {
																								"type": "Identifier",
																								"name": "row"
																							},
																							"property": {
																								"type": "Identifier",
																								"name": "file"
																							}
																						}
																					]
																				},
																				"right": {
																					"type": "Literal",
																					"value": 0,
																					"raw": "0"
																				}
																			},
																			"consequent": {
																				"type": "ReturnStatement",
																				"argument": {
																					"type": "CallExpression",
																					"callee": {
																						"type": "Identifier",
																						"name": "next"
																					},
																					"arguments": []
																				}
																			}
																		},
																		"2": {
																			"type": "IfStatement",
																			"test": {
																				"type": "CallExpression",
																				"callee": {
																					"type": "Identifier",
																					"name": "isAbsolutePath"
																				},
																				"arguments": [
																					{
																						"type": "MemberExpression",
																						"computed": false,
																						"object": {
																							"type": "Identifier",
																							"name": "row"
																						},
																						"property": {
																							"type": "Identifier",
																							"name": "id"
																						}
																					}
																				]
																			},
																			"consequent": {
																				"type": "BlockStatement",
																				"body": [
																					{
																						"type": "ExpressionStatement",
																						"expression": {
																							"type": "AssignmentExpression",
																							"operator": "=",
																							"left": {
																								"type": "MemberExpression",
																								"computed": false,
																								"object": {
																									"type": "Identifier",
																									"name": "row"
																								},
																								"property": {
																									"type": "Identifier",
																									"name": "id"
																								}
																							},
																							"right": {
																								"type": "BinaryExpression",
																								"operator": "+",
																								"left": {
																									"type": "Literal",
																									"value": "/",
																									"raw": "'/'"
																								},
																								"right": {
																									"type": "CallExpression",
																									"callee": {
																										"type": "MemberExpression",
																										"computed": false,
																										"object": {
																											"type": "Identifier",
																											"name": "path"
																										},
																										"property": {
																											"type": "Identifier",
																											"name": "relative"
																										}
																									},
																									"arguments": [
																										{
																											"type": "Identifier",
																											"name": "basedir"
																										},
																										{
																											"type": "MemberExpression",
																											"computed": false,
																											"object": {
																												"type": "Identifier",
																												"name": "row"
																											},
																											"property": {
																												"type": "Identifier",
																												"name": "file"
																											}
																										}
																									]
																								}
																							}
																						}
																					}
																				]
																			}
																		},
																		"3": {
																			"expression": {
																				"callee": {
																					"object": {
																						"type": "CallExpression",
																						"callee": {
																							"type": "MemberExpression",
																							"computed": false,
																							"object": {
																								"type": "Identifier",
																								"name": "Object"
																							},
																							"property": {
																								"type": "Identifier",
																								"name": "keys"
																							}
																						},
																						"arguments": [
																							{
																								"type": "LogicalExpression",
																								"operator": "||",
																								"left": {
																									"type": "MemberExpression",
																									"computed": false,
																									"object": {
																										"type": "Identifier",
																										"name": "row"
																									},
																									"property": {
																										"type": "Identifier",
																										"name": "deps"
																									}
																								},
																								"right": {
																									"type": "ObjectExpression",
																									"properties": []
																								}
																							}
																						]
																					},
																					"property": {
																						"name": "forEach"
																					}
																				},
																				"arguments": {
																					"0": {
																						"type": "FunctionExpression",
																						"params": [
																							{
																								"type": "Identifier",
																								"name": "key"
																							}
																						],
																						"body": {
																							"type": "BlockStatement",
																							"body": [
																								{
																									"type": "ExpressionStatement",
																									"expression": {
																										"type": "AssignmentExpression",
																										"operator": "=",
																										"left": {
																											"type": "MemberExpression",
																											"computed": true,
																											"object": {
																												"type": "MemberExpression",
																												"computed": false,
																												"object": {
																													"type": "Identifier",
																													"name": "row"
																												},
																												"property": {
																													"type": "Identifier",
																													"name": "deps"
																												}
																											},
																											"property": {
																												"type": "Identifier",
																												"name": "key"
																											}
																										},
																										"right": {
																											"type": "BinaryExpression",
																											"operator": "+",
																											"left": {
																												"type": "Literal",
																												"value": "/",
																												"raw": "'/'"
																											},
																											"right": {
																												"type": "CallExpression",
																												"callee": {
																													"type": "MemberExpression",
																													"computed": false,
																													"object": {
																														"type": "Identifier",
																														"name": "path"
																													},
																													"property": {
																														"type": "Identifier",
																														"name": "relative"
																													}
																												},
																												"arguments": [
																													{
																														"type": "Identifier",
																														"name": "basedir"
																													},
																													{
																														"type": "MemberExpression",
																														"computed": true,
																														"object": {
																															"type": "MemberExpression",
																															"computed": false,
																															"object": {
																																"type": "Identifier",
																																"name": "row"
																															},
																															"property": {
																																"type": "Identifier",
																																"name": "deps"
																															}
																														},
																														"property": {
																															"type": "Identifier",
																															"name": "key"
																														}
																													}
																												]
																											}
																										}
																									}
																								}
																							]
																						}
																					}
																				}
																			}
																		},
																		"4": {
																			"expression": {
																				"callee": {
																					"type": "MemberExpression",
																					"object": {
																						"type": "ThisExpression"
																					},
																					"property": {
																						"type": "Identifier",
																						"name": "push"
																					}
																				},
																				"arguments": {
																					"0": {
																						"type": "Identifier",
																						"name": "row"
																					}
																				}
																			}
																		},
																		"5": {
																			"type": "ExpressionStatement",
																			"expression": {
																				"type": "CallExpression",
																				"callee": {
																					"type": "Identifier",
																					"name": "next"
																				},
																				"arguments": []
																			}
																		}
																	}
																}
															}
														}
													}
												}
											}
										}
									}
								}
							}
						}
					}
				}
			}
		},
		"34": {
			"expression": {
				"right": {
					"body": {
						"body": {
							"10": {
								"expression": {
									"right": {
										"body": {
											"body": {
												"1": {
													"expression": {
														"arguments": {
															"2": {
																"body": {
																	"body": {
																		"1": {
																			"consequent": {
																				"body": {
																					"1": {
																						"consequent": {
																							"body": {
																								"0": {
																									"expression": {
																										"right": {
																											"object": {
																												"arguments": {
																													"0": {
																														"type": "Literal",
																														"value": "/",
																														"raw": "'/'"
																													}
																												}
																											}
																										}
																									}
																								}
																							}
																						}
																					}
																				}
																			}
																		}
																	}
																}
															}
														}
													}
												}
											}
										}
									}
								}
							},
							"17": {
								"body": {
									"body": {
										"7": {
											"consequent": {
												"body": {
													"1": {
														"type": "ExpressionStatement",
														"expression": {
															"type": "AssignmentExpression",
															"operator": "=",
															"left": {
																"type": "MemberExpression",
																"computed": false,
																"object": {
																	"type": "Identifier",
																	"name": "vars"
																},
																"property": {
																	"type": "Identifier",
																	"name": "buffer"
																}
															},
															"right": {
																"type": "Identifier",
																"name": "undefined"
															}
														}
													}
												}
											}
										}
									}
								}
							}
						}
					}
				}
			}
		},
		"35": {
			"expression": {
				"right": {
					"body": {
						"body": {
							"3": {
								"consequent": {
									"body": {
										"0": {
											"expression": {
												"arguments": {
													"0": {
														"body": {
															"body": {
																"2": {
																	"consequent": {
																		"expression": {
																			"arguments": {
																				"0": {
																					"type": "Literal",
																					"value": null,
																					"raw": "null"
																				}
																			}
																		}
																	}
																}
															}
														}
													}
												}
											}
										}
									}
								}
							}
						}
					}
				}
			}
		},
		"37": {
			"expression": {
				"right": {
					"body": {
						"body": {
							"0": {
								"argument": {
									"arguments": {
										"0": {
											"body": {
												"body": {
													"0": {
														"consequent": {
															"body": {
																"0": {
																	"type": "ExpressionStatement",
																	"expression": {
																		"type": "AssignmentExpression",
																		"operator": "=",
																		"left": {
																			"type": "MemberExpression",
																			"computed": false,
																			"object": {
																				"type": "Identifier",
																				"name": "row"
																			},
																			"property": {
																				"type": "Identifier",
																				"name": "source"
																			}
																		},
																		"right": {
																			"type": "CallExpression",
																			"callee": {
																				"type": "MemberExpression",
																				"computed": false,
																				"object": {
																					"type": "MemberExpression",
																					"computed": false,
																					"object": {
																						"type": "Identifier",
																						"name": "row"
																					},
																					"property": {
																						"type": "Identifier",
																						"name": "source"
																					}
																				},
																				"property": {
																					"type": "Identifier",
																					"name": "replace"
																				}
																			},
																			"arguments": [
																				{
																					"type": "Literal",
																					"value": {},
																					"raw": "/^\\ufeff/",
																					"regex": {
																						"pattern": "^\\ufeff",
																						"flags": ""
																					}
																				},
																				{
																					"type": "Literal",
																					"value": "",
																					"raw": "''"
																				}
																			]
																		}
																	}
																}
															}
														}
													}
												}
											}
										}
									}
								}
							}
						}
					}
				}
			}
		},
		"43": {
			"expression": {
				"right": {
					"body": {
						"body": {
							"1": {
								"argument": {
									"arguments": {
										"0": {
											"body": {
												"body": {
													"0": {
														"consequent": {
															"body": {
																"1": {
																	"expression": {
																		"right": {
																			"arguments": {
																				"1": {
																					"type": "Literal",
																					"value": "/",
																					"raw": "'/'"
																				}
																			}
																		}
																	}
																}
															}
														}
													}
												}
											}
										}
									}
								}
							}
						}
					}
				}
			}
		}
	}
}