{
	"body": {
		"34": {
			"expression": {
				"right": {
					"body": {
						"body": {
							"9": {
								"expression": {
									"right": {
										"body": {
											"body": {
												"1": {
													"test": {
														"left": {
															"callee": {
																"object": {
																	"property": {
																		"name": "_external"
																	}
																}
															}
														}
													}
												},
												"2": {
													"test": {
														"type": "BinaryExpression",
														"operator": ">=",
														"left": {
															"type": "CallExpression",
															"callee": {
																"type": "MemberExpression",
																"computed": false,
																"object": {
																	"type": "MemberExpression",
																	"computed": false,
																	"object": {
																		"type": "Identifier",
																		"name": "self"
																	},
																	"property": {
																		"type": "Identifier",
																		"name": "_exclude"
																	}
																},
																"property": {
																	"type": "Identifier",
																	"name": "indexOf"
																}
															},
															"arguments": [
																{
																	"type": "Identifier",
																	"name": "id"
																}
															]
														},
														"right": {
															"type": "Literal"
														}
													},
													"consequent": {
														"type": "ReturnStatement",
														"argument": {
															"type": "Literal",
															"value": false,
															"raw": "false"
														}
													}
												},
												"3": {
													"type": "IfStatement",
													"test": {
														"type": "LogicalExpression",
														"operator": "&&",
														"left": {
															"type": "BinaryExpression",
															"operator": "===",
															"left": {
																"type": "MemberExpression",
																"computed": false,
																"object": {
																	"type": "Identifier",
																	"name": "opts"
																},
																"property": {
																	"type": "Identifier",
																	"name": "bundleExternal"
																}
															},
															"right": {
																"type": "Literal",
																"value": false,
																"raw": "false"
															}
														},
														"right": {
															"type": "CallExpression",
															"callee": {
																"type": "Identifier",
																"name": "isExternalModule"
															},
															"arguments": [
																{
																	"type": "Identifier",
																	"name": "id"
																}
															]
														}
													},
													"consequent": {
														"type": "BlockStatement",
														"body": [
															{
																"type": "ReturnStatement",
																"argument": {
																	"type": "Literal",
																	"value": false,
																	"raw": "false"
																}
															}
														]
													}
												},
												"4": {
													"type": "ReturnStatement",
													"argument": {
														"type": "Literal",
														"value": true,
														"raw": "true"
													}
												}
											}
										}
									}
								}
							}
						}
					}
				}
			}
		},
		"39": {
			"expression": {
				"right": {
					"body": {
						"body": {
							"1": {
								"argument": {
									"arguments": {
										"0": {
											"body": {
												"body": {
													"1": {
														"consequent": {
															"body": {
																"0": {
																	"declarations": {
																		"0": {
																			"init": {
																				"arguments": {
																					"1": {
																						"type": "LogicalExpression",
																						"operator": "||",
																						"left": {
																							"type": "MemberExpression",
																							"computed": false,
																							"object": {
																								"type": "Identifier",
																								"name": "row"
																							},
																							"property": {
																								"type": "Identifier",
																								"name": "file"
																							}
																						},
																						"right": {
																							"type": "MemberExpression",
																							"computed": false,
																							"object": {
																								"type": "Identifier",
																								"name": "row"
																							},
																							"property": {
																								"type": "Identifier",
																								"name": "id"
																							}
																						}
																					}
																				}
																			}
																		}
																	}
																}
															}
														}
													}
												}
											}
										}
									}
								}
							}
						}
					}
				}
			}
		}
	}
}