{
	"body": {
		"41": {
			"expression": {
				"right": {
					"body": {
						"body": {
							"2": {
								"argument": {
									"arguments": {
										"0": {
											"body": {
												"body": {
													"7": {
														"expression": {
															"arguments": {
																"0": {
																	"body": {
																		"body": {
																			"4": {
																				"consequent": {
																					"body": {
																						"0": {
																							"type": "ExpressionStatement",
																							"expression": {
																								"type": "AssignmentExpression",
																								"operator": "=",
																								"left": {
																									"type": "MemberExpression",
																									"computed": true,
																									"object": {
																										"type": "MemberExpression",
																										"computed": false,
																										"object": {
																											"type": "Identifier",
																											"name": "row"
																										},
																										"property": {
																											"type": "Identifier",
																											"name": "deps"
																										}
																									},
																									"property": {
																										"type": "Identifier",
																										"name": "key"
																									}
																								},
																								"right": {
																									"type": "Identifier",
																									"name": "rfile"
																								}
																							}
																						}
																					}
																				}
																			}
																		}
																	}
																}
															}
														}
													}
												}
											}
										}
									}
								}
							}
						}
					}
				}
			}
		}
	}
}