{
	"body": {
		"33": {
			"expression": {
				"right": {
					"body": {
						"body": {
							"5": {
								"type": "ExpressionStatement",
								"expression": {
									"type": "CallExpression",
									"callee": {
										"type": "MemberExpression",
										"computed": false,
										"object": {
											"type": "MemberExpression",
											"computed": false,
											"object": {
												"type": "ThisExpression"
											},
											"property": {
												"type": "Identifier",
												"name": "_mdeps"
											}
										},
										"property": {
											"type": "Identifier",
											"name": "on"
										}
									},
									"arguments": [
										{
											"type": "Literal",
											"value": "transform",
											"raw": "'transform'"
										},
										{
											"type": "FunctionExpression",
											"id": null,
											"params": [
												{
													"type": "Identifier",
													"name": "tr"
												},
												{
													"type": "Identifier",
													"name": "file"
												}
											],
											"body": {
												"type": "BlockStatement",
												"body": [
													{
														"type": "ExpressionStatement",
														"expression": {
															"type": "CallExpression",
															"callee": {
																"type": "MemberExpression",
																"computed": false,
																"object": {
																	"type": "Identifier",
																	"name": "pipeline"
																},
																"property": {
																	"type": "Identifier",
																	"name": "emit"
																}
															},
															"arguments": [
																{
																	"type": "Literal",
																	"value": "transform",
																	"raw": "'transform'"
																},
																{
																	"type": "Identifier",
																	"name": "tr"
																},
																{
																	"type": "Identifier",
																	"name": "file"
																}
															]
														}
													},
													{
														"type": "ExpressionStatement",
														"expression": {
															"type": "CallExpression",
															"callee": {
																"type": "MemberExpression",
																"computed": false,
																"object": {
																	"type": "Identifier",
																	"name": "self"
																},
																"property": {
																	"type": "Identifier",
																	"name": "emit"
																}
															},
															"arguments": [
																{
																	"type": "Literal",
																	"value": "transform",
																	"raw": "'transform'"
																},
																{
																	"type": "Identifier",
																	"name": "tr"
																},
																{
																	"type": "Identifier",
																	"name": "file"
																}
															]
														}
													}
												]
											},
											"generator": false,
											"expression": false,
											"async": false
										}
									]
								}
							},
							"6": {
								"type": "VariableDeclaration",
								"declarations": [
									{
										"type": "VariableDeclarator",
										"id": {
											"type": "Identifier",
											"name": "dopts"
										},
										"init": {
											"type": "ObjectExpression",
											"properties": [
												{
													"type": "Property",
													"key": {
														"type": "Identifier",
														"name": "index"
													},
													"computed": false,
													"value": {
														"type": "LogicalExpression",
														"operator": "&&",
														"left": {
															"type": "UnaryExpression",
															"operator": "!",
															"argument": {
																"type": "MemberExpression",
																"computed": false,
																"object": {
																	"type": "Identifier",
																	"name": "opts"
																},
																"property": {
																	"type": "Identifier",
																	"name": "fullPaths"
																}
															},
															"prefix": true
														},
														"right": {
															"type": "UnaryExpression",
															"operator": "!",
															"argument": {
																"type": "MemberExpression",
																"computed": false,
																"object": {
																	"type": "Identifier",
																	"name": "opts"
																},
																"property": {
																	"type": "Identifier",
																	"name": "exposeAll"
																}
															},
															"prefix": true
														}
													},
													"kind": "init",
													"method": false,
													"shorthand": false
												},
												{
													"type": "Property",
													"key": {
														"type": "Identifier",
														"name": "dedupe"
													},
													"computed": false,
													"value": {
														"type": "Literal",
														"value": true,
														"raw": "true"
													},
													"kind": "init",
													"method": false,
													"shorthand": false
												},
												{
													"type": "Property",
													"key": {
														"type": "Identifier",
														"name": "expose"
													},
													"computed": false,
													"value": {
														"type": "MemberExpression",
														"computed": false,
														"object": {
															"type": "ThisExpression"
														},
														"property": {
															"type": "Identifier",
															"name": "_expose"
														}
													},
													"kind": "init",
													"method": false,
													"shorthand": false
												}
											]
										}
									}
								]
							},
							"7": {
								"type": "ExpressionStatement",
								"expression": {
									"type": "AssignmentExpression",
									"operator": "=",
									"left": {
										"type": "MemberExpression",
										"computed": false,
										"object": {
											"type": "ThisExpression"
										},
										"property": {
											"type": "Identifier",
											"name": "_bpack"
										}
									},
									"right": {
										"type": "CallExpression",
										"callee": {
											"type": "Identifier",
											"name": "bpack"
										},
										"arguments": [
											{
												"type": "CallExpression",
												"callee": {
													"type": "Identifier",
													"name": "xtend"
												},
												"arguments": [
													{
														"type": "Identifier",
														"name": "opts"
													},
													{
														"type": "ObjectExpression",
														"properties": [
															{
																"type": "Property",
																"key": {
																	"type": "Identifier",
																	"name": "raw"
																},
																"computed": false,
																"value": {
																	"type": "Literal",
																	"value": true,
																	"raw": "true"
																},
																"kind": "init",
																"method": false,
																"shorthand": false
															}
														]
													}
												]
											}
										]
									}
								}
							},
							"8": {
								"type": "VariableDeclaration",
								"declarations": [
									{
										"type": "VariableDeclarator",
										"id": {
											"type": "Identifier",
											"name": "pipeline"
										},
										"init": {
											"type": "CallExpression",
											"callee": {
												"type": "MemberExpression",
												"computed": false,
												"object": {
													"type": "Identifier",
													"name": "splicer"
												},
												"property": {
													"type": "Identifier",
													"name": "obj"
												}
											},
											"arguments": [
												{
													"type": "ArrayExpression",
													"elements": [
														{
															"type": "Literal",
															"value": "record",
															"raw": "'record'"
														},
														{
															"type": "ArrayExpression",
															"elements": [
																{
																	"type": "CallExpression",
																	"callee": {
																		"type": "MemberExpression",
																		"computed": false,
																		"object": {
																			"type": "ThisExpression"
																		},
																		"property": {
																			"type": "Identifier",
																			"name": "_recorder"
																		}
																	},
																	"arguments": []
																}
															]
														},
														{
															"type": "Literal",
															"value": "deps",
															"raw": "'deps'"
														},
														{
															"type": "ArrayExpression",
															"elements": [
																{
																	"type": "MemberExpression",
																	"computed": false,
																	"object": {
																		"type": "ThisExpression"
																	},
																	"property": {
																		"type": "Identifier",
																		"name": "_mdeps"
																	}
																}
															]
														},
														{
															"type": "Literal",
															"value": "json",
															"raw": "'json'"
														},
														{
															"type": "ArrayExpression",
															"elements": [
																{
																	"type": "CallExpression",
																	"callee": {
																		"type": "MemberExpression",
																		"computed": false,
																		"object": {
																			"type": "ThisExpression"
																		},
																		"property": {
																			"type": "Identifier",
																			"name": "_json"
																		}
																	},
																	"arguments": []
																}
															]
														},
														{
															"type": "Literal",
															"value": "unbom",
															"raw": "'unbom'"
														},
														{
															"type": "ArrayExpression",
															"elements": [
																{
																	"type": "CallExpression",
																	"callee": {
																		"type": "MemberExpression",
																		"computed": false,
																		"object": {
																			"type": "ThisExpression"
																		},
																		"property": {
																			"type": "Identifier",
																			"name": "_unbom"
																		}
																	},
																	"arguments": []
																}
															]
														},
														{
															"type": "Literal",
															"value": "unshebang",
															"raw": "'unshebang'"
														},
														{
															"type": "ArrayExpression",
															"elements": [
																{
																	"type": "CallExpression",
																	"callee": {
																		"type": "MemberExpression",
																		"computed": false,
																		"object": {
																			"type": "ThisExpression"
																		},
																		"property": {
																			"type": "Identifier",
																			"name": "_unshebang"
																		}
																	},
																	"arguments": []
																}
															]
														},
														{
															"type": "Literal",
															"value": "syntax",
															"raw": "'syntax'"
														},
														{
															"type": "ArrayExpression",
															"elements": [
																{
																	"type": "CallExpression",
																	"callee": {
																		"type": "MemberExpression",
																		"computed": false,
																		"object": {
																			"type": "ThisExpression"
																		},
																		"property": {
																			"type": "Identifier",
																			"name": "_syntax"
																		}
																	},
																	"arguments": []
																}
															]
														},
														{
															"type": "Literal",
															"value": "sort",
															"raw": "'sort'"
														},
														{
															"type": "ArrayExpression",
															"elements": [
																{
																	"type": "CallExpression",
																	"callee": {
																		"type": "Identifier",
																		"name": "depsSort"
																	},
																	"arguments": [
																		{
																			"type": "Identifier",
																			"name": "dopts"
																		}
																	]
																}
															]
														},
														{
															"type": "Literal",
															"value": "dedupe",
															"raw": "'dedupe'"
														},
														{
															"type": "ArrayExpression",
															"elements": [
																{
																	"type": "CallExpression",
																	"callee": {
																		"type": "MemberExpression",
																		"computed": false,
																		"object": {
																			"type": "ThisExpression"
																		},
																		"property": {
																			"type": "Identifier",
																			"name": "_dedupe"
																		}
																	},
																	"arguments": []
																}
															]
														},
														{
															"type": "Literal",
															"value": "label",
															"raw": "'label'"
														},
														{
															"type": "ArrayExpression",
															"elements": [
																{
																	"type": "CallExpression",
																	"callee": {
																		"type": "MemberExpression",
																		"computed": false,
																		"object": {
																			"type": "ThisExpression"
																		},
																		"property": {
																			"type": "Identifier",
																			"name": "_label"
																		}
																	},
																	"arguments": [
																		{
																			"type": "Identifier",
																			"name": "opts"
																		}
																	]
																}
															]
														},
														{
															"type": "Literal",
															"value": "emit-deps",
															"raw": "'emit-deps'"
														},
														{
															"type": "ArrayExpression",
															"elements": [
																{
																	"type": "CallExpression",
																	"callee": {
																		"type": "MemberExpression",
																		"computed": false,
																		"object": {
																			"type": "ThisExpression"
																		},
																		"property": {
																			"type": "Identifier",
																			"name": "_emitDeps"
																		}
																	},
																	"arguments": []
																}
															]
														},
														{
															"type": "Literal",
															"value": "debug",
															"raw": "'debug'"
														},
														{
															"type": "ArrayExpression",
															"elements": [
																{
																	"type": "CallExpression",
																	"callee": {
																		"type": "MemberExpression",
																		"computed": false,
																		"object": {
																			"type": "ThisExpression"
																		},
																		"property": {
																			"type": "Identifier",
																			"name": "_debug"
																		}
																	},
																	"arguments": [
																		{
																			"type": "Identifier",
																			"name": "opts"
																		}
																	]
																}
															]
														},
														{
															"type": "Literal",
															"value": "pack",
															"raw": "'pack'"
														},
														{
															"type": "ArrayExpression",
															"elements": [
																{
																	"type": "MemberExpression",
																	"computed": false,
																	"object": {
																		"type": "ThisExpression"
																	},
																	"property": {
																		"type": "Identifier",
																		"name": "_bpack"
																	}
																}
															]
														},
														{
															"type": "Literal",
															"value": "wrap",
															"raw": "'wrap'"
														},
														{
															"type": "ArrayExpression",
															"elements": []
														}
													]
												}
											]
										}
									}
								]
							},
							"9": {
								"type": "IfStatement",
								"test": {
									"type": "MemberExpression",
									"computed": false,
									"object": {
										"type": "Identifier",
										"name": "opts"
									},
									"property": {
										"type": "Identifier",
										"name": "exposeAll"
									}
								},
								"consequent": {
									"type": "BlockStatement",
									"body": [
										{
											"type": "VariableDeclaration",
											"declarations": [
												{
													"type": "VariableDeclarator",
													"id": {
														"type": "Identifier",
														"name": "basedir"
													},
													"init": {
														"type": "CallExpression",
														"callee": {
															"type": "Identifier",
															"name": "defined"
														},
														"arguments": [
															{
																"type": "MemberExpression",
																"computed": false,
																"object": {
																	"type": "Identifier",
																	"name": "opts"
																},
																"property": {
																	"type": "Identifier",
																	"name": "basedir"
																}
															},
															{
																"type": "CallExpression",
																"callee": {
																	"type": "MemberExpression",
																	"computed": false,
																	"object": {
																		"type": "Identifier",
																		"name": "process"
																	},
																	"property": {
																		"type": "Identifier",
																		"name": "cwd"
																	}
																},
																"arguments": []
															}
														]
													}
												}
											],
											"kind": "var"
										},
										{
											"type": "ExpressionStatement",
											"expression": {
												"type": "CallExpression",
												"callee": {
													"type": "MemberExpression",
													"computed": false,
													"object": {
														"type": "CallExpression",
														"callee": {
															"type": "MemberExpression",
															"computed": false,
															"object": {
																"type": "Identifier",
																"name": "pipeline"
															},
															"property": {
																"type": "Identifier",
																"name": "get"
															}
														},
														"arguments": [
															{
																"type": "Literal",
																"value": "deps",
																"raw": "'deps'"
															}
														]
													},
													"property": {
														"type": "Identifier",
														"name": "push"
													}
												},
												"arguments": [
													{
														"type": "CallExpression",
														"callee": {
															"type": "MemberExpression",
															"computed": false,
															"object": {
																"type": "Identifier",
																"name": "through"
															},
															"property": {
																"type": "Identifier",
																"name": "obj"
															}
														},
														"arguments": [
															{
																"type": "FunctionExpression",
																"id": null,
																"params": [
																	{
																		"type": "Identifier",
																		"name": "row"
																	},
																	{
																		"type": "Identifier",
																		"name": "enc"
																	},
																	{
																		"type": "Identifier",
																		"name": "next"
																	}
																],
																"body": {
																	"type": "BlockStatement",
																	"body": [
																		{
																			"type": "IfStatement",
																			"test": {
																				"type": "BinaryExpression",
																				"operator": ">=",
																				"left": {
																					"type": "CallExpression",
																					"callee": {
																						"type": "MemberExpression",
																						"computed": false,
																						"object": {
																							"type": "MemberExpression",
																							"computed": false,
																							"object": {
																								"type": "Identifier",
																								"name": "self"
																							},
																							"property": {
																								"type": "Identifier",
																								"name": "_external"
																							}
																						},
																						"property": {
																							"type": "Identifier",
																							"name": "indexOf"
																						}
																					},
																					"arguments": [
																						{
																							"type": "MemberExpression",
																							"computed": false,
																							"object": {
																								"type": "Identifier",
																								"name": "row"
																							},
																							"property": {
																								"type": "Identifier",
																								"name": "id"
																							}
																						}
																					]
																				},
																				"right": {
																					"type": "Literal",
																					"value": 0,
																					"raw": "0"
																				}
																			},
																			"consequent": {
																				"type": "ReturnStatement",
																				"argument": {
																					"type": "CallExpression",
																					"callee": {
																						"type": "Identifier",
																						"name": "next"
																					},
																					"arguments": []
																				}
																			},
																			"alternate": null
																		},
																		{
																			"type": "IfStatement",
																			"test": {
																				"type": "BinaryExpression",
																				"operator": ">=",
																				"left": {
																					"type": "CallExpression",
																					"callee": {
																						"type": "MemberExpression",
																						"computed": false,
																						"object": {
																							"type": "MemberExpression",
																							"computed": false,
																							"object": {
																								"type": "Identifier",
																								"name": "self"
																							},
																							"property": {
																								"type": "Identifier",
																								"name": "_external"
																							}
																						},
																						"property": {
																							"type": "Identifier",
																							"name": "indexOf"
																						}
																					},
																					"arguments": [
																						{
																							"type": "MemberExpression",
																							"computed": false,
																							"object": {
																								"type": "Identifier",
																								"name": "row"
																							},
																							"property": {
																								"type": "Identifier",
																								"name": "file"
																							}
																						}
																					]
																				},
																				"right": {
																					"type": "Literal",
																					"value": 0,
																					"raw": "0"
																				}
																			},
																			"consequent": {
																				"type": "ReturnStatement",
																				"argument": {
																					"type": "CallExpression",
																					"callee": {
																						"type": "Identifier",
																						"name": "next"
																					},
																					"arguments": []
																				}
																			},
																			"alternate": null
																		},
																		{
																			"type": "IfStatement",
																			"test": {
																				"type": "CallExpression",
																				"callee": {
																					"type": "Identifier",
																					"name": "isAbsolutePath"
																				},
																				"arguments": [
																					{
																						"type": "MemberExpression",
																						"computed": false,
																						"object": {
																							"type": "Identifier",
																							"name": "row"
																						},
																						"property": {
																							"type": "Identifier",
																							"name": "id"
																						}
																					}
																				]
																			},
																			"consequent": {
																				"type": "BlockStatement",
																				"body": [
																					{
																						"type": "ExpressionStatement",
																						"expression": {
																							"type": "AssignmentExpression",
																							"operator": "=",
																							"left": {
																								"type": "MemberExpression",
																								"computed": false,
																								"object": {
																									"type": "Identifier",
																									"name": "row"
																								},
																								"property": {
																									"type": "Identifier",
																									"name": "id"
																								}
																							},
																							"right": {
																								"type": "BinaryExpression",
																								"operator": "+",
																								"left": {
																									"type": "Literal",
																									"value": "/",
																									"raw": "'/'"
																								},
																								"right": {
																									"type": "CallExpression",
																									"callee": {
																										"type": "MemberExpression",
																										"computed": false,
																										"object": {
																											"type": "Identifier",
																											"name": "path"
																										},
																										"property": {
																											"type": "Identifier",
																											"name": "relative"
																										}
																									},
																									"arguments": [
																										{
																											"type": "Identifier",
																											"name": "basedir"
																										},
																										{
																											"type": "MemberExpression",
																											"computed": false,
																											"object": {
																												"type": "Identifier",
																												"name": "row"
																											},
																											"property": {
																												"type": "Identifier",
																												"name": "file"
																											}
																										}
																									]
																								}
																							}
																						}
																					}
																				]
																			},
																			"alternate": null
																		},
																		{
																			"type": "ExpressionStatement",
																			"expression": {
																				"type": "CallExpression",
																				"callee": {
																					"type": "MemberExpression",
																					"computed": false,
																					"object": {
																						"type": "CallExpression",
																						"callee": {
																							"type": "MemberExpression",
																							"computed": false,
																							"object": {
																								"type": "Identifier",
																								"name": "Object"
																							},
																							"property": {
																								"type": "Identifier",
																								"name": "keys"
																							}
																						},
																						"arguments": [
																							{
																								"type": "LogicalExpression",
																								"operator": "||",
																								"left": {
																									"type": "MemberExpression",
																									"computed": false,
																									"object": {
																										"type": "Identifier",
																										"name": "row"
																									},
																									"property": {
																										"type": "Identifier",
																										"name": "deps"
																									}
																								},
																								"right": {
																									"type": "ObjectExpression",
																									"properties": []
																								}
																							}
																						]
																					},
																					"property": {
																						"type": "Identifier",
																						"name": "forEach"
																					}
																				},
																				"arguments": [
																					{
																						"type": "FunctionExpression",
																						"id": null,
																						"params": [
																							{
																								"type": "Identifier",
																								"name": "key"
																							}
																						],
																						"body": {
																							"type": "BlockStatement",
																							"body": [
																								{
																									"type": "ExpressionStatement",
																									"expression": {
																										"type": "AssignmentExpression",
																										"operator": "=",
																										"left": {
																											"type": "MemberExpression",
																											"computed": true,
																											"object": {
																												"type": "MemberExpression",
																												"computed": false,
																												"object": {
																													"type": "Identifier",
																													"name": "row"
																												},
																												"property": {
																													"type": "Identifier",
																													"name": "deps"
																												}
																											},
																											"property": {
																												"type": "Identifier",
																												"name": "key"
																											}
																										},
																										"right": {
																											"type": "BinaryExpression",
																											"operator": "+",
																											"left": {
																												"type": "Literal",
																												"value": "/",
																												"raw": "'/'"
																											},
																											"right": {
																												"type": "CallExpression",
																												"callee": {
																													"type": "MemberExpression",
																													"computed": false,
																													"object": {
																														"type": "Identifier",
																														"name": "path"
																													},
																													"property": {
																														"type": "Identifier",
																														"name": "relative"
																													}
																												},
																												"arguments": [
																													{
																														"type": "Identifier",
																														"name": "basedir"
																													},
																													{
																														"type": "MemberExpression",
																														"computed": true,
																														"object": {
																															"type": "MemberExpression",
																															"computed": false,
																															"object": {
																																"type": "Identifier",
																																"name": "row"
																															},
																															"property": {
																																"type": "Identifier",
																																"name": "deps"
																															}
																														},
																														"property": {
																															"type": "Identifier",
																															"name": "key"
																														}
																													}
																												]
																											}
																										}
																									}
																								}
																							]
																						},
																						"generator": false,
																						"expression": false,
																						"async": false
																					}
																				]
																			}
																		},
																		{
																			"type": "ExpressionStatement",
																			"expression": {
																				"type": "CallExpression",
																				"callee": {
																					"type": "MemberExpression",
																					"computed": false,
																					"object": {
																						"type": "ThisExpression"
																					},
																					"property": {
																						"type": "Identifier",
																						"name": "push"
																					}
																				},
																				"arguments": [
																					{
																						"type": "Identifier",
																						"name": "row"
																					}
																				]
																			}
																		},
																		{
																			"type": "ExpressionStatement",
																			"expression": {
																				"type": "CallExpression",
																				"callee": {
																					"type": "Identifier",
																					"name": "next"
																				},
																				"arguments": []
																			}
																		}
																	]
																},
																"generator": false,
																"expression": false,
																"async": false
															}
														]
													}
												]
											}
										}
									]
								}
							},
							"10": {
								"type": "ReturnStatement",
								"argument": {
									"type": "Identifier",
									"name": "pipeline"
								}
							}
						}
					}
				}
			}
		},
		"41": {
			"expression": {
				"right": {
					"body": {
						"body": {
							"2": {
								"argument": {
									"arguments": {
										"0": {
											"body": {
												"body": {
													"7": {
														"expression": {
															"arguments": {
																"0": {
																	"body": {
																		"body": {
																			"3": {
																				"consequent": {
																					"body": {
																						"0": {
																							"type": "ExpressionStatement",
																							"expression": {
																								"type": "AssignmentExpression",
																								"operator": "=",
																								"left": {
																									"type": "MemberExpression",
																									"computed": true,
																									"object": {
																										"type": "MemberExpression",
																										"computed": false,
																										"object": {
																											"type": "Identifier",
																											"name": "row"
																										},
																										"property": {
																											"type": "Identifier",
																											"name": "deps"
																										}
																									},
																									"property": {
																										"type": "Identifier",
																										"name": "key"
																									}
																								},
																								"right": {
																									"type": "Identifier",
																									"name": "rfile"
																								}
																							}
																						}
																					}
																				}
																			}
																		}
																	}
																}
															}
														}
													}
												}
											}
										}
									}
								}
							}
						}
					}
				}
			}
		}
	}
}