{
	"body": {
		"34": {
			"expression": {
				"right": {
					"body": {
						"body": {
							"11": {
								"consequent": {
									"body": {
										"1": {
											"type": "ExpressionStatement",
											"expression": {
												"type": "CallExpression",
												"callee": {
													"type": "MemberExpression",
													"computed": false,
													"object": {
														"type": "MemberExpression",
														"computed": false,
														"object": {
															"type": "MemberExpression",
															"computed": false,
															"object": {
																"type": "Identifier",
																"name": "self"
															},
															"property": {
																"type": "Identifier",
																"name": "_exclude"
															}
														},
														"property": {
															"type": "Identifier",
															"name": "push"
														}
													},
													"property": {
														"type": "Identifier",
														"name": "apply"
													}
												},
												"arguments": [
													{
														"type": "MemberExpression",
														"computed": false,
														"object": {
															"type": "Identifier",
															"name": "self"
														},
														"property": {
															"type": "Identifier",
															"name": "_exclude"
														}
													},
													{
														"type": "CallExpression",
														"callee": {
															"type": "MemberExpression",
															"computed": false,
															"object": {
																"type": "Identifier",
																"name": "Object"
															},
															"property": {
																"type": "Identifier",
																"name": "keys"
															}
														},
														"arguments": [
															{
																"type": "Identifier",
																"name": "builtins"
															}
														]
													}
												]
											}
										}
									}
								}
							}
						}
					}
				}
			}
		}
	}
}