{
	"body": {
		"25": {
			"body": {
				"body": {
					"26": {
						"type": "ExpressionStatement",
						"expression": {
							"type": "CallExpression",
							"callee": {
								"type": "MemberExpression",
								"computed": false,
								"object": {
									"type": "CallExpression",
									"callee": {
										"type": "MemberExpression",
										"computed": false,
										"object": {
											"type": "CallExpression",
											"callee": {
												"type": "MemberExpression",
												"computed": false,
												"object": {
													"type": "ArrayExpression",
													"elements": []
												},
												"property": {
													"type": "Identifier",
													"name": "concat"
												}
											},
											"arguments": [
												{
													"type": "MemberExpression",
													"computed": false,
													"object": {
														"type": "Identifier",
														"name": "opts"
													},
													"property": {
														"type": "Identifier",
														"name": "plugin"
													}
												}
											]
										},
										"property": {
											"type": "Identifier",
											"name": "filter"
										}
									},
									"arguments": [
										{
											"type": "Identifier",
											"name": "Boolean"
										}
									]
								},
								"property": {
									"type": "Identifier",
									"name": "forEach"
								}
							},
							"arguments": [
								{
									"type": "FunctionExpression",
									"id": null,
									"params": [
										{
											"type": "Identifier",
											"name": "p"
										}
									],
									"body": {
										"type": "BlockStatement",
										"body": [
											{
												"type": "ExpressionStatement",
												"expression": {
													"type": "CallExpression",
													"callee": {
														"type": "MemberExpression",
														"computed": false,
														"object": {
															"type": "Identifier",
															"name": "self"
														},
														"property": {
															"type": "Identifier",
															"name": "plugin"
														}
													},
													"arguments": [
														{
															"type": "Identifier",
															"name": "p"
														},
														{
															"type": "ObjectExpression",
															"properties": [
																{
																	"type": "Property",
																	"key": {
																		"type": "Identifier",
																		"name": "basedir"
																	},
																	"computed": false,
																	"value": {
																		"type": "MemberExpression",
																		"computed": false,
																		"object": {
																			"type": "Identifier",
																			"name": "opts"
																		},
																		"property": {
																			"type": "Identifier",
																			"name": "basedir"
																		}
																	},
																	"kind": "init",
																	"method": false,
																	"shorthand": false
																}
															]
														}
													]
												}
											}
										]
									},
									"generator": false,
									"expression": false,
									"async": false
								}
							]
						}
					}
				}
			}
		}
	}
}