{
	"body": {
		"34": {
			"expression": {
				"right": {
					"body": {
						"body": {
							"10": {
								"expression": {
									"right": {
										"body": {
											"body": {
												"1": {
													"expression": {
														"arguments": {
															"2": {
																"body": {
																	"body": {
																		"1": {
																			"consequent": {
																				"body": {
																					"1": {
																						"consequent": {
																							"body": {
																								"1": {
																									"consequent": {
																										"body": {
																											"0": {
																												"argument": {
																													"type": "CallExpression",
																													"callee": {
																														"type": "Identifier",
																														"name": "cb"
																													},
																													"arguments": [
																														{
																															"type": "Literal",
																															"value": null,
																															"raw": "null"
																														},
																														{
																															"type": "MemberExpression",
																															"computed": false,
																															"object": {
																																"type": "Identifier",
																																"name": "paths"
																															},
																															"property": {
																																"type": "Identifier",
																																"name": "empty"
																															}
																														},
																														{
																															"type": "ObjectExpression",
																															"properties": []
																														}
																													]
																												}
																											}
																										}
																									}
																								}
																							}
																						}
																					}
																				}
																			}
																		}
																	}
																}
															}
														}
													}
												}
											}
										}
									}
								}
							}
						}
					}
				}
			}
		}
	}
}