{
	"body": {
		"28": {
			"expression": {
				"right": {
					"body": {
						"body": {
							"2": {
								"consequent": {
									"body": {
										"8": {
											"argument": {
												"type": "ThisExpression"
											}
										}
									}
								}
							}
						}
					}
				}
			}
		},
		"33": {
			"expression": {
				"right": {
					"body": {
						"body": {
							"8": {
								"declarations": {
									"0": {
										"init": {
											"arguments": {
												"0": {
													"elements": {
														"9": {
															"type": "ArrayExpression",
															"elements": [
																{
																	"type": "CallExpression",
																	"callee": {
																		"type": "MemberExpression",
																		"computed": false,
																		"object": {
																			"type": "ThisExpression"
																		},
																		"property": {
																			"type": "Identifier",
																			"name": "_unshebang"
																		}
																	},
																	"arguments": []
																}
															]
														},
														"10": {
															"type": "Literal"
														},
														"11": {
															"type": "ArrayExpression",
															"elements": [
																{
																	"type": "CallExpression",
																	"callee": {
																		"type": "MemberExpression",
																		"computed": false,
																		"object": {
																			"type": "ThisExpression"
																		},
																		"property": {
																			"type": "Identifier",
																			"name": "_syntax"
																		}
																	},
																	"arguments": []
																}
															]
														},
														"12": {
															"type": "Literal"
														},
														"13": {
															"type": "ArrayExpression",
															"elements": [
																{
																	"type": "CallExpression",
																	"callee": {
																		"type": "Identifier",
																		"name": "depsSort"
																	},
																	"arguments": [
																		{
																			"type": "Identifier",
																			"name": "dopts"
																		}
																	]
																}
															]
														},
														"14": {
															"type": "Literal"
														},
														"15": {
															"type": "ArrayExpression",
															"elements": [
																{
																	"type": "CallExpression",
																	"callee": {
																		"type": "MemberExpression",
																		"computed": false,
																		"object": {
																			"type": "ThisExpression"
																		},
																		"property": {
																			"type": "Identifier",
																			"name": "_dedupe"
																		}
																	},
																	"arguments": []
																}
															]
														},
														"16": {
															"type": "Literal"
														},
														"17": {
															"type": "ArrayExpression",
															"elements": [
																{
																	"type": "CallExpression",
																	"callee": {
																		"type": "MemberExpression",
																		"computed": false,
																		"object": {
																			"type": "ThisExpression"
																		},
																		"property": {
																			"type": "Identifier",
																			"name": "_label"
																		}
																	},
																	"arguments": [
																		{
																			"type": "Identifier",
																			"name": "opts"
																		}
																	]
																}
															]
														},
														"18": {
															"type": "Literal"
														},
														"19": {
															"type": "ArrayExpression",
															"elements": [
																{
																	"type": "CallExpression",
																	"callee": {
																		"type": "MemberExpression",
																		"computed": false,
																		"object": {
																			"type": "ThisExpression"
																		},
																		"property": {
																			"type": "Identifier",
																			"name": "_emitDeps"
																		}
																	},
																	"arguments": []
																}
															]
														},
														"20": {
															"type": "Literal"
														},
														"21": {
															"type": "ArrayExpression",
															"elements": [
																{
																	"type": "CallExpression",
																	"callee": {
																		"type": "MemberExpression",
																		"computed": false,
																		"object": {
																			"type": "ThisExpression"
																		},
																		"property": {
																			"type": "Identifier",
																			"name": "_debug"
																		}
																	},
																	"arguments": [
																		{
																			"type": "Identifier",
																			"name": "opts"
																		}
																	]
																}
															]
														},
														"22": {
															"type": "Literal"
														},
														"23": {
															"type": "ArrayExpression",
															"elements": [
																{
																	"type": "MemberExpression",
																	"computed": false,
																	"object": {
																		"type": "ThisExpression"
																	},
																	"property": {
																		"type": "Identifier",
																		"name": "_bpack"
																	}
																}
															]
														},
														"24": {
															"type": "Literal"
														},
														"25": {
															"type": "ArrayExpression",
															"elements": []
														}
													}
												}
											}
										}
									}
								}
							}
						}
					}
				}
			}
		}
	}
}