{
	"body": {
		"28": {
			"expression": {
				"right": {
					"body": {
						"body": {
							"1": {
								"consequent": {
									"body": {
										"0": {
											"expression": {
												"arguments": {
													"0": {
														"body": {
															"body": {
																"0": {
																	"consequent": {
																		"body": {
																			"0": {
																				"expression": {
																					"arguments": {
																						"1": {
																							"type": "CallExpression",
																							"callee": {
																								"type": "Identifier",
																								"name": "xtend"
																							},
																							"arguments": [
																								{
																									"type": "Identifier",
																									"name": "opts"
																								},
																								{
																									"type": "Identifier",
																									"name": "f"
																								}
																							]
																						}
																					}
																				}
																			}
																		}
																	}
																}
															}
														}
													}
												}
											}
										}
									}
								}
							}
						}
					}
				}
			}
		},
		"35": {
			"expression": {
				"right": {
					"params": {
						"0": {
							"type": "Identifier",
							"name": "opts"
						}
					}
				}
			}
		}
	}
}