{
	"body": {
		"34": {
			"expression": {
				"right": {
					"body": {
						"body": {
							"9": {
								"expression": {
									"right": {
										"body": {
											"body": {
												"0": {
													"test": {
														"right": {
															"argument": {
																"arguments": {
																	"0": {
																		"type": "Identifier",
																		"name": "id"
																	}
																}
															}
														}
													}
												}
											}
										}
									}
								}
							},
							"10": {
								"expression": {
									"right": {
										"body": {
											"body": {
												"1": {
													"expression": {
														"arguments": {
															"2": {
																"body": {
																	"body": {
																		"1": {
																			"consequent": {
																				"body": {
																					"0": {
																						"type": "VariableDeclaration",
																						"declarations": [
																							{
																								"type": "VariableDeclarator",
																								"id": {
																									"type": "Identifier",
																									"name": "nm"
																								},
																								"init": {
																									"type": "MemberExpression",
																									"computed": true,
																									"object": {
																										"type": "CallExpression",
																										"callee": {
																											"type": "MemberExpression",
																											"computed": false,
																											"object": {
																												"type": "Identifier",
																												"name": "file"
																											},
																											"property": {
																												"type": "Identifier",
																												"name": "split"
																											}
																										},
																										"arguments": [
																											{
																												"type": "Literal",
																												"value": "/node_modules/",
																												"raw": "'/node_modules/'"
																											}
																										]
																									},
																									"property": {
																										"type": "Literal",
																										"value": 1,
																										"raw": "1"
																									}
																								}
																							}
																						],
																						"kind": "var"
																					},
																					"1": {
																						"type": "IfStatement",
																						"test": {
																							"type": "Identifier",
																							"name": "nm"
																						},
																						"consequent": {
																							"type": "BlockStatement",
																							"body": [
																								{
																									"type": "ExpressionStatement",
																									"expression": {
																										"type": "AssignmentExpression",
																										"operator": "=",
																										"left": {
																											"type": "Identifier",
																											"name": "nm"
																										},
																										"right": {
																											"type": "MemberExpression",
																											"computed": true,
																											"object": {
																												"type": "CallExpression",
																												"callee": {
																													"type": "MemberExpression",
																													"computed": false,
																													"object": {
																														"type": "Identifier",
																														"name": "nm"
																													},
																													"property": {
																														"type": "Identifier",
																														"name": "split"
																													}
																												},
																												"arguments": [
																													{
																														"type": "Literal",
																														"value": "/",
																														"raw": "'/'"
																													}
																												]
																											},
																											"property": {
																												"type": "Literal",
																												"value": 0,
																												"raw": "0"
																											}
																										}
																									}
																								},
																								{
																									"type": "IfStatement",
																									"test": {
																										"type": "BinaryExpression",
																										"operator": ">=",
																										"left": {
																											"type": "CallExpression",
																											"callee": {
																												"type": "MemberExpression",
																												"computed": false,
																												"object": {
																													"type": "MemberExpression",
																													"computed": false,
																													"object": {
																														"type": "Identifier",
																														"name": "self"
																													},
																													"property": {
																														"type": "Identifier",
																														"name": "_ignore"
																													}
																												},
																												"property": {
																													"type": "Identifier",
																													"name": "indexOf"
																												}
																											},
																											"arguments": [
																												{
																													"type": "Identifier",
																													"name": "nm"
																												}
																											]
																										},
																										"right": {
																											"type": "Literal",
																											"value": 0,
																											"raw": "0"
																										}
																									},
																									"consequent": {
																										"type": "BlockStatement",
																										"body": [
																											{
																												"type": "ReturnStatement",
																												"argument": {
																													"type": "CallExpression",
																													"callee": {
																														"type": "Identifier",
																														"name": "cb"
																													},
																													"arguments": [
																														{
																															"type": "Literal",
																															"value": null,
																															"raw": "null"
																														},
																														{
																															"type": "MemberExpression",
																															"computed": false,
																															"object": {
																																"type": "Identifier",
																																"name": "paths"
																															},
																															"property": {
																																"type": "Identifier",
																																"name": "empty"
																															}
																														},
																														{
																															"type": "ObjectExpression",
																															"properties": []
																														}
																													]
																												}
																											}
																										]
																									},
																									"alternate": null
																								}
																							]
																						},
																						"alternate": null
																					}
																				}
																			}
																		}
																	}
																}
															}
														}
													}
												}
											}
										}
									}
								}
							},
							"11": {
								"alternate": {
									"consequent": {
										"body": {
											"1": {
												"expression": {
													"arguments": {
														"0": {
															"body": {
																"body": {
																	"0": {
																		"type": "ExpressionStatement",
																		"expression": {
																			"type": "AssignmentExpression",
																			"operator": "=",
																			"left": {
																				"type": "MemberExpression",
																				"computed": true,
																				"object": {
																					"type": "MemberExpression",
																					"computed": false,
																					"object": {
																						"type": "Identifier",
																						"name": "mopts"
																					},
																					"property": {
																						"type": "Identifier",
																						"name": "modules"
																					}
																				},
																				"property": {
																					"type": "Identifier",
																					"name": "key"
																				}
																			},
																			"right": {
																				"type": "MemberExpression",
																				"computed": true,
																				"object": {
																					"type": "Identifier",
																					"name": "builtins"
																				},
																				"property": {
																					"type": "Identifier",
																					"name": "key"
																				}
																			}
																		}
																	}
																}
															}
														}
													}
												}
											}
										}
									}
								}
							}
						}
					}
				}
			}
		},
		"38": {
			"expression": {
				"right": {
					"body": {
						"body": {
							"0": {
								"argument": {
									"arguments": {
										"0": {
											"type": "FunctionExpression",
											"id": null,
											"params": [
												{
													"type": "Identifier",
													"name": "row"
												},
												{
													"type": "Identifier",
													"name": "enc"
												},
												{
													"type": "Identifier",
													"name": "next"
												}
											],
											"body": {
												"type": "BlockStatement",
												"body": [
													{
														"type": "IfStatement",
														"test": {
															"type": "CallExpression",
															"callee": {
																"type": "MemberExpression",
																"computed": false,
																"object": {
																	"type": "Literal",
																	"value": {},
																	"raw": "/^#!/",
																	"regex": {
																		"pattern": "^#!",
																		"flags": ""
																	}
																},
																"property": {
																	"type": "Identifier",
																	"name": "test"
																}
															},
															"arguments": [
																{
																	"type": "MemberExpression",
																	"computed": false,
																	"object": {
																		"type": "Identifier",
																		"name": "row"
																	},
																	"property": {
																		"type": "Identifier",
																		"name": "source"
																	}
																}
															]
														},
														"consequent": {
															"type": "BlockStatement",
															"body": [
																{
																	"type": "ExpressionStatement",
																	"expression": {
																		"type": "AssignmentExpression",
																		"operator": "=",
																		"left": {
																			"type": "MemberExpression",
																			"computed": false,
																			"object": {
																				"type": "Identifier",
																				"name": "row"
																			},
																			"property": {
																				"type": "Identifier",
																				"name": "source"
																			}
																		},
																		"right": {
																			"type": "CallExpression",
																			"callee": {
																				"type": "MemberExpression",
																				"computed": false,
																				"object": {
																					"type": "MemberExpression",
																					"computed": false,
																					"object": {
																						"type": "Identifier",
																						"name": "row"
																					},
																					"property": {
																						"type": "Identifier",
																						"name": "source"
																					}
																				},
																				"property": {
																					"type": "Identifier",
																					"name": "replace"
																				}
																			},
																			"arguments": [
																				{
																					"type": "Literal",
																					"value": {},
																					"raw": "/^#![^\\n]*\\n/",
																					"regex": {
																						"pattern": "^#![^\\n]*\\n",
																						"flags": ""
																					}
																				},
																				{
																					"type": "Literal",
																					"value": "",
																					"raw": "''"
																				}
																			]
																		}
																	}
																}
															]
														},
														"alternate": null
													},
													{
														"type": "ExpressionStatement",
														"expression": {
															"type": "CallExpression",
															"callee": {
																"type": "MemberExpression",
																"computed": false,
																"object": {
																	"type": "ThisExpression"
																},
																"property": {
																	"type": "Identifier",
																	"name": "push"
																}
															},
															"arguments": [
																{
																	"type": "Identifier",
																	"name": "row"
																}
															]
														}
													},
													{
														"type": "ExpressionStatement",
														"expression": {
															"type": "CallExpression",
															"callee": {
																"type": "Identifier",
																"name": "next"
															},
															"arguments": []
														}
													}
												]
											},
											"generator": false,
											"expression": false,
											"async": false
										}
									}
								}
							}
						}
					}
				}
			}
		},
		"41": {
			"expression": {
				"right": {
					"body": {
						"body": {
							"2": {
								"argument": {
									"arguments": {
										"0": {
											"body": {
												"body": {
													"7": {
														"expression": {
															"arguments": {
																"0": {
																	"body": {
																		"body": {
																			"4": {
																				"consequent": {
																					"body": {
																						"0": {
																							"type": "ExpressionStatement",
																							"expression": {
																								"type": "AssignmentExpression",
																								"operator": "=",
																								"left": {
																									"type": "MemberExpression",
																									"computed": true,
																									"object": {
																										"type": "MemberExpression",
																										"computed": false,
																										"object": {
																											"type": "Identifier",
																											"name": "row"
																										},
																										"property": {
																											"type": "Identifier",
																											"name": "deps"
																										}
																									},
																									"property": {
																										"type": "Identifier",
																										"name": "key"
																									}
																								},
																								"right": {
																									"type": "Identifier",
																									"name": "rfile"
																								}
																							}
																						}
																					}
																				}
																			}
																		}
																	}
																}
															}
														}
													}
												}
											}
										}
									}
								}
							}
						}
					}
				}
			}
		},
		"43": {
			"expression": {
				"right": {
					"body": {
						"body": {
							"1": {
								"argument": {
									"arguments": {
										"0": {
											"body": {
												"body": {
													"0": {
														"consequent": {
															"body": {
																"1": {
																	"expression": {
																		"right": {
																			"arguments": {
																				"1": {
																					"type": "Literal",
																					"value": "/",
																					"raw": "'/'"
																				}
																			}
																		}
																	}
																}
															}
														}
													}
												}
											}
										}
									}
								}
							}
						}
					}
				}
			}
		},
		"44": {
			"expression": {
				"right": {
					"body": {
						"body": {
							"6": {
								"expression": {
									"arguments": {
										"0": {
											"type": "Literal",
											"value": "reset",
											"raw": "'reset'"
										}
									}
								}
							}
						}
					}
				}
			}
		}
	}
}