{
	"body": {
		"25": {
			"body": {
				"body": {
					"21": {
						"expression": {
							"right": {
								"body": {
									"body": {
										"0": {
											"consequent": {
												"body": {
													"0": {
														"argument": {
															"type": "BinaryExpression",
															"operator": "===",
															"left": {
																"type": "CallExpression",
																"callee": {
																	"type": "MemberExpression",
																	"computed": false,
																	"object": {
																		"type": "Identifier",
																		"name": "ignoreTransform"
																	},
																	"property": {
																		"type": "Identifier",
																		"name": "indexOf"
																	}
																},
																"arguments": [
																	{
																		"type": "MemberExpression",
																		"computed": true,
																		"object": {
																			"type": "Identifier",
																			"name": "tr"
																		},
																		"property": {
																			"type": "Literal",
																			"value": 0,
																			"raw": "0"
																		}
																	}
																]
															},
															"right": {
																"type": "UnaryExpression",
																"operator": "-",
																"argument": {
																	"type": "Literal",
																	"value": 1,
																	"raw": "1"
																},
																"prefix": true
															}
														}
													}
												}
											}
										}
									}
								}
							}
						}
					}
				}
			}
		},
		"26": {
			"expression": {
				"right": {
					"body": {
						"body": {
							"5": {
								"consequent": {
									"body": {
										"1": {
											"expression": {
												"right": {
													"arguments": {
														"1": {
															"type": "Literal",
															"value": "/",
															"raw": "'/'"
														}
													}
												}
											}
										}
									}
								}
							},
							"8": {
								"consequent": {
									"body": {
										"2": {
											"expression": {
												"arguments": {
													"0": {
														"arguments": {
															"0": {
																"body": {
																	"body": {
																		"4": {
																			"declarations": {
																				"0": {
																					"init": {
																						"properties": {
																							"1": {
																								"value": {
																									"arguments": {
																										"1": {
																											"type": "Literal",
																											"value": false,
																											"raw": "false"
																										}
																									}
																								}
																							}
																						}
																					}
																				}
																			}
																		}
																	}
																}
															}
														}
													}
												}
											}
										}
									}
								}
							},
							"9": {
								"type": "VariableDeclaration",
								"declarations": [
									{
										"type": "VariableDeclarator",
										"id": {
											"type": "Identifier",
											"name": "row"
										},
										"init": null
									}
								]
							},
							"10": {
								"test": {
									"type": "BinaryExpression",
									"operator": "===",
									"left": {
										"type": "UnaryExpression",
										"operator": "typeof",
										"argument": {
											"type": "Identifier",
											"name": "file"
										},
										"prefix": true
									},
									"right": {
										"type": "Literal",
										"value": "object",
										"raw": "'object'"
									}
								},
								"consequent": {
									"body": {
										"0": {
											"expression": {
												"left": {
													"type": "Identifier"
												},
												"right": {
													"type": "CallExpression",
													"callee": {
														"type": "Identifier",
														"name": "xtend"
													},
													"arguments": [
														{
															"type": "Identifier",
															"name": "file"
														},
														{
															"type": "Identifier",
															"name": "opts"
														}
													]
												}
											}
										}
									}
								},
								"alternate": {
									"type": "IfStatement",
									"test": {
										"type": "LogicalExpression",
										"operator": "&&",
										"left": {
											"type": "UnaryExpression",
											"operator": "!",
											"argument": {
												"type": "MemberExpression",
												"computed": false,
												"object": {
													"type": "Identifier",
													"name": "opts"
												},
												"property": {
													"type": "Identifier",
													"name": "entry"
												}
											},
											"prefix": true
										},
										"right": {
											"type": "CallExpression",
											"callee": {
												"type": "Identifier",
												"name": "isExternalModule"
											},
											"arguments": [
												{
													"type": "Identifier",
													"name": "file"
												}
											]
										}
									},
									"consequent": {
										"type": "BlockStatement",
										"body": [
											{
												"type": "ExpressionStatement",
												"expression": {
													"type": "AssignmentExpression",
													"operator": "=",
													"left": {
														"type": "Identifier",
														"name": "row"
													},
													"right": {
														"type": "CallExpression",
														"callee": {
															"type": "Identifier",
															"name": "xtend"
														},
														"arguments": [
															{
																"type": "Identifier",
																"name": "opts"
															},
															{
																"type": "ObjectExpression",
																"properties": [
																	{
																		"type": "Property",
																		"key": {
																			"type": "Identifier",
																			"name": "id"
																		},
																		"computed": false,
																		"value": {
																			"type": "LogicalExpression",
																			"operator": "||",
																			"left": {
																				"type": "Identifier",
																				"name": "expose"
																			},
																			"right": {
																				"type": "Identifier",
																				"name": "file"
																			}
																		},
																		"kind": "init",
																		"method": false,
																		"shorthand": false
																	},
																	{
																		"type": "Property",
																		"key": {
																			"type": "Identifier",
																			"name": "file"
																		},
																		"computed": false,
																		"value": {
																			"type": "Identifier",
																			"name": "file"
																		},
																		"kind": "init",
																		"method": false,
																		"shorthand": false
																	}
																]
															}
														]
													}
												}
											}
										]
									},
									"alternate": {
										"type": "BlockStatement",
										"body": [
											{
												"type": "ExpressionStatement",
												"expression": {
													"type": "AssignmentExpression",
													"operator": "=",
													"left": {
														"type": "Identifier",
														"name": "row"
													},
													"right": {
														"type": "CallExpression",
														"callee": {
															"type": "Identifier",
															"name": "xtend"
														},
														"arguments": [
															{
																"type": "Identifier",
																"name": "opts"
															},
															{
																"type": "ObjectExpression",
																"properties": [
																	{
																		"type": "Property",
																		"key": {
																			"type": "Identifier",
																			"name": "file"
																		},
																		"computed": false,
																		"value": {
																			"type": "CallExpression",
																			"callee": {
																				"type": "MemberExpression",
																				"computed": false,
																				"object": {
																					"type": "Identifier",
																					"name": "path"
																				},
																				"property": {
																					"type": "Identifier",
																					"name": "resolve"
																				}
																			},
																			"arguments": [
																				{
																					"type": "Identifier",
																					"name": "basedir"
																				},
																				{
																					"type": "Identifier",
																					"name": "file"
																				}
																			]
																		},
																		"kind": "init",
																		"method": false,
																		"shorthand": false
																	}
																]
															}
														]
													}
												}
											}
										]
									}
								}
							},
							"11": {
								"test": {
									"type": "UnaryExpression",
									"operator": "!",
									"argument": {
										"type": "MemberExpression",
										"computed": false,
										"object": {
											"type": "Identifier",
											"name": "row"
										},
										"property": {
											"type": "Identifier",
											"name": "id"
										}
									}
								},
								"consequent": {
									"body": {
										"0": {
											"expression": {
												"left": {
													"property": {
														"name": "id"
													}
												},
												"right": {
													"type": "LogicalExpression",
													"left": {
														"type": "Identifier",
														"name": "expose"
													},
													"right": {
														"type": "MemberExpression",
														"computed": false,
														"object": {
															"type": "Identifier",
															"name": "row"
														},
														"property": {
															"type": "Identifier",
															"name": "file"
														}
													}
												}
											}
										}
									}
								}
							},
							"12": {
								"test": {
									"type": "LogicalExpression",
									"left": {
										"type": "Identifier",
										"name": "expose"
									},
									"right": {
										"type": "UnaryExpression",
										"operator": "!",
										"argument": {
											"type": "MemberExpression",
											"computed": false,
											"object": {
												"type": "Identifier",
												"name": "row"
											},
											"property": {
												"type": "Identifier",
												"name": "entry"
											}
										},
										"prefix": true
									}
								},
								"consequent": {
									"type": "BlockStatement",
									"body": [
										{
											"type": "ExpressionStatement",
											"expression": {
												"type": "AssignmentExpression",
												"operator": "=",
												"left": {
													"type": "MemberExpression",
													"computed": false,
													"object": {
														"type": "Identifier",
														"name": "row"
													},
													"property": {
														"type": "Identifier",
														"name": "expose"
													}
												},
												"right": {
													"type": "MemberExpression",
													"computed": false,
													"object": {
														"type": "Identifier",
														"name": "row"
													},
													"property": {
														"type": "Identifier",
														"name": "id"
													}
												}
											}
										}
									]
								}
							},
							"13": {
								"test": {
									"type": "MemberExpression",
									"object": {
										"type": "Identifier",
										"name": "opts"
									},
									"property": {
										"type": "Identifier",
										"name": "external"
									}
								},
								"consequent": {
									"type": "ReturnStatement",
									"argument": {
										"type": "CallExpression",
										"callee": {
											"type": "MemberExpression",
											"computed": false,
											"object": {
												"type": "Identifier",
												"name": "self"
											},
											"property": {
												"type": "Identifier",
												"name": "external"
											}
										},
										"arguments": [
											{
												"type": "Identifier",
												"name": "file"
											},
											{
												"type": "Identifier",
												"name": "opts"
											}
										]
									}
								}
							},
							"14": {
								"test": {
									"type": "BinaryExpression",
									"operator": "===",
									"left": {
										"type": "MemberExpression",
										"object": {
											"type": "Identifier",
											"name": "row"
										},
										"property": {
											"type": "Identifier",
											"name": "entry"
										}
									},
									"right": {
										"type": "Identifier"
									}
								},
								"consequent": {
									"type": "ExpressionStatement",
									"expression": {
										"type": "AssignmentExpression",
										"operator": "=",
										"left": {
											"type": "MemberExpression",
											"computed": false,
											"object": {
												"type": "Identifier",
												"name": "row"
											},
											"property": {
												"type": "Identifier",
												"name": "entry"
											}
										},
										"right": {
											"type": "Literal",
											"value": false,
											"raw": "false"
										}
									}
								}
							},
							"15": {
								"test": {
									"type": "LogicalExpression",
									"left": {
										"type": "UnaryExpression",
										"operator": "!",
										"argument": {
											"type": "MemberExpression",
											"computed": false,
											"object": {
												"type": "Identifier",
												"name": "row"
											},
											"property": {
												"type": "Identifier",
												"name": "entry"
											}
										},
										"prefix": true
									},
									"right": {
										"type": "BinaryExpression",
										"operator": "===",
										"left": {
											"type": "MemberExpression",
											"computed": false,
											"object": {
												"type": "MemberExpression",
												"computed": false,
												"object": {
													"type": "Identifier",
													"name": "self"
												},
												"property": {
													"type": "Identifier",
													"name": "_options"
												}
											},
											"property": {
												"type": "Identifier",
												"name": "exports"
											}
										},
										"right": {
											"type": "Identifier",
											"name": "undefined"
										}
									}
								},
								"consequent": {
									"type": "BlockStatement",
									"body": [
										{
											"type": "ExpressionStatement",
											"expression": {
												"type": "AssignmentExpression",
												"operator": "=",
												"left": {
													"type": "MemberExpression",
													"computed": false,
													"object": {
														"type": "MemberExpression",
														"computed": false,
														"object": {
															"type": "Identifier",
															"name": "self"
														},
														"property": {
															"type": "Identifier",
															"name": "_bpack"
														}
													},
													"property": {
														"type": "Identifier",
														"name": "hasExports"
													}
												},
												"right": {
													"type": "Literal",
													"value": true,
													"raw": "true"
												}
											}
										}
									]
								}
							},
							"16": {
								"test": {
									"type": "MemberExpression",
									"object": {
										"type": "Identifier",
										"name": "row"
									},
									"property": {
										"type": "Identifier",
										"name": "entry"
									}
								},
								"consequent": {
									"expression": {
										"left": {
											"property": {
												"name": "order"
											}
										},
										"right": {
											"type": "UpdateExpression",
											"argument": {
												"type": "MemberExpression",
												"computed": false,
												"object": {
													"type": "Identifier",
													"name": "self"
												},
												"property": {
													"type": "Identifier",
													"name": "_entryOrder"
												}
											}
										}
									}
								}
							},
							"17": {
								"type": "IfStatement",
								"test": {
									"type": "BinaryExpression",
									"operator": "===",
									"left": {
										"type": "MemberExpression",
										"computed": false,
										"object": {
											"type": "Identifier",
											"name": "opts"
										},
										"property": {
											"type": "Identifier",
											"name": "transform"
										}
									},
									"right": {
										"type": "Literal",
										"value": false,
										"raw": "false"
									}
								},
								"consequent": {
									"type": "ExpressionStatement",
									"expression": {
										"type": "AssignmentExpression",
										"operator": "=",
										"left": {
											"type": "MemberExpression",
											"computed": false,
											"object": {
												"type": "Identifier",
												"name": "row"
											},
											"property": {
												"type": "Identifier",
												"name": "transform"
											}
										},
										"right": {
											"type": "Literal",
											"value": false,
											"raw": "false"
										}
									}
								}
							},
							"18": {
								"type": "ExpressionStatement",
								"expression": {
									"type": "CallExpression",
									"callee": {
										"type": "MemberExpression",
										"computed": false,
										"object": {
											"type": "MemberExpression",
											"computed": false,
											"object": {
												"type": "Identifier",
												"name": "self"
											},
											"property": {
												"type": "Identifier",
												"name": "pipeline"
											}
										},
										"property": {
											"type": "Identifier",
											"name": "write"
										}
									},
									"arguments": [
										{
											"type": "Identifier",
											"name": "row"
										}
									]
								}
							},
							"19": {
								"type": "ReturnStatement",
								"argument": {
									"type": "Identifier",
									"name": "self"
								}
							}
						}
					}
				}
			}
		},
		"31": {
			"expression": {
				"right": {
					"body": {
						"body": {
							"12": {
								"consequent": {
									"body": {
										"0": {
											"declarations": {
												"0": {
													"init": {
														"properties": {
															"1": {
																"value": {
																	"arguments": {
																		"0": {
																			"body": {
																				"body": {
																					"0": {
																						"argument": {
																							"type": "CallExpression",
																							"callee": {
																								"type": "MemberExpression",
																								"computed": false,
																								"object": {
																									"type": "Identifier",
																									"name": "path"
																								},
																								"property": {
																									"type": "Identifier",
																									"name": "resolve"
																								}
																							},
																							"arguments": [
																								{
																									"type": "Identifier",
																									"name": "basedir"
																								},
																								{
																									"type": "Identifier",
																									"name": "p"
																								}
																							]
																						}
																					}
																				}
																			}
																		}
																	}
																}
															}
														}
													}
												}
											}
										},
										"1": {
											"expression": {
												"arguments": {
													"2": {
														"body": {
															"body": {
																"0": {
																	"consequent": {
																		"argument": {
																			"arguments": {
																				"1": {
																					"type": "Identifier",
																					"name": "err"
																				}
																			}
																		}
																	}
																}
															}
														}
													}
												}
											}
										}
									}
								}
							}
						}
					}
				}
			}
		},
		"32": {
			"expression": {
				"right": {
					"body": {
						"body": {
							"2": {
								"declarations": {
									"0": {
										"init": {
											"arguments": {
												"2": {
													"type": "CallExpression",
													"callee": {
														"type": "MemberExpression",
														"computed": false,
														"object": {
															"type": "Identifier",
															"name": "process"
														},
														"property": {
															"type": "Identifier",
															"name": "cwd"
														}
													},
													"arguments": []
												}
											}
										}
									}
								}
							}
						}
					}
				}
			}
		},
		"33": {
			"expression": {
				"right": {
					"body": {
						"body": {
							"5": {
								"expression": {
									"arguments": {
										"1": {
											"body": {
												"body": {
													"0": {
														"expression": {
															"arguments": {
																"2": {
																	"type": "Identifier",
																	"name": "file"
																}
															}
														}
													}
												}
											}
										}
									}
								}
							}
						}
					}
				}
			}
		},
		"34": {
			"expression": {
				"right": {
					"body": {
						"body": {
							"9": {
								"expression": {
									"right": {
										"body": {
											"body": {
												"0": {
													"test": {
														"right": {
															"argument": {
																"arguments": {
																	"0": {
																		"type": "Identifier",
																		"name": "id"
																	}
																}
															}
														}
													}
												}
											}
										}
									}
								}
							}
						}
					}
				}
			}
		},
		"41": {
			"expression": {
				"right": {
					"body": {
						"body": {
							"2": {
								"argument": {
									"arguments": {
										"0": {
											"body": {
												"body": {
													"3": {
														"consequent": {
															"argument": {
																"type": "CallExpression",
																"callee": {
																	"type": "Identifier",
																	"name": "next"
																},
																"arguments": []
															}
														}
													}
												}
											}
										}
									}
								}
							}
						}
					}
				}
			}
		}
	}
}