{
	"body": {
		"32": {
			"expression": {
				"right": {
					"body": {
						"body": {
							"0": {
								"consequent": {
									"body": {
										"1": {
											"type": "ExpressionStatement",
											"expression": {
												"type": "AssignmentExpression",
												"operator": "=",
												"left": {
													"type": "Identifier",
													"name": "p"
												},
												"right": {
													"type": "MemberExpression",
													"computed": true,
													"object": {
														"type": "Identifier",
														"name": "p"
													},
													"property": {
														"type": "Literal",
														"value": 0,
														"raw": "0"
													}
												}
											}
										}
									}
								}
							}
						}
					}
				}
			}
		},
		"33": {
			"expression": {
				"right": {
					"body": {
						"body": {
							"8": {
								"declarations": {
									"0": {
										"init": {
											"arguments": {
												"0": {
													"elements": {
														"18": {
															"type": "Literal"
														},
														"19": {
															"type": "ArrayExpression",
															"elements": [
																{
																	"type": "CallExpression",
																	"callee": {
																		"type": "MemberExpression",
																		"computed": false,
																		"object": {
																			"type": "ThisExpression"
																		},
																		"property": {
																			"type": "Identifier",
																			"name": "_emitDeps"
																		}
																	},
																	"arguments": []
																}
															]
														},
														"20": {
															"type": "Literal"
														},
														"21": {
															"type": "ArrayExpression",
															"elements": [
																{
																	"type": "CallExpression",
																	"callee": {
																		"type": "MemberExpression",
																		"computed": false,
																		"object": {
																			"type": "ThisExpression"
																		},
																		"property": {
																			"type": "Identifier",
																			"name": "_debug"
																		}
																	},
																	"arguments": [
																		{
																			"type": "Identifier",
																			"name": "opts"
																		}
																	]
																}
															]
														},
														"22": {
															"type": "Literal"
														},
														"23": {
															"type": "ArrayExpression",
															"elements": [
																{
																	"type": "MemberExpression",
																	"computed": false,
																	"object": {
																		"type": "ThisExpression"
																	},
																	"property": {
																		"type": "Identifier",
																		"name": "_bpack"
																	}
																}
															]
														},
														"24": {
															"type": "Literal"
														},
														"25": {
															"type": "ArrayExpression",
															"elements": []
														}
													}
												}
											}
										}
									}
								}
							}
						}
					}
				}
			}
		},
		"34": {
			"expression": {
				"right": {
					"body": {
						"body": {
							"10": {
								"expression": {
									"right": {
										"body": {
											"body": {
												"1": {
													"expression": {
														"arguments": {
															"2": {
																"body": {
																	"body": {
																		"1": {
																			"consequent": {
																				"body": {
																					"1": {
																						"consequent": {
																							"body": {
																								"1": {
																									"consequent": {
																										"body": {
																											"0": {
																												"argument": {
																													"arguments": {
																														"1": {
																															"type": "MemberExpression",
																															"object": {
																																"type": "Identifier",
																																"name": "paths"
																															},
																															"property": {
																																"type": "Identifier",
																																"name": "empty"
																															}
																														},
																														"2": {
																															"type": "ObjectExpression",
																															"properties": []
																														}
																													}
																												}
																											}
																										}
																									}
																								}
																							}
																						}
																					}
																				}
																			}
																		}
																	}
																}
															}
														}
													}
												}
											}
										}
									}
								}
							},
							"11": {
								"alternate": {
									"consequent": {
										"body": {
											"1": {
												"expression": {
													"arguments": {
														"0": {
															"params": {
																"0": {
																	"type": "Identifier",
																	"name": "key"
																}
															}
														}
													}
												}
											}
										}
									}
								}
							}
						}
					}
				}
			}
		}
	}
}