{
	"body": {
		"38": {
			"expression": {
				"right": {
					"body": {
						"body": {
							"0": {
								"argument": {
									"arguments": {
										"0": {
											"type": "FunctionExpression",
											"id": null,
											"params": [
												{
													"type": "Identifier",
													"name": "row"
												},
												{
													"type": "Identifier",
													"name": "enc"
												},
												{
													"type": "Identifier",
													"name": "next"
												}
											],
											"body": {
												"type": "BlockStatement",
												"body": [
													{
														"type": "IfStatement",
														"test": {
															"type": "CallExpression",
															"callee": {
																"type": "MemberExpression",
																"computed": false,
																"object": {
																	"type": "Literal",
																	"value": {},
																	"raw": "/^#!/",
																	"regex": {
																		"pattern": "^#!",
																		"flags": ""
																	}
																},
																"property": {
																	"type": "Identifier",
																	"name": "test"
																}
															},
															"arguments": [
																{
																	"type": "MemberExpression",
																	"computed": false,
																	"object": {
																		"type": "Identifier",
																		"name": "row"
																	},
																	"property": {
																		"type": "Identifier",
																		"name": "source"
																	}
																}
															]
														},
														"consequent": {
															"type": "BlockStatement",
															"body": [
																{
																	"type": "ExpressionStatement",
																	"expression": {
																		"type": "AssignmentExpression",
																		"operator": "=",
																		"left": {
																			"type": "MemberExpression",
																			"computed": false,
																			"object": {
																				"type": "Identifier",
																				"name": "row"
																			},
																			"property": {
																				"type": "Identifier",
																				"name": "source"
																			}
																		},
																		"right": {
																			"type": "CallExpression",
																			"callee": {
																				"type": "MemberExpression",
																				"computed": false,
																				"object": {
																					"type": "MemberExpression",
																					"computed": false,
																					"object": {
																						"type": "Identifier",
																						"name": "row"
																					},
																					"property": {
																						"type": "Identifier",
																						"name": "source"
																					}
																				},
																				"property": {
																					"type": "Identifier",
																					"name": "replace"
																				}
																			},
																			"arguments": [
																				{
																					"type": "Literal",
																					"value": {},
																					"raw": "/^#![^\\n]*\\n/",
																					"regex": {
																						"pattern": "^#![^\\n]*\\n",
																						"flags": ""
																					}
																				},
																				{
																					"type": "Literal",
																					"value": "",
																					"raw": "''"
																				}
																			]
																		}
																	}
																}
															]
														},
														"alternate": null
													},
													{
														"type": "ExpressionStatement",
														"expression": {
															"type": "CallExpression",
															"callee": {
																"type": "MemberExpression",
																"computed": false,
																"object": {
																	"type": "ThisExpression"
																},
																"property": {
																	"type": "Identifier",
																	"name": "push"
																}
															},
															"arguments": [
																{
																	"type": "Identifier",
																	"name": "row"
																}
															]
														}
													},
													{
														"type": "ExpressionStatement",
														"expression": {
															"type": "CallExpression",
															"callee": {
																"type": "Identifier",
																"name": "next"
															},
															"arguments": []
														}
													}
												]
											},
											"generator": false,
											"expression": false,
											"async": false
										}
									}
								}
							}
						}
					}
				}
			}
		},
		"41": {
			"expression": {
				"right": {
					"body": {
						"body": {
							"2": {
								"argument": {
									"arguments": {
										"0": {
											"body": {
												"body": {
													"7": {
														"expression": {
															"arguments": {
																"0": {
																	"body": {
																		"body": {
																			"6": {
																				"body": {
																					"body": {
																						"1": {
																							"consequent": {
																								"body": {
																									"1": {
																										"type": "BreakStatement",
																										"label": null
																									}
																								}
																							}
																						}
																					}
																				}
																			}
																		}
																	}
																}
															}
														}
													}
												}
											}
										}
									}
								}
							}
						}
					}
				}
			}
		}
	}
}