{
	"body": {
		"25": {
			"body": {
				"body": {
					"3": {
						"alternate": {
							"expression": {
								"right": {
									"arguments": {
										"1": {
											"type": "Identifier",
											"name": "opts"
										}
									}
								}
							}
						}
					},
					"6": {
						"consequent": {
							"body": {
								"0": {
									"argument": {
										"arguments": {
											"0": {
												"type": "Literal",
												"value": "opts.basedir must be either undefined or a string.",
												"raw": "'opts.basedir must be either undefined or a string.'"
											}
										}
									}
								}
							}
						}
					}
				}
			}
		},
		"34": {
			"expression": {
				"right": {
					"body": {
						"body": {
							"10": {
								"expression": {
									"right": {
										"body": {
											"body": {
												"1": {
													"expression": {
														"arguments": {
															"2": {
																"body": {
																	"body": {
																		"1": {
																			"consequent": {
																				"body": {
																					"1": {
																						"type": "IfStatement",
																						"test": {
																							"type": "Identifier",
																							"name": "nm"
																						},
																						"consequent": {
																							"type": "BlockStatement",
																							"body": [
																								{
																									"type": "ExpressionStatement",
																									"expression": {
																										"type": "AssignmentExpression",
																										"operator": "=",
																										"left": {
																											"type": "Identifier",
																											"name": "nm"
																										},
																										"right": {
																											"type": "MemberExpression",
																											"computed": true,
																											"object": {
																												"type": "CallExpression",
																												"callee": {
																													"type": "MemberExpression",
																													"computed": false,
																													"object": {
																														"type": "Identifier",
																														"name": "nm"
																													},
																													"property": {
																														"type": "Identifier",
																														"name": "split"
																													}
																												},
																												"arguments": [
																													{
																														"type": "Literal",
																														"value": "/",
																														"raw": "'/'"
																													}
																												]
																											},
																											"property": {
																												"type": "Literal",
																												"value": 0,
																												"raw": "0"
																											}
																										}
																									}
																								},
																								{
																									"type": "IfStatement",
																									"test": {
																										"type": "BinaryExpression",
																										"operator": ">=",
																										"left": {
																											"type": "CallExpression",
																											"callee": {
																												"type": "MemberExpression",
																												"computed": false,
																												"object": {
																													"type": "MemberExpression",
																													"computed": false,
																													"object": {
																														"type": "Identifier",
																														"name": "self"
																													},
																													"property": {
																														"type": "Identifier",
																														"name": "_ignore"
																													}
																												},
																												"property": {
																													"type": "Identifier",
																													"name": "indexOf"
																												}
																											},
																											"arguments": [
																												{
																													"type": "Identifier",
																													"name": "nm"
																												}
																											]
																										},
																										"right": {
																											"type": "Literal",
																											"value": 0,
																											"raw": "0"
																										}
																									},
																									"consequent": {
																										"type": "BlockStatement",
																										"body": [
																											{
																												"type": "ReturnStatement",
																												"argument": {
																													"type": "CallExpression",
																													"callee": {
																														"type": "Identifier",
																														"name": "cb"
																													},
																													"arguments": [
																														{
																															"type": "Literal",
																															"value": null,
																															"raw": "null"
																														},
																														{
																															"type": "MemberExpression",
																															"computed": false,
																															"object": {
																																"type": "Identifier",
																																"name": "paths"
																															},
																															"property": {
																																"type": "Identifier",
																																"name": "empty"
																															}
																														},
																														{
																															"type": "ObjectExpression",
																															"properties": []
																														}
																													]
																												}
																											}
																										]
																									},
																									"alternate": null
																								}
																							]
																						},
																						"alternate": null
																					}
																				}
																			}
																		}
																	}
																}
															}
														}
													}
												}
											}
										}
									}
								}
							},
							"11": {
								"alternate": {
									"consequent": {
										"body": {
											"1": {
												"type": "ExpressionStatement",
												"expression": {
													"type": "CallExpression",
													"callee": {
														"type": "MemberExpression",
														"computed": false,
														"object": {
															"type": "MemberExpression",
															"computed": false,
															"object": {
																"type": "Identifier",
																"name": "opts"
															},
															"property": {
																"type": "Identifier",
																"name": "builtins"
															}
														},
														"property": {
															"type": "Identifier",
															"name": "forEach"
														}
													},
													"arguments": [
														{
															"type": "FunctionExpression",
															"id": null,
															"params": [
																{
																	"type": "Identifier",
																	"name": "key"
																}
															],
															"body": {
																"type": "BlockStatement",
																"body": [
																	{
																		"type": "ExpressionStatement",
																		"expression": {
																			"type": "AssignmentExpression",
																			"operator": "=",
																			"left": {
																				"type": "MemberExpression",
																				"computed": true,
																				"object": {
																					"type": "MemberExpression",
																					"computed": false,
																					"object": {
																						"type": "Identifier",
																						"name": "mopts"
																					},
																					"property": {
																						"type": "Identifier",
																						"name": "modules"
																					}
																				},
																				"property": {
																					"type": "Identifier",
																					"name": "key"
																				}
																			},
																			"right": {
																				"type": "MemberExpression",
																				"computed": true,
																				"object": {
																					"type": "Identifier",
																					"name": "builtins"
																				},
																				"property": {
																					"type": "Identifier",
																					"name": "key"
																				}
																			}
																		}
																	}
																]
															},
															"generator": false,
															"expression": false,
															"async": false
														}
													]
												}
											}
										}
									}
								}
							}
						}
					}
				}
			}
		},
		"44": {
			"expression": {
				"right": {
					"body": {
						"body": {
							"2": {
								"expression": {
									"right": {
										"arguments": {
											"0": {
												"type": "CallExpression",
												"callee": {
													"type": "Identifier",
													"name": "xtend"
												},
												"arguments": [
													{
														"type": "Identifier",
														"name": "opts"
													},
													{
														"type": "MemberExpression",
														"computed": false,
														"object": {
															"type": "ThisExpression"
														},
														"property": {
															"type": "Identifier",
															"name": "_options"
														}
													}
												]
											}
										}
									}
								}
							}
						}
					}
				}
			}
		}
	}
}