{
	"body": {
		"25": {
			"body": {
				"body": {
					"24": {
						"expression": {
							"arguments": {
								"0": {
									"body": {
										"body": {
											"0": {
												"expression": {
													"arguments": {
														"1": {
															"properties": {
																"0": {
																	"type": "Property",
																	"key": {
																		"type": "Identifier",
																		"name": "basedir"
																	},
																	"computed": false,
																	"value": {
																		"type": "MemberExpression",
																		"computed": false,
																		"object": {
																			"type": "Identifier",
																			"name": "opts"
																		},
																		"property": {
																			"type": "Identifier",
																			"name": "basedir"
																		}
																	},
																	"kind": "init",
																	"method": false,
																	"shorthand": false
																}
															}
														}
													}
												}
											}
										}
									}
								}
							}
						}
					}
				}
			}
		}
	}
}