{
	"body": {
		"44": {
			"expression": {
				"right": {
					"body": {
						"body": {
							"2": {
								"expression": {
									"right": {
										"arguments": {
											"0": {
												"arguments": {
													"1": {
														"type": "MemberExpression",
														"computed": false,
														"object": {
															"type": "ThisExpression"
														},
														"property": {
															"type": "Identifier",
															"name": "_options"
														}
													}
												}
											}
										}
									}
								}
							}
						}
					}
				}
			}
		}
	}
}