{
	"body": {
		"41": {
			"expression": {
				"right": {
					"body": {
						"body": {
							"2": {
								"argument": {
									"arguments": {
										"0": {
											"body": {
												"body": {
													"1": {
														"consequent": {
															"argument": {
																"type": "CallExpression",
																"callee": {
																	"type": "Identifier",
																	"name": "next"
																},
																"arguments": []
															}
														}
													}
												}
											}
										}
									}
								}
							}
						}
					}
				}
			}
		}
	}
}