{
	"body": {
		"30": {
			"expression": {
				"right": {
					"body": {
						"body": {
							"3": {
								"argument": {
									"type": "ThisExpression"
								}
							}
						}
					}
				}
			}
		},
		"34": {
			"expression": {
				"right": {
					"body": {
						"body": {
							"10": {
								"expression": {
									"right": {
										"body": {
											"body": {
												"1": {
													"expression": {
														"arguments": {
															"2": {
																"body": {
																	"body": {
																		"1": {
																			"test": {
																				"type": "LogicalExpression",
																				"left": {
																					"type": "Identifier",
																					"name": "file"
																				},
																				"right": {
																					"type": "MemberExpression",
																					"computed": false,
																					"object": {
																						"type": "MemberExpression",
																						"computed": false,
																						"object": {
																							"type": "Identifier",
																							"name": "self"
																						},
																						"property": {
																							"type": "Identifier",
																							"name": "_ignore"
																						}
																					},
																					"property": {
																						"type": "Identifier",
																						"name": "length"
																					}
																				}
																			},
																			"consequent": {
																				"body": {
																					"0": {
																						"declarations": {
																							"0": {
																								"id": {
																									"name": "nm"
																								},
																								"init": {
																									"type": "MemberExpression",
																									"object": {
																										"type": "CallExpression",
																										"callee": {
																											"type": "MemberExpression",
																											"computed": false,
																											"object": {
																												"type": "Identifier",
																												"name": "file"
																											},
																											"property": {
																												"type": "Identifier",
																												"name": "split"
																											}
																										},
																										"arguments": [
																											{
																												"type": "Literal",
																												"value": "/node_modules/",
																												"raw": "'/node_modules/'"
																											}
																										]
																									},
																									"property": {
																										"type": "Literal",
																										"value": 1,
																										"raw": "1"
																									}
																								}
																							}
																						}
																					},
																					"1": {
																						"test": {
																							"type": "Identifier"
																						},
																						"consequent": {
																							"body": {
																								"0": {
																									"type": "ExpressionStatement",
																									"expression": {
																										"type": "AssignmentExpression",
																										"operator": "=",
																										"left": {
																											"type": "Identifier",
																											"name": "nm"
																										},
																										"right": {
																											"type": "MemberExpression",
																											"computed": true,
																											"object": {
																												"type": "CallExpression",
																												"callee": {
																													"type": "MemberExpression",
																													"computed": false,
																													"object": {
																														"type": "Identifier",
																														"name": "nm"
																													},
																													"property": {
																														"type": "Identifier",
																														"name": "split"
																													}
																												},
																												"arguments": [
																													{
																														"type": "Literal",
																														"value": "/",
																														"raw": "'/'"
																													}
																												]
																											},
																											"property": {
																												"type": "Literal",
																												"value": 0,
																												"raw": "0"
																											}
																										}
																									}
																								},
																								"1": {
																									"type": "IfStatement",
																									"test": {
																										"type": "BinaryExpression",
																										"operator": ">=",
																										"left": {
																											"type": "CallExpression",
																											"callee": {
																												"type": "MemberExpression",
																												"computed": false,
																												"object": {
																													"type": "MemberExpression",
																													"computed": false,
																													"object": {
																														"type": "Identifier",
																														"name": "self"
																													},
																													"property": {
																														"type": "Identifier",
																														"name": "_ignore"
																													}
																												},
																												"property": {
																													"type": "Identifier",
																													"name": "indexOf"
																												}
																											},
																											"arguments": [
																												{
																													"type": "Identifier",
																													"name": "nm"
																												}
																											]
																										},
																										"right": {
																											"type": "Literal",
																											"value": 0,
																											"raw": "0"
																										}
																									},
																									"consequent": {
																										"type": "BlockStatement",
																										"body": [
																											{
																												"type": "ReturnStatement",
																												"argument": {
																													"type": "CallExpression",
																													"callee": {
																														"type": "Identifier",
																														"name": "cb"
																													},
																													"arguments": [
																														{
																															"type": "Literal",
																															"value": null,
																															"raw": "null"
																														},
																														{
																															"type": "MemberExpression",
																															"computed": false,
																															"object": {
																																"type": "Identifier",
																																"name": "paths"
																															},
																															"property": {
																																"type": "Identifier",
																																"name": "empty"
																															}
																														},
																														{
																															"type": "ObjectExpression",
																															"properties": []
																														}
																													]
																												}
																											}
																										]
																									},
																									"alternate": null
																								}
																							}
																						}
																					}
																				}
																			}
																		},
																		"2": {
																			"test": {
																				"name": "file"
																			},
																			"consequent": {
																				"type": "BlockStatement",
																				"body": [
																					{
																						"type": "VariableDeclaration",
																						"declarations": [
																							{
																								"type": "VariableDeclarator",
																								"id": {
																									"type": "Identifier",
																									"name": "ex"
																								},
																								"init": {
																									"type": "BinaryExpression",
																									"operator": "+",
																									"left": {
																										"type": "Literal",
																										"value": "/",
																										"raw": "'/'"
																									},
																									"right": {
																										"type": "CallExpression",
																										"callee": {
																											"type": "MemberExpression",
																											"computed": false,
																											"object": {
																												"type": "Identifier",
																												"name": "path"
																											},
																											"property": {
																												"type": "Identifier",
																												"name": "relative"
																											}
																										},
																										"arguments": [
																											{
																												"type": "Identifier",
																												"name": "basedir"
																											},
																											{
																												"type": "Identifier",
																												"name": "file"
																											}
																										]
																									}
																								}
																							}
																						],
																						"kind": "var"
																					},
																					{
																						"type": "IfStatement",
																						"test": {
																							"type": "BinaryExpression",
																							"operator": ">=",
																							"left": {
																								"type": "CallExpression",
																								"callee": {
																									"type": "MemberExpression",
																									"computed": false,
																									"object": {
																										"type": "MemberExpression",
																										"computed": false,
																										"object": {
																											"type": "Identifier",
																											"name": "self"
																										},
																										"property": {
																											"type": "Identifier",
																											"name": "_external"
																										}
																									},
																									"property": {
																										"type": "Identifier",
																										"name": "indexOf"
																									}
																								},
																								"arguments": [
																									{
																										"type": "Identifier",
																										"name": "ex"
																									}
																								]
																							},
																							"right": {
																								"type": "Literal",
																								"value": 0,
																								"raw": "0"
																							}
																						},
																						"consequent": {
																							"type": "BlockStatement",
																							"body": [
																								{
																									"type": "ReturnStatement",
																									"argument": {
																										"type": "CallExpression",
																										"callee": {
																											"type": "Identifier",
																											"name": "cb"
																										},
																										"arguments": [
																											{
																												"type": "Literal",
																												"value": null,
																												"raw": "null"
																											},
																											{
																												"type": "Identifier",
																												"name": "ex"
																											}
																										]
																									}
																								}
																							]
																						},
																						"alternate": null
																					},
																					{
																						"type": "IfStatement",
																						"test": {
																							"type": "BinaryExpression",
																							"operator": ">=",
																							"left": {
																								"type": "CallExpression",
																								"callee": {
																									"type": "MemberExpression",
																									"computed": false,
																									"object": {
																										"type": "MemberExpression",
																										"computed": false,
																										"object": {
																											"type": "Identifier",
																											"name": "self"
																										},
																										"property": {
																											"type": "Identifier",
																											"name": "_exclude"
																										}
																									},
																									"property": {
																										"type": "Identifier",
																										"name": "indexOf"
																									}
																								},
																								"arguments": [
																									{
																										"type": "Identifier",
																										"name": "ex"
																									}
																								]
																							},
																							"right": {
																								"type": "Literal",
																								"value": 0,
																								"raw": "0"
																							}
																						},
																						"consequent": {
																							"type": "BlockStatement",
																							"body": [
																								{
																									"type": "ReturnStatement",
																									"argument": {
																										"type": "CallExpression",
																										"callee": {
																											"type": "Identifier",
																											"name": "cb"
																										},
																										"arguments": [
																											{
																												"type": "Literal",
																												"value": null,
																												"raw": "null"
																											},
																											{
																												"type": "Identifier",
																												"name": "ex"
																											}
																										]
																									}
																								}
																							]
																						},
																						"alternate": null
																					},
																					{
																						"type": "IfStatement",
																						"test": {
																							"type": "BinaryExpression",
																							"operator": ">=",
																							"left": {
																								"type": "CallExpression",
																								"callee": {
																									"type": "MemberExpression",
																									"computed": false,
																									"object": {
																										"type": "MemberExpression",
																										"computed": false,
																										"object": {
																											"type": "Identifier",
																											"name": "self"
																										},
																										"property": {
																											"type": "Identifier",
																											"name": "_ignore"
																										}
																									},
																									"property": {
																										"type": "Identifier",
																										"name": "indexOf"
																									}
																								},
																								"arguments": [
																									{
																										"type": "Identifier",
																										"name": "ex"
																									}
																								]
																							},
																							"right": {
																								"type": "Literal",
																								"value": 0,
																								"raw": "0"
																							}
																						},
																						"consequent": {
																							"type": "BlockStatement",
																							"body": [
																								{
																									"type": "ReturnStatement",
																									"argument": {
																										"type": "CallExpression",
																										"callee": {
																											"type": "Identifier",
																											"name": "cb"
																										},
																										"arguments": [
																											{
																												"type": "Literal",
																												"value": null,
																												"raw": "null"
																											},
																											{
																												"type": "MemberExpression",
																												"computed": false,
																												"object": {
																													"type": "Identifier",
																													"name": "paths"
																												},
																												"property": {
																													"type": "Identifier",
																													"name": "empty"
																												}
																											},
																											{
																												"type": "ObjectExpression",
																												"properties": []
																											}
																										]
																									}
																								}
																							]
																						},
																						"alternate": null
																					}
																				]
																			}
																		},
																		"3": {
																			"type": "IfStatement",
																			"test": {
																				"type": "Identifier",
																				"name": "err"
																			},
																			"consequent": {
																				"type": "ExpressionStatement",
																				"expression": {
																					"type": "CallExpression",
																					"callee": {
																						"type": "Identifier",
																						"name": "cb"
																					},
																					"arguments": [
																						{
																							"type": "Identifier",
																							"name": "err"
																						},
																						{
																							"type": "Identifier",
																							"name": "file"
																						},
																						{
																							"type": "Identifier",
																							"name": "pkg"
																						}
																					]
																				}
																			},
																			"alternate": {
																				"type": "IfStatement",
																				"test": {
																					"type": "Identifier",
																					"name": "file"
																				},
																				"consequent": {
																					"type": "ExpressionStatement",
																					"expression": {
																						"type": "CallExpression",
																						"callee": {
																							"type": "MemberExpression",
																							"computed": false,
																							"object": {
																								"type": "Identifier",
																								"name": "fs"
																							},
																							"property": {
																								"type": "Identifier",
																								"name": "realpath"
																							}
																						},
																						"arguments": [
																							{
																								"type": "Identifier",
																								"name": "file"
																							},
																							{
																								"type": "FunctionExpression",
																								"id": null,
																								"params": [
																									{
																										"type": "Identifier",
																										"name": "err"
																									},
																									{
																										"type": "Identifier",
																										"name": "res"
																									}
																								],
																								"body": {
																									"type": "BlockStatement",
																									"body": [
																										{
																											"type": "ExpressionStatement",
																											"expression": {
																												"type": "CallExpression",
																												"callee": {
																													"type": "Identifier",
																													"name": "cb"
																												},
																												"arguments": [
																													{
																														"type": "Identifier",
																														"name": "err"
																													},
																													{
																														"type": "Identifier",
																														"name": "res"
																													},
																													{
																														"type": "Identifier",
																														"name": "pkg"
																													},
																													{
																														"type": "Identifier",
																														"name": "file"
																													}
																												]
																											}
																										}
																									]
																								},
																								"generator": false,
																								"expression": false,
																								"async": false
																							}
																						]
																					}
																				},
																				"alternate": {
																					"type": "ExpressionStatement",
																					"expression": {
																						"type": "CallExpression",
																						"callee": {
																							"type": "Identifier",
																							"name": "cb"
																						},
																						"arguments": [
																							{
																								"type": "Identifier",
																								"name": "err"
																							},
																							{
																								"type": "Literal",
																								"value": null,
																								"raw": "null"
																							},
																							{
																								"type": "Identifier",
																								"name": "pkg"
																							}
																						]
																					}
																				}
																			}
																		}
																	}
																}
															}
														}
													}
												}
											}
										}
									}
								}
							},
							"17": {
								"body": {
									"body": {
										"2": {
											"test": {
												"left": {
													"arguments": {
														"0": {
															"type": "Identifier",
															"name": "file"
														}
													}
												}
											}
										}
									}
								}
							}
						}
					}
				}
			}
		}
	}
}