{
	"body": {
		"35": {
			"expression": {
				"right": {
					"body": {
						"body": {
							"4": {
								"declarations": {
									"0": {
										"init": {
											"arguments": {
												"1": {
													"type": "Identifier",
													"name": "end"
												}
											}
										}
									}
								}
							}
						}
					}
				}
			}
		},
		"41": {
			"expression": {
				"right": {
					"body": {
						"body": {
							"2": {
								"argument": {
									"arguments": {
										"0": {
											"body": {
												"body": {
													"2": {
														"consequent": {
															"body": {
																"0": {
																	"type": "ReturnStatement",
																	"argument": {
																		"type": "CallExpression",
																		"callee": {
																			"type": "Identifier",
																			"name": "next"
																		},
																		"arguments": []
																	}
																}
															}
														}
													}
												}
											}
										}
									}
								}
							}
						}
					}
				}
			}
		}
	}
}