{
	"body": {
		"32": {
			"expression": {
				"right": {
					"body": {
						"body": {
							"0": {
								"test": {
									"arguments": {
										"0": {
											"type": "Identifier",
											"name": "p"
										}
									}
								}
							}
						}
					}
				}
			}
		},
		"33": {
			"expression": {
				"right": {
					"body": {
						"body": {
							"4": {
								"expression": {
									"arguments": {
										"1": {
											"body": {
												"body": {
													"0": {
														"expression": {
															"arguments": {
																"1": {
																	"type": "Identifier",
																	"name": "pkg"
																}
															}
														}
													}
												}
											}
										}
									}
								}
							}
						}
					}
				}
			}
		},
		"34": {
			"expression": {
				"right": {
					"body": {
						"body": {
							"4": {
								"expression": {
									"right": {
										"arguments": {
											"0": {
												"type": "LogicalExpression",
												"operator": "||",
												"left": {
													"type": "MemberExpression",
													"computed": false,
													"object": {
														"type": "Identifier",
														"name": "mopts"
													},
													"property": {
														"type": "Identifier",
														"name": "extensions"
													}
												},
												"right": {
													"type": "ArrayExpression",
													"elements": []
												}
											}
										}
									}
								}
							}
						}
					}
				}
			}
		},
		"44": {
			"expression": {
				"right": {
					"body": {
						"body": {
							"2": {
								"expression": {
									"right": {
										"arguments": {
											"0": {
												"arguments": {
													"1": {
														"type": "MemberExpression",
														"computed": false,
														"object": {
															"type": "ThisExpression"
														},
														"property": {
															"type": "Identifier",
															"name": "_options"
														}
													}
												}
											}
										}
									}
								}
							}
						}
					}
				}
			}
		}
	}
}