exectimer	0	8	12
exectimer	1	97	101
exectimer	2	94	102
exectimer	2	149	149
exectimer	3	102	102
exectimer	3	133	133
exectimer	3	178	178
exectimer	4	97	97
exectimer	4	178	178
exectimer	5	23	25
exectimer	5	123	123
exectimer	6	8	12
exectimer	6	98	101
exectimer	6	166	168
exectimer	7	133	133
exectimer	8	118	118
exectimer	9	133	133
exectimer	10	118	118
exectimer	10	153	156
exectimer	11	108	114
exectimer	11	117	119
exectimer	12	95	95
exectimer	13	99	99
exectimer	13	153	156
exectimer	14	99	99
exectimer	18	95	95
exectimer	18	156	156
exectimer	20	17	20
exectimer	20	99	99
exectimer	20	133	133
exectimer	20	151	151
exectimer	22	95	95
exectimer	23	88	92
exectimer	26	95	95
exectimer	27	149	149
exectimer	28	97	99
exectimer	28	117	119
exectimer	29	133	133
exectimer	29	150	150
exectimer	31	95	95
exectimer	32	23	25
exectimer	32	108	114
exectimer	32	156	156
exectimer	34	178	178
exectimer	35	98	101
exectimer	36	68	71
exectimer	36	97	97
exectimer	36	123	123
exectimer	36	156	156
exectimer	38	63	63
exectimer	38	97	97
exectimer	38	150	150
exectimer	39	102	102
exectimer	39	108	114
exectimer	39	133	133
exectimer	40	149	150
exectimer	40	170	170
exectimer	40	178	178
exectimer	40	185	189
exectimer	42	61	65
exectimer	42	98	101
exectimer	43	118	118
exectimer	44	166	168
exectimer	45	100	101
exectimer	46	108	114
exectimer	46	178	178
exectimer	47	37	40
exectimer	47	61	65
exectimer	47	123	123
exectimer	48	37	40
exectimer	48	153	156
exectimer	48	185	189
exectimer	49	149	149
exectimer	50	178	178
exectimer	51	62	64
exectimer	51	101	101
exectimer	54	61	65
exectimer	54	178	178
exectimer	55	118	118
exectimer	56	24	24
exectimer	57	117	119
exectimer	58	93	93
exectimer	58	96	101
exectimer	58	123	123
exectimer	59	61	65
jade	0	33	40
jade	0	142	142
jade	0	146	147
jade	0	251	251
jade	0	311	317
jade	1	25	27
jade	1	82	85
jade	1	149	150
jade	1	262	270
jade	1	310	312
jade	2	7	9
jade	2	315	315
jade	3	21	23
jade	3	146	147
jade	5	48	48
jade	5	84	84
jade	5	111	111
jade	5	208	209
jade	5	213	219
jade	5	222	240
jade	6	33	40
jade	6	77	77
jade	6	244	244
jade	6	315	315
jade	7	65	65
jade	7	82	85
jade	7	146	146
jade	7	185	188
jade	7	227	240
jade	7	304	304
jade	7	315	317
jade	8	143	143
jade	9	82	82
jade	9	190	191
jade	9	195	202
jade	9	205	206
jade	9	209	209
jade	9	213	219
jade	9	222	240
jade	9	253	253
jade	10	25	27
jade	10	179	179
jade	10	310	312
jade	11	29	31
jade	11	48	48
jade	11	177	177
jade	11	185	188
jade	11	310	312
jade	12	154	168
jade	12	251	251
jade	14	253	253
jade	14	287	287
jade	15	185	188
jade	16	142	142
jade	16	179	179
jade	17	48	48
jade	17	65	65
jade	18	313	313
jade	19	181	181
jade	19	242	242
jade	21	313	313
jade	22	82	85
jade	22	317	317
jade	23	7	9
jade	23	21	23
jade	23	142	142
jade	23	177	177
jade	23	244	244
jade	23	311	317
jade	24	84	84
jade	24	146	147
jade	24	181	181
jade	24	244	244
jade	24	256	256
jade	25	7	9
jade	25	71	71
jade	25	84	84
jade	25	298	298
jade	25	311	317
jade	26	84	84
jade	26	272	272
jade	27	25	27
jade	27	77	77
jade	27	256	256
jade	28	7	9
jade	28	71	71
jade	28	146	147
jade	28	311	317
jade	29	91	104
jade	29	146	146
jade	29	251	251
jade	30	84	84
jade	30	118	132
jade	30	146	147
jade	30	179	179
jade	30	190	191
jade	30	195	202
jade	30	205	206
jade	30	209	209
jade	30	213	219
jade	30	222	240
jade	31	84	84
jade	31	253	253
jade	31	317	317
jade	32	77	77
jade	32	84	84
jade	32	111	111
jade	32	181	181
jade	32	253	253
jade	32	311	317
jade	33	77	77
jade	33	149	150
jade	33	227	240
jade	33	311	317
jade	34	84	84
jade	35	190	191
jade	35	195	202
jade	35	205	206
jade	35	209	209
jade	35	213	219
jade	35	222	240
jade	35	251	251
jade	35	287	287
jade	35	313	313
jade	35	317	317
jade	36	48	48
jade	36	142	142
jade	36	244	244
jade	36	262	270
jade	37	25	27
jade	37	48	48
jade	37	65	65
jade	37	84	84
jade	37	91	104
jade	37	111	111
jade	37	317	317
jade	38	33	40
jade	38	71	71
jade	38	84	84
jade	38	111	111
jade	38	313	313
jade	38	317	317
jade	39	142	142
jade	39	227	240
jade	40	25	31
jade	40	304	304
jade	40	313	313
jade	41	82	85
jade	41	142	142
jade	41	181	181
jade	41	208	209
jade	41	213	219
jade	41	222	240
jade	41	289	296
jade	42	77	77
jade	42	142	142
jade	42	149	150
jade	43	253	253
jade	44	7	9
jade	44	48	48
jade	45	48	48
jade	45	150	150
jade	45	262	270
jade	45	310	312
jade	45	317	317
jade	46	7	9
jade	46	71	71
jade	46	82	82
jade	46	91	104
jade	46	154	168
jade	46	227	240
jade	47	84	84
jade	47	118	132
jade	47	253	253
jade	48	25	27
jade	48	118	132
jade	48	251	253
jade	48	258	258
jade	48	317	317
jade	49	142	142
jade	49	311	317
jade	50	2	99
jade	51	2	99
jade	52	2	99
jade	53	25	27
jade	53	253	253
jade	53	298	298
jade	53	317	317
jade	54	65	65
jade	54	146	147
jade	54	227	240
jade	54	253	253
jade	54	262	270
jade	54	317	317
jade	55	33	40
jade	55	111	111
jade	55	149	150
jade	55	182	182
jade	55	304	304
jade	55	317	317
jade	56	118	132
jade	56	149	150
jade	56	317	317
jade	57	251	251
jade	57	304	304
jade	59	71	71
jade	59	82	85
jade	59	272	272
jade	59	313	317
jquery	0	2869	2869
jquery	0	3279	3282
jquery	0	3949	3949
jquery	0	5740	5743
jquery	0	5788	5788
jquery	1	721	723
jquery	2	721	723
jquery	2	1784	1784
jquery	2	2601	2601
jquery	2	5194	5197
jquery	2	5429	5429
jquery	2	5748	5748
jquery	2	6618	6618
jquery	2	6711	6711
jquery	2	6902	6902
jquery	3	721	723
jquery	4	363	366
jquery	4	721	723
jquery	4	1512	1512
jquery	4	3654	3654
jquery	4	5791	5792
jquery	5	721	723
jquery	5	3529	3529
jquery	5	4313	4410
jquery	6	721	723
jquery	6	1674	1682
jquery	6	3105	3107
jquery	6	4192	4192
jquery	7	721	723
jquery	8	721	723
jquery	8	2125	2126
jquery	8	2305	2307
jquery	8	5232	5232
jquery	8	5869	5869
jquery	9	380	380
jquery	9	721	723
jquery	9	2470	2470
jquery	10	721	723
jquery	10	3074	3074
jquery	10	5623	5623
jquery	11	721	723
jquery	11	1022	1022
jquery	11	1603	1603
jquery	11	2946	2946
jquery	11	6150	6150
jquery	12	721	723
jquery	12	899	899
jquery	12	5425	5425
jquery	12	6455	6457
jquery	13	721	723
jquery	13	3154	3154
jquery	13	4823	4823
jquery	13	5387	5387
jquery	13	5801	5801
jquery	14	721	723
jquery	14	1836	1836
jquery	14	3231	3231
jquery	14	5910	5913
jquery	14	7019	7019
jquery	14	7430	7430
jquery	15	721	723
jquery	15	907	907
jquery	15	1692	1692
jquery	15	2511	2514
jquery	15	5931	5932
jquery	15	6165	6165
jquery	15	6651	6651
jquery	15	7028	7029
jquery	16	721	723
jquery	16	1022	1022
jquery	16	1480	1480
jquery	16	1724	1724
jquery	16	5131	5144
jquery	17	721	723
jquery	17	1321	1321
jquery	17	6230	6241
jquery	17	6536	6539
jquery	18	721	723
jquery	18	1771	1797
jquery	18	1800	1836
jquery	18	1839	1852
jquery	18	1855	1888
jquery	18	3214	3214
jquery	18	4705	4737
jquery	18	6027	6027
jquery	18	6160	6160
jquery	19	486	486
jquery	19	721	723
jquery	19	3437	3437
jquery	19	4065	4065
jquery	20	721	723
jquery	20	5309	5309
jquery	21	721	723
jquery	21	2636	2637
jquery	21	3368	3368
jquery	22	721	723
jquery	22	4675	4675
jquery	22	7388	7391
jquery	23	95	95
jquery	23	721	723
jquery	23	1103	1103
jquery	23	4528	4528
jquery	23	5847	5850
jquery	24	721	723
jquery	24	1578	1579
jquery	24	6448	6448
jquery	24	7339	7339
jquery	25	534	534
jquery	25	721	723
jquery	25	847	847
jquery	25	2696	2697
jquery	26	517	517
jquery	26	706	706
jquery	26	721	723
jquery	26	1883	1883
jquery	26	6017	6019
jquery	26	6184	6192
jquery	27	721	723
jquery	27	6262	6262
jquery	28	721	723
jquery	29	721	723
jquery	29	1511	1511
jquery	29	1775	1777
jquery	29	2959	2959
jquery	29	3749	3749
jquery	29	6052	6052
jquery	30	721	723
jquery	30	1413	1413
jquery	30	1800	1804
jquery	30	3073	3075
jquery	30	3403	3404
jquery	30	3521	3539
jquery	30	3920	3925
jquery	30	3931	3931
jquery	31	122	122
jquery	31	721	723
jquery	31	1428	1428
jquery	31	2015	2015
jquery	31	2892	2896
jquery	31	4630	4631
jquery	31	6419	6429
jquery	32	721	723
jquery	32	3325	3324
jquery	32	4438	4438
jquery	32	5115	5146
jquery	32	5617	5617
jquery	33	721	723
jquery	33	6698	6701
jquery	34	721	723
jquery	34	1290	1290
jquery	34	2013	2017
jquery	34	2972	2972
jquery	34	4395	4395
jquery	34	5892	5892
jquery	35	721	723
jquery	35	2391	2391
jquery	35	3762	3763
jquery	35	4108	4108
jquery	35	4733	4733
jquery	35	4942	4942
jquery	35	5341	5342
jquery	35	6037	6039
jquery	35	6628	6628
jquery	36	540	540
jquery	36	721	723
jquery	36	803	803
jquery	36	2959	2984
jquery	36	3048	3048
jquery	36	3463	3463
jquery	36	4866	4866
jquery	36	5637	5638
jquery	37	721	723
jquery	37	2846	2851
jquery	37	3061	3061
jquery	37	3356	3356
jquery	37	4322	4326
jquery	37	6075	6075
jquery	37	7142	7142
jquery	38	721	723
jquery	38	1201	1201
jquery	38	1861	1861
jquery	38	2863	2864
jquery	38	2950	2950
jquery	38	3513	3513
jquery	38	4772	4777
jquery	38	5761	5761
jquery	38	6028	6031
jquery	38	6055	6059
jquery	38	6400	6403
jquery	39	721	723
jquery	39	1147	1147
jquery	39	1272	1276
jquery	39	4486	4486
jquery	39	5417	5417
jquery	39	6147	6151
jquery	40	721	723
jquery	40	1567	1567
jquery	40	2221	2225
jquery	40	3852	3852
jquery	40	6602	6604
jquery	40	6656	6656
jquery	40	6807	6811
jquery	41	441	441
jquery	41	721	723
jquery	41	1568	1570
jquery	41	1932	1932
jquery	41	2047	2047
jquery	41	2053	2053
jquery	41	3137	3137
jquery	41	4411	4411
jquery	41	4430	4430
jquery	42	721	723
jquery	42	3901	3901
jquery	42	4254	4255
jquery	42	5428	5428
jquery	42	5636	5636
jquery	43	625	625
jquery	43	721	723
jquery	43	1244	1244
jquery	43	2261	2263
jquery	43	4436	4436
jquery	43	5647	5672
jquery	43	6507	6507
jquery	43	7110	7113
jquery	43	7481	7481
jquery	43	7489	7489
jquery	44	721	723
jquery	44	2138	2141
jquery	44	2173	2173
jquery	44	3137	3137
jquery	44	4753	4756
jquery	44	6305	6305
jquery	44	6621	6621
jquery	44	7056	7056
jquery	44	7309	7310
jquery	44	7399	7399
jquery	45	721	723
jquery	45	829	829
jquery	45	1692	1692
jquery	45	1764	1764
jquery	45	4124	4128
jquery	45	4353	4357
jquery	45	5159	5160
jquery	45	6262	6262
jquery	46	721	723
jquery	46	834	834
jquery	46	1626	1627
jquery	46	2230	2230
jquery	46	2766	2772
jquery	46	2941	2954
jquery	46	3821	3822
jquery	46	4781	4782
jquery	46	5606	5606
jquery	46	6575	6575
jquery	47	249	249
jquery	47	721	723
jquery	47	941	941
jquery	47	1695	1695
jquery	47	2768	2768
jquery	47	2784	2784
jquery	47	4192	4192
jquery	47	4409	4409
jquery	47	4930	4930
jquery	47	6196	6196
jquery	48	721	723
jquery	48	2191	2191
jquery	48	4728	4728
jquery	48	5693	5693
jquery	48	5819	5820
jquery	48	6492	6493
jquery	49	244	244
jquery	49	721	723
jquery	49	2301	2301
jquery	49	3584	3584
jquery	49	3844	3844
jquery	49	4124	4128
jquery	49	5155	5160
jquery	49	6968	6971
jquery	50	592	592
jquery	50	721	723
jquery	50	1674	1682
jquery	50	2069	2069
jquery	50	2199	2200
jquery	50	4414	4414
jquery	50	6385	6385
jquery	50	7267	7268
jquery	51	721	723
jquery	51	1528	1530
jquery	51	1534	1540
jquery	51	3662	3662
jquery	52	438	441
jquery	52	721	723
jquery	52	2932	2935
jquery	52	3164	3165
jquery	52	4620	4623
jquery	52	5191	5191
jquery	52	5205	5205
jquery	52	5772	5779
jquery	52	5968	5968
jquery	52	6218	6218
jquery	52	7054	7054
jquery	52	7226	7226
jquery	53	721	723
jquery	53	1802	1804
jquery	53	1851	1851
jquery	53	3375	3394
jquery	53	5137	5140
jquery	53	6556	6556
jquery	54	721	723
jquery	54	2921	2936
jquery	54	2939	2952
jquery	55	662	662
jquery	55	721	723
jquery	55	1121	1121
jquery	55	2013	2017
jquery	55	4611	4611
jquery	55	6067	6067
jquery	55	6560	6561
jquery	55	7357	7358
jquery	56	721	723
jquery	56	2067	2088
jquery	56	2191	2191
jquery	56	3109	3137
jquery	56	5464	5469
jquery	56	7420	7430
jquery	56	7436	7436
jquery	57	721	723
jquery	57	4129	4129
jquery	57	5312	5312
jquery	57	5676	5676
jquery	57	6004	6021
jquery	57	6365	6378
jquery	58	458	458
jquery	58	721	723
jquery	58	814	814
jquery	58	1065	1065
jquery	58	3089	3089
jquery	58	7397	7397
jquery	59	721	723
jquery	59	1521	1521
jquery	59	3271	3271
jquery	59	4181	4181
jquery	59	6175	6175
lodash	0	406	406
lodash	0	1587	1587
lodash	0	2161	2164
lodash	0	2167	2184
lodash	1	223	223
lodash	1	246	246
lodash	1	464	465
lodash	1	468	477
lodash	1	679	682
lodash	1	1284	1292
lodash	1	2089	2089
lodash	1	2760	2760
lodash	1	3557	3557
lodash	1	4218	4242
lodash	1	4270	4275
lodash	1	4281	4282
lodash	1	4285	4309
lodash	1	4315	4316
lodash	1	4320	4321
lodash	1	4324	4324
lodash	1	4327	4340
lodash	1	4345	4347
lodash	1	4350	4376
lodash	1	4379	4379
lodash	1	4384	4392
lodash	1	4395	4398
lodash	1	4403	4417
lodash	1	4420	4421
lodash	1	4428	4427
lodash	1	4431	4431
lodash	1	4434	4434
lodash	1	4437	4438
lodash	1	4441	4443
lodash	1	4450	4450
lodash	1	4454	4464
lodash	1	4467	4469
lodash	1	4476	4475
lodash	1	4479	4479
lodash	1	4482	4483
lodash	1	4486	4488
lodash	1	4493	4496
lodash	1	4499	4504
lodash	1	4507	4507
lodash	1	4518	4524
lodash	1	4527	4527
lodash	1	4530	4531
lodash	1	4534	4535
lodash	1	4538	4538
lodash	1	4544	4545
lodash	1	4549	4558
lodash	1	4561	4568
lodash	1	4571	4573
lodash	1	4586	4588
lodash	1	4591	4592
lodash	1	4595	4596
lodash	1	4599	4600
lodash	1	4603	4603
lodash	1	4606	4607
lodash	1	4610	4612
lodash	1	4617	4619
lodash	1	4622	4651
lodash	1	4656	4657
lodash	1	4660	4671
lodash	1	4678	4677
lodash	1	4681	4688
lodash	1	4692	4693
lodash	1	4696	4698
lodash	1	4703	4706
lodash	1	4709	4718
lodash	1	4722	4730
lodash	1	4733	4735
lodash	1	4741	4740
lodash	1	4744	4750
lodash	1	4754	4765
lodash	1	4768	4770
lodash	1	4775	4777
lodash	1	4780	4801
lodash	1	4806	4808
lodash	1	4811	4827
lodash	1	10893	10899
lodash	2	268	268
lodash	2	652	652
lodash	2	680	682
lodash	2	2603	2603
lodash	2	3285	3285
lodash	2	3497	3497
lodash	2	3966	3966
lodash	2	5950	5952
lodash	2	5956	5958
lodash	2	5961	5979
lodash	2	8738	8744
lodash	2	8749	8752
lodash	2	8755	8784
lodash	2	8787	8787
lodash	2	8805	8818
lodash	2	8822	8824
lodash	2	8827	8855
lodash	2	9814	9817
lodash	2	9820	9822
lodash	2	9827	9827
lodash	2	9832	9833
lodash	2	9836	9840
lodash	2	9843	9847
lodash	2	9852	9853
lodash	2	9857	9859
lodash	2	9862	9870
lodash	2	9875	9875
lodash	2	9880	9892
lodash	2	9897	9899
lodash	2	9904	9906
lodash	2	9909	9941
lodash	3	3285	3285
lodash	4	931	931
lodash	4	1587	1587
lodash	4	2096	2102
lodash	4	3246	3246
lodash	4	3499	3499
lodash	4	3656	3656
lodash	4	4506	4507
lodash	4	4518	4524
lodash	4	4527	4527
lodash	4	4530	4531
lodash	4	4534	4535
lodash	4	4538	4538
lodash	4	4544	4545
lodash	4	4549	4558
lodash	4	4561	4568
lodash	4	4571	4573
lodash	4	4586	4588
lodash	4	4591	4592
lodash	4	4595	4596
lodash	4	4599	4600
lodash	4	4603	4603
lodash	4	4606	4607
lodash	4	4610	4612
lodash	4	4617	4619
lodash	4	4622	4651
lodash	4	4656	4657
lodash	4	4660	4671
lodash	4	4678	4677
lodash	4	4681	4688
lodash	4	4692	4693
lodash	4	4696	4698
lodash	4	4703	4706
lodash	4	4709	4718
lodash	4	4722	4730
lodash	4	4733	4735
lodash	4	4741	4740
lodash	4	4744	4750
lodash	4	4754	4765
lodash	4	4768	4770
lodash	4	4775	4777
lodash	4	4780	4801
lodash	4	4806	4808
lodash	4	4811	4827
lodash	4	10770	10770
lodash	4	10807	10808
lodash	5	2223	2231
lodash	6	244	244
lodash	6	1375	1388
lodash	6	2219	2219
lodash	6	2887	2887
lodash	6	3581	3583
lodash	6	6186	6186
lodash	6	8361	8361
lodash	7	566	566
lodash	7	812	813
lodash	7	816	822
lodash	7	870	875
lodash	7	3318	3319
lodash	7	3572	3573
lodash	7	9777	9781
lodash	7	9786	9787
lodash	7	9791	9792
lodash	7	9795	9812
lodash	7	9815	9817
lodash	7	9820	9822
lodash	7	9827	9827
lodash	7	9832	9833
lodash	7	9836	9840
lodash	7	9843	9847
lodash	7	9852	9853
lodash	7	9857	9859
lodash	7	9862	9870
lodash	7	9875	9875
lodash	7	9880	9892
lodash	7	9897	9899
lodash	7	9904	9906
lodash	7	9909	9941
lodash	7	10152	10152
lodash	8	3388	3396
lodash	9	574	581
lodash	9	3319	3319
lodash	9	3496	3498
lodash	9	3970	3970
lodash	9	4189	4189
lodash	9	4193	4195
lodash	9	8077	8081
lodash	9	8098	8098
lodash	9	8101	8104
lodash	9	8107	8108
lodash	9	8125	8125
lodash	9	8128	8131
lodash	9	8134	8137
lodash	9	8154	8154
lodash	9	8157	8160
lodash	9	8163	8164
lodash	9	8169	8171
lodash	9	8174	8187
lodash	9	8190	8191
lodash	9	8196	8197
lodash	9	8200	8204
lodash	9	8207	8208
lodash	9	8214	8216
lodash	9	8219	8232
lodash	9	8235	8235
lodash	9	8245	8248
lodash	9	8251	8251
lodash	9	8254	8254
lodash	9	8257	8257
lodash	9	8260	8261
lodash	9	8264	8264
lodash	9	8269	8271
lodash	9	8274	8289
lodash	9	8292	8294
lodash	9	8299	8301
lodash	9	8304	8325
lodash	9	8331	8335
lodash	9	8351	8366
lodash	9	8373	8375
lodash	9	8380	8381
lodash	9	8384	8404
lodash	9	8408	8410
lodash	9	8420	8425
lodash	9	8429	8429
lodash	9	8434	8436
lodash	9	8441	8443
lodash	9	8447	8448
lodash	9	8451	8469
lodash	9	8475	8475
lodash	9	8479	8480
lodash	9	8483	8484
lodash	9	8487	8491
lodash	9	8494	8498
lodash	9	8503	8506
lodash	9	8509	8527
lodash	9	8530	8531
lodash	9	8537	8538
lodash	9	8544	8544
lodash	9	8547	8557
lodash	9	8562	8564
lodash	9	8567	8576
lodash	9	8579	8580
lodash	9	8585	8586
lodash	9	8589	8605
lodash	9	8611	8612
lodash	9	8618	8618
lodash	9	8621	8626
lodash	9	8631	8633
lodash	9	8636	8657
lodash	9	10695	10695
lodash	10	2221	2221
lodash	10	3260	3260
lodash	10	9647	9647
lodash	11	655	657
lodash	11	2411	2421
lodash	11	3003	3003
lodash	11	3494	3494
lodash	11	5536	5537
lodash	11	10157	10158
lodash	11	10666	10672
lodash	11	10850	10850
lodash	12	1587	1587
lodash	12	1922	1928
lodash	12	1954	1962
lodash	12	3658	3658
lodash	12	9582	9584
lodash	13	249	249
lodash	13	8407	8410
lodash	13	8420	8425
lodash	13	8429	8429
lodash	13	8434	8436
lodash	13	8441	8443
lodash	13	8447	8448
lodash	13	8451	8469
lodash	13	8475	8475
lodash	13	8479	8480
lodash	13	8483	8484
lodash	13	8487	8491
lodash	13	8494	8498
lodash	13	8503	8506
lodash	13	8509	8527
lodash	13	8530	8531
lodash	13	8537	8538
lodash	13	8544	8544
lodash	13	8547	8557
lodash	13	8562	8564
lodash	13	8567	8576
lodash	13	8579	8580
lodash	13	8585	8586
lodash	13	8589	8605
lodash	13	8611	8612
lodash	13	8618	8618
lodash	13	8621	8626
lodash	13	8631	8633
lodash	13	8636	8657
lodash	13	10887	10887
lodash	14	869	884
lodash	14	1042	1048
lodash	14	1056	1056
lodash	14	2262	2262
lodash	14	2750	2750
lodash	14	3502	3505
lodash	14	3509	3512
lodash	14	3515	3515
lodash	14	3519	3523
lodash	14	3526	3526
lodash	14	3529	3546
lodash	14	6415	6415
lodash	14	9492	9492
lodash	15	267	267
lodash	15	1811	1812
lodash	15	1925	1925
lodash	15	3374	3374
lodash	15	7290	7294
lodash	15	7299	7302
lodash	15	7305	7319
lodash	15	7322	7323
lodash	15	7329	7329
lodash	15	7332	7332
lodash	15	7335	7335
lodash	15	7338	7339
lodash	15	7342	7344
lodash	15	7350	7350
lodash	15	7353	7353
lodash	15	7356	7365
lodash	15	7368	7369
lodash	15	7372	7372
lodash	15	7378	7378
lodash	15	7381	7381
lodash	15	7384	7384
lodash	15	7387	7391
lodash	15	7394	7395
lodash	15	7400	7401
lodash	15	7404	7404
lodash	15	7407	7410
lodash	15	7413	7417
lodash	15	7420	7426
lodash	15	7433	7432
lodash	15	7436	7445
lodash	15	7448	7451
lodash	15	7456	7459
lodash	15	7462	7475
lodash	15	7478	7481
lodash	15	7487	7487
lodash	15	7490	7490
lodash	15	7493	7499
lodash	15	7502	7505
lodash	15	7508	7508
lodash	15	7514	7514
lodash	15	7517	7517
lodash	15	7520	7520
lodash	15	7523	7530
lodash	15	7533	7533
lodash	15	7539	7539
lodash	15	7542	7542
lodash	15	7545	7545
lodash	15	7548	7549
lodash	15	7552	7552
lodash	15	7558	7558
lodash	15	7561	7561
lodash	15	7564	7564
lodash	15	7567	7573
lodash	15	7576	7577
lodash	15	7580	7583
lodash	15	7589	7589
lodash	15	7592	7592
lodash	15	7595	7602
lodash	15	7605	7606
lodash	15	7612	7612
lodash	15	7615	7625
lodash	15	7628	7640
lodash	15	7643	7643
lodash	15	7652	7652
lodash	15	7655	7655
lodash	15	7658	7659
lodash	15	7662	7662
lodash	15	7671	7671
lodash	15	7674	7674
lodash	15	7677	7678
lodash	15	7681	7681
lodash	15	7687	7687
lodash	15	7690	7690
lodash	15	7693	7693
lodash	15	7696	7697
lodash	15	7700	7700
lodash	15	7705	7706
lodash	15	7709	7709
lodash	15	7712	7712
lodash	15	7715	7716
lodash	15	7719	7719
lodash	15	7726	7726
lodash	15	7729	7729
lodash	15	7732	7735
lodash	15	7738	7739
lodash	15	7742	7742
lodash	15	7747	7749
lodash	15	7752	7762
lodash	15	7765	7765
lodash	15	7771	7771
lodash	15	7774	7795
lodash	15	9897	9899
lodash	15	9904	9906
lodash	15	9909	9941
lodash	16	1162	1172
lodash	16	1490	1491
lodash	16	2371	2381
lodash	16	2758	2758
lodash	16	7156	7157
lodash	16	7161	7161
lodash	16	7167	7167
lodash	16	7170	7170
lodash	16	7173	7175
lodash	16	7184	7184
lodash	16	7187	7187
lodash	16	7190	7191
lodash	16	7194	7194
lodash	16	7200	7200
lodash	16	7203	7203
lodash	16	7206	7206
lodash	16	7209	7210
lodash	16	7213	7213
lodash	16	7218	7219
lodash	16	7222	7222
lodash	16	7225	7225
lodash	16	7228	7229
lodash	16	7232	7234
lodash	16	7239	7240
lodash	16	7243	7243
lodash	16	7246	7255
lodash	16	7258	7259
lodash	16	7262	7268
lodash	16	7275	7274
lodash	16	7278	7288
lodash	16	7291	7294
lodash	16	7299	7302
lodash	16	7305	7319
lodash	16	7322	7323
lodash	16	7329	7329
lodash	16	7332	7332
lodash	16	7335	7335
lodash	16	7338	7339
lodash	16	7342	7344
lodash	16	7350	7350
lodash	16	7353	7353
lodash	16	7356	7365
lodash	16	7368	7369
lodash	16	7372	7372
lodash	16	7378	7378
lodash	16	7381	7381
lodash	16	7384	7384
lodash	16	7387	7391
lodash	16	7394	7395
lodash	16	7400	7401
lodash	16	7404	7404
lodash	16	7407	7410
lodash	16	7413	7417
lodash	16	7420	7426
lodash	16	7433	7432
lodash	16	7436	7445
lodash	16	7448	7451
lodash	16	7456	7459
lodash	16	7462	7475
lodash	16	7478	7481
lodash	16	7487	7487
lodash	16	7490	7490
lodash	16	7493	7499
lodash	16	7502	7505
lodash	16	7508	7508
lodash	16	7514	7514
lodash	16	7517	7517
lodash	16	7520	7520
lodash	16	7523	7530
lodash	16	7533	7533
lodash	16	7539	7539
lodash	16	7542	7542
lodash	16	7545	7545
lodash	16	7548	7549
lodash	16	7552	7552
lodash	16	7558	7558
lodash	16	7561	7561
lodash	16	7564	7564
lodash	16	7567	7573
lodash	16	7576	7577
lodash	16	7580	7583
lodash	16	7589	7589
lodash	16	7592	7592
lodash	16	7595	7602
lodash	16	7605	7606
lodash	16	7612	7612
lodash	16	7615	7625
lodash	16	7628	7640
lodash	16	7643	7643
lodash	16	7652	7652
lodash	16	7655	7655
lodash	16	7658	7659
lodash	16	7662	7662
lodash	16	7671	7671
lodash	16	7674	7674
lodash	16	7677	7678
lodash	16	7681	7681
lodash	16	7687	7687
lodash	16	7690	7690
lodash	16	7693	7693
lodash	16	7696	7697
lodash	16	7700	7700
lodash	16	7705	7706
lodash	16	7709	7709
lodash	16	7712	7712
lodash	16	7715	7716
lodash	16	7719	7719
lodash	16	7726	7726
lodash	16	7729	7729
lodash	16	7732	7735
lodash	16	7738	7739
lodash	16	7742	7742
lodash	16	7747	7749
lodash	16	7752	7762
lodash	16	7765	7765
lodash	16	7771	7771
lodash	16	7774	7795
lodash	16	9445	9445
lodash	16	9642	9644
lodash	16	10157	10158
lodash	17	1606	1606
lodash	17	1927	1927
lodash	17	6186	6186
lodash	17	8407	8410
lodash	17	8420	8425
lodash	17	8429	8429
lodash	17	8434	8436
lodash	17	8441	8443
lodash	17	8447	8448
lodash	17	8451	8469
lodash	17	8475	8475
lodash	17	8479	8480
lodash	17	8483	8484
lodash	17	8487	8491
lodash	17	8494	8498
lodash	17	8503	8506
lodash	17	8509	8527
lodash	17	8530	8531
lodash	17	8537	8538
lodash	17	8544	8544
lodash	17	8547	8557
lodash	17	8562	8564
lodash	17	8567	8576
lodash	17	8579	8580
lodash	17	8585	8586
lodash	17	8589	8605
lodash	17	8611	8612
lodash	17	8618	8618
lodash	17	8621	8626
lodash	17	8631	8633
lodash	17	8636	8657
lodash	17	10125	10144
lodash	18	613	647
lodash	18	1052	1052
lodash	18	3020	3020
lodash	18	3260	3260
lodash	18	5328	5328
lodash	18	7507	7508
lodash	18	7514	7514
lodash	18	7517	7517
lodash	18	7520	7520
lodash	18	7523	7530
lodash	18	7533	7533
lodash	18	7539	7539
lodash	18	7542	7542
lodash	18	7545	7545
lodash	18	7548	7549
lodash	18	7552	7552
lodash	18	7558	7558
lodash	18	7561	7561
lodash	18	7564	7564
lodash	18	7567	7573
lodash	18	7576	7577
lodash	18	7580	7583
lodash	18	7589	7589
lodash	18	7592	7592
lodash	18	7595	7602
lodash	18	7605	7606
lodash	18	7612	7612
lodash	18	7615	7625
lodash	18	7628	7640
lodash	18	7643	7643
lodash	18	7652	7652
lodash	18	7655	7655
lodash	18	7658	7659
lodash	18	7662	7662
lodash	18	7671	7671
lodash	18	7674	7674
lodash	18	7677	7678
lodash	18	7681	7681
lodash	18	7687	7687
lodash	18	7690	7690
lodash	18	7693	7693
lodash	18	7696	7697
lodash	18	7700	7700
lodash	18	7705	7706
lodash	18	7709	7709
lodash	18	7712	7712
lodash	18	7715	7716
lodash	18	7719	7719
lodash	18	7726	7726
lodash	18	7729	7729
lodash	18	7732	7735
lodash	18	7738	7739
lodash	18	7742	7742
lodash	18	7747	7749
lodash	18	7752	7762
lodash	18	7765	7765
lodash	18	7771	7771
lodash	18	7774	7795
lodash	19	3667	3667
lodash	19	4189	4189
lodash	19	5388	5389
lodash	20	3719	3722
lodash	20	3727	3729
lodash	20	3732	3746
lodash	20	3751	3752
lodash	20	3757	3757
lodash	20	3761	3777
lodash	20	3782	3784
lodash	20	3787	3804
lodash	20	9443	9444
lodash	21	2326	2326
lodash	21	3462	3463
lodash	21	3467	3467
lodash	21	8461	8461
lodash	21	10735	10735
lodash	21	10893	10899
lodash	22	887	892
lodash	22	2852	2854
lodash	22	3066	3066
lodash	22	3348	3359
lodash	22	5540	5540
lodash	22	6004	6004
lodash	22	6497	6499
lodash	22	6504	6505
lodash	22	6508	6538
lodash	22	6820	6820
lodash	23	1774	1774
lodash	23	2795	2795
lodash	23	3285	3285
lodash	23	6351	6351
lodash	23	7604	7606
lodash	23	7612	7612
lodash	23	7615	7625
lodash	23	7628	7640
lodash	23	7643	7643
lodash	23	7652	7652
lodash	23	7655	7655
lodash	23	7658	7659
lodash	23	7662	7662
lodash	23	7671	7671
lodash	23	7674	7674
lodash	23	7677	7678
lodash	23	7681	7681
lodash	23	7687	7687
lodash	23	7690	7690
lodash	23	7693	7693
lodash	23	7696	7697
lodash	23	7700	7700
lodash	23	7705	7706
lodash	23	7709	7709
lodash	23	7712	7712
lodash	23	7715	7716
lodash	23	7719	7719
lodash	23	7726	7726
lodash	23	7729	7729
lodash	23	7732	7735
lodash	23	7738	7739
lodash	23	7742	7742
lodash	23	7747	7749
lodash	23	7752	7762
lodash	23	7765	7765
lodash	23	7771	7771
lodash	23	7774	7795
lodash	23	9990	9992
lodash	23	9997	9997
lodash	23	10000	10004
lodash	23	10007	10008
lodash	23	10013	10012
lodash	23	10015	10020
lodash	23	10023	10023
lodash	23	10028	10028
lodash	23	10032	10044
lodash	23	10047	10048
lodash	23	10053	10054
lodash	23	10057	10085
lodash	24	228	228
lodash	24	3635	3635
lodash	24	7860	7861
lodash	24	7866	7869
lodash	24	7872	7895
lodash	24	9868	9870
lodash	24	9875	9875
lodash	24	9880	9892
lodash	24	9897	9899
lodash	24	9904	9906
lodash	24	9909	9941
lodash	25	55	55
lodash	25	1226	1233
lodash	25	3003	3003
lodash	25	3399	3399
lodash	25	9657	9657
lodash	25	10046	10048
lodash	25	10053	10054
lodash	25	10057	10085
lodash	25	10540	10540
lodash	26	231	231
lodash	26	697	697
lodash	26	1042	1048
lodash	26	1069	1070
lodash	26	1495	1495
lodash	26	2611	2611
lodash	26	2852	2854
lodash	26	3191	3193
lodash	26	3479	3479
lodash	26	6421	6421
lodash	26	9438	9438
lodash	26	10312	10315
lodash	26	10320	10322
lodash	26	10325	10342
lodash	26	10347	10349
lodash	26	10352	10363
lodash	26	10369	10368
lodash	26	10372	10372
lodash	26	10375	10375
lodash	26	10378	10405
lodash	26	10537	10537
lodash	27	79	79
lodash	27	107	107
lodash	27	613	647
lodash	27	5742	5759
lodash	27	9258	9258
lodash	28	214	217
lodash	28	259	259
lodash	28	272	277
lodash	28	1488	1488
lodash	28	1699	1707
lodash	28	2312	2320
lodash	28	2484	2484
lodash	28	2654	2654
lodash	28	2767	2767
lodash	28	3178	3178
lodash	28	5443	5447
lodash	28	5452	5456
lodash	28	5459	5487
lodash	28	5493	5494
lodash	28	5497	5511
lodash	28	5514	5517
lodash	28	5523	5526
lodash	28	5529	5556
lodash	28	5562	5563
lodash	28	5566	5574
lodash	28	5577	5578
lodash	28	5581	5612
lodash	28	5738	5738
lodash	28	6343	6344
lodash	28	10425	10425
lodash	29	9499	9500
lodash	29	9511	9521
lodash	29	9527	9530
lodash	29	9533	9533
lodash	29	9544	9550
lodash	29	9557	9559
lodash	29	9562	9562
lodash	29	9567	9570
lodash	29	9573	9582
lodash	29	9585	9588
lodash	29	9591	9593
lodash	29	9598	9603
lodash	29	9606	9663
lodash	29	9666	9671
lodash	29	9676	9677
lodash	29	9680	9688
lodash	29	9692	9696
lodash	29	9699	9713
lodash	29	9718	9719
lodash	29	9722	9739
lodash	29	9744	9745
lodash	29	9749	9751
lodash	29	9754	9757
lodash	29	9760	9760
lodash	29	9765	9766
lodash	29	9769	9789
lodash	29	10415	10415
lodash	30	566	566
lodash	30	1420	1420
lodash	30	1878	1878
lodash	30	2323	2323
lodash	30	2589	2589
lodash	30	2756	2756
lodash	30	2764	2764
lodash	30	3570	3570
lodash	31	219	248
lodash	31	1688	1689
lodash	31	1692	1703
lodash	31	1774	1774
lodash	31	2758	2758
lodash	31	2930	2931
lodash	31	9111	9113
lodash	31	9124	9130
lodash	31	9133	9142
lodash	31	9145	9145
lodash	31	9157	9163
lodash	31	9166	9168
lodash	31	9171	9172
lodash	31	9177	9180
lodash	31	9183	9194
lodash	31	9197	9202
lodash	31	9207	9210
lodash	31	9213	9228
lodash	31	9231	9231
lodash	31	9236	9238
lodash	31	9241	9269
lodash	31	9275	9275
lodash	31	9278	9288
lodash	31	9291	9291
lodash	31	9296	9297
lodash	31	9300	9323
lodash	32	2389	2398
lodash	32	3017	3017
lodash	33	674	674
lodash	33	2760	2760
lodash	33	2793	2794
lodash	33	2857	2859
lodash	33	3029	3029
lodash	33	3552	3552
lodash	33	10540	10540
lodash	34	1544	1544
lodash	34	2753	2753
lodash	34	2926	2926
lodash	34	5251	5252
lodash	34	5259	5261
lodash	34	5264	5264
lodash	34	5267	5268
lodash	34	5271	5272
lodash	34	5275	5276
lodash	34	5279	5280
lodash	34	5283	5288
lodash	34	5291	5293
lodash	34	5303	5326
lodash	34	5329	5329
lodash	34	5332	5332
lodash	34	5335	5336
lodash	34	5340	5343
lodash	34	5346	5357
lodash	34	5360	5366
lodash	34	5370	5370
lodash	34	5377	5377
lodash	34	5380	5389
lodash	34	5392	5393
lodash	34	5397	5397
lodash	34	5400	5401
lodash	34	5404	5417
lodash	34	5422	5424
lodash	34	5427	5447
lodash	34	5452	5456
lodash	34	5459	5487
lodash	34	5493	5494
lodash	34	5497	5511
lodash	34	5514	5517
lodash	34	5523	5526
lodash	34	5529	5556
lodash	34	5562	5563
lodash	34	5566	5574
lodash	34	5577	5578
lodash	34	5581	5612
lodash	34	7090	7091
lodash	34	7098	7098
lodash	34	7101	7101
lodash	34	7104	7107
lodash	34	7110	7111
lodash	34	7114	7114
lodash	34	7119	7121
lodash	34	7124	7124
lodash	34	7127	7130
lodash	34	7133	7134
lodash	34	7137	7137
lodash	34	7141	7140
lodash	34	7146	7146
lodash	34	7149	7149
lodash	34	7152	7157
lodash	34	7161	7161
lodash	34	7167	7167
lodash	34	7170	7170
lodash	34	7173	7175
lodash	34	7184	7184
lodash	34	7187	7187
lodash	34	7190	7191
lodash	34	7194	7194
lodash	34	7200	7200
lodash	34	7203	7203
lodash	34	7206	7206
lodash	34	7209	7210
lodash	34	7213	7213
lodash	34	7218	7219
lodash	34	7222	7222
lodash	34	7225	7225
lodash	34	7228	7229
lodash	34	7232	7234
lodash	34	7239	7240
lodash	34	7243	7243
lodash	34	7246	7255
lodash	34	7258	7259
lodash	34	7262	7268
lodash	34	7275	7274
lodash	34	7278	7288
lodash	34	7291	7294
lodash	34	7299	7302
lodash	34	7305	7319
lodash	34	7322	7323
lodash	34	7329	7329
lodash	34	7332	7332
lodash	34	7335	7335
lodash	34	7338	7339
lodash	34	7342	7344
lodash	34	7350	7350
lodash	34	7353	7353
lodash	34	7356	7365
lodash	34	7368	7369
lodash	34	7372	7372
lodash	34	7378	7378
lodash	34	7381	7381
lodash	34	7384	7384
lodash	34	7387	7391
lodash	34	7394	7395
lodash	34	7400	7401
lodash	34	7404	7404
lodash	34	7407	7410
lodash	34	7413	7417
lodash	34	7420	7426
lodash	34	7433	7432
lodash	34	7436	7445
lodash	34	7448	7451
lodash	34	7456	7459
lodash	34	7462	7475
lodash	34	7478	7481
lodash	34	7487	7487
lodash	34	7490	7490
lodash	34	7493	7499
lodash	34	7502	7505
lodash	34	7508	7508
lodash	34	7514	7514
lodash	34	7517	7517
lodash	34	7520	7520
lodash	34	7523	7530
lodash	34	7533	7533
lodash	34	7539	7539
lodash	34	7542	7542
lodash	34	7545	7545
lodash	34	7548	7549
lodash	34	7552	7552
lodash	34	7558	7558
lodash	34	7561	7561
lodash	34	7564	7564
lodash	34	7567	7573
lodash	34	7576	7577
lodash	34	7580	7583
lodash	34	7589	7589
lodash	34	7592	7592
lodash	34	7595	7602
lodash	34	7605	7606
lodash	34	7612	7612
lodash	34	7615	7625
lodash	34	7628	7640
lodash	34	7643	7643
lodash	34	7652	7652
lodash	34	7655	7655
lodash	34	7658	7659
lodash	34	7662	7662
lodash	34	7671	7671
lodash	34	7674	7674
lodash	34	7677	7678
lodash	34	7681	7681
lodash	34	7687	7687
lodash	34	7690	7690
lodash	34	7693	7693
lodash	34	7696	7697
lodash	34	7700	7700
lodash	34	7705	7706
lodash	34	7709	7709
lodash	34	7712	7712
lodash	34	7715	7716
lodash	34	7719	7719
lodash	34	7726	7726
lodash	34	7729	7729
lodash	34	7732	7735
lodash	34	7738	7739
lodash	34	7742	7742
lodash	34	7747	7749
lodash	34	7752	7762
lodash	34	7765	7765
lodash	34	7771	7771
lodash	34	7774	7795
lodash	34	9438	9440
lodash	34	9561	9562
lodash	34	9567	9570
lodash	34	9573	9582
lodash	34	9585	9588
lodash	34	9591	9593
lodash	34	9598	9603
lodash	34	9606	9663
lodash	34	9666	9671
lodash	34	9676	9677
lodash	34	9680	9688
lodash	34	9692	9696
lodash	34	9699	9713
lodash	34	9718	9719
lodash	34	9722	9739
lodash	34	9744	9745
lodash	34	9749	9751
lodash	34	9754	9757
lodash	34	9760	9760
lodash	34	9765	9766
lodash	34	9769	9789
lodash	35	1210	1218
lodash	35	3099	3099
lodash	35	3551	3551
lodash	35	3661	3663
lodash	35	7604	7606
lodash	35	7612	7612
lodash	35	7615	7625
lodash	35	7628	7640
lodash	35	7643	7643
lodash	35	7652	7652
lodash	35	7655	7655
lodash	35	7658	7659
lodash	35	7662	7662
lodash	35	7671	7671
lodash	35	7674	7674
lodash	35	7677	7678
lodash	35	7681	7681
lodash	35	7687	7687
lodash	35	7690	7690
lodash	35	7693	7693
lodash	35	7696	7697
lodash	35	7700	7700
lodash	35	7705	7706
lodash	35	7709	7709
lodash	35	7712	7712
lodash	35	7715	7716
lodash	35	7719	7719
lodash	35	7726	7726
lodash	35	7729	7729
lodash	35	7732	7735
lodash	35	7738	7739
lodash	35	7742	7742
lodash	35	7747	7749
lodash	35	7752	7762
lodash	35	7765	7765
lodash	35	7771	7771
lodash	35	7774	7795
lodash	35	9221	9221
lodash	35	9438	9438
lodash	35	10184	10185
lodash	35	10190	10192
lodash	35	10195	10202
lodash	35	10207	10209
lodash	35	10212	10223
lodash	35	10228	10230
lodash	35	10233	10245
lodash	35	10251	10250
lodash	35	10254	10261
lodash	35	10264	10266
lodash	35	10272	10273
lodash	35	10276	10290
lodash	35	10293	10294
lodash	35	10300	10299
lodash	35	10303	10310
lodash	35	10313	10315
lodash	35	10320	10322
lodash	35	10325	10342
lodash	35	10347	10349
lodash	35	10352	10363
lodash	35	10369	10368
lodash	35	10372	10372
lodash	35	10375	10375
lodash	35	10378	10405
lodash	36	263	263
lodash	36	1655	1657
lodash	36	1662	1662
lodash	36	1665	1667
lodash	36	1674	1675
lodash	36	1678	1678
lodash	36	1685	1686
lodash	36	1689	1689
lodash	36	1692	1703
lodash	36	2762	2764
lodash	36	3170	3171
lodash	36	3175	3184
lodash	36	7504	7504
lodash	36	10887	10887
lodash	37	22	22
lodash	37	1821	1821
lodash	37	3031	3044
lodash	37	3370	3370
lodash	37	9665	9671
lodash	37	9676	9677
lodash	37	9680	9688
lodash	37	9692	9696
lodash	37	9699	9713
lodash	37	9718	9719
lodash	37	9722	9739
lodash	37	9744	9745
lodash	37	9749	9751
lodash	37	9754	9757
lodash	37	9760	9760
lodash	37	9765	9766
lodash	37	9769	9789
lodash	38	6455	6457
lodash	38	6462	6465
lodash	38	6468	6479
lodash	38	6492	6492
lodash	38	6496	6499
lodash	38	6504	6505
lodash	38	6508	6538
lodash	39	46	46
lodash	39	218	248
lodash	39	474	482
lodash	39	656	657
lodash	39	1495	1495
lodash	39	2760	2760
lodash	39	2764	2764
lodash	39	4194	4194
lodash	39	6376	6376
lodash	39	6820	6820
lodash	39	10422	10422
lodash	40	1069	1070
lodash	40	2688	2696
lodash	40	6390	6390
lodash	41	690	691
lodash	41	2607	2607
lodash	41	2760	2760
lodash	41	2764	2764
lodash	41	3280	3280
lodash	41	4440	4443
lodash	41	4450	4450
lodash	41	4454	4464
lodash	41	4467	4469
lodash	41	4476	4475
lodash	41	4479	4479
lodash	41	4482	4483
lodash	41	4486	4488
lodash	41	4493	4496
lodash	41	4499	4504
lodash	41	4507	4507
lodash	41	4518	4524
lodash	41	4527	4527
lodash	41	4530	4531
lodash	41	4534	4535
lodash	41	4538	4538
lodash	41	4544	4545
lodash	41	4549	4558
lodash	41	4561	4568
lodash	41	4571	4573
lodash	41	4586	4588
lodash	41	4591	4592
lodash	41	4595	4596
lodash	41	4599	4600
lodash	41	4603	4603
lodash	41	4606	4607
lodash	41	4610	4612
lodash	41	4617	4619
lodash	41	4622	4651
lodash	41	4656	4657
lodash	41	4660	4671
lodash	41	4678	4677
lodash	41	4681	4688
lodash	41	4692	4693
lodash	41	4696	4698
lodash	41	4703	4706
lodash	41	4709	4718
lodash	41	4722	4730
lodash	41	4733	4735
lodash	41	4741	4740
lodash	41	4744	4750
lodash	41	4754	4765
lodash	41	4768	4770
lodash	41	4775	4777
lodash	41	4780	4801
lodash	41	4806	4808
lodash	41	4811	4827
lodash	41	5171	5183
lodash	41	5907	5911
lodash	41	5915	5920
lodash	41	5923	5948
lodash	41	5951	5952
lodash	41	5956	5958
lodash	41	5961	5979
lodash	41	6517	6529
lodash	41	6534	6536
lodash	41	6539	6570
lodash	41	6573	6587
lodash	41	6592	6594
lodash	41	6598	6599
lodash	41	6602	6618
lodash	41	6621	6633
lodash	41	6638	6639
lodash	41	6642	6655
lodash	41	6658	6660
lodash	41	6665	6666
lodash	41	6669	6682
lodash	41	6700	6702
lodash	41	6705	6711
lodash	41	6714	6721
lodash	41	6726	6728
lodash	41	6731	6746
lodash	41	6749	6752
lodash	41	6757	6759
lodash	41	6763	6793
lodash	41	6817	6818
lodash	41	10118	10118
lodash	41	10851	10857
lodash	42	268	269
lodash	42	613	647
lodash	42	856	857
lodash	42	860	866
lodash	42	869	884
lodash	42	920	927
lodash	42	1878	1878
lodash	42	3020	3020
lodash	42	3260	3260
lodash	42	3536	3550
lodash	42	9338	9353
lodash	42	9358	9367
lodash	42	9370	9467
lodash	43	104	104
lodash	43	3066	3066
lodash	44	128	129
lodash	44	1491	1491
lodash	44	1954	1962
lodash	44	2487	2496
lodash	44	3514	3515
lodash	44	3519	3523
lodash	44	3526	3526
lodash	44	3529	3546
lodash	44	3581	3583
lodash	44	3586	3586
lodash	44	3824	3825
lodash	44	3831	3832
lodash	44	3836	3855
lodash	44	3858	3858
lodash	44	3873	3875
lodash	44	3878	3879
lodash	44	3882	3883
lodash	44	3886	3887
lodash	44	3890	3890
lodash	44	3893	3894
lodash	44	3897	3899
lodash	44	3904	3906
lodash	44	3909	3933
lodash	44	3936	3939
lodash	44	3944	3948
lodash	44	3951	3972
lodash	44	3975	3976
lodash	44	3987	3989
lodash	44	3992	3993
lodash	44	3996	3997
lodash	44	4000	4001
lodash	44	4004	4008
lodash	44	4011	4012
lodash	44	4017	4019
lodash	44	4022	4044
lodash	44	4047	4047
lodash	44	4052	4053
lodash	44	4056	4063
lodash	44	4066	4066
lodash	44	4071	4071
lodash	44	4075	4080
lodash	44	4083	4083
lodash	44	4088	4089
lodash	44	4092	4115
lodash	44	4194	4194
lodash	44	4696	4698
lodash	44	4703	4706
lodash	44	4709	4718
lodash	44	4722	4730
lodash	44	4733	4735
lodash	44	4741	4740
lodash	44	4744	4750
lodash	44	4754	4765
lodash	44	4768	4770
lodash	44	4775	4777
lodash	44	4780	4801
lodash	44	4806	4808
lodash	44	4811	4827
lodash	44	6421	6421
lodash	44	10859	10862
lodash	45	267	267
lodash	45	1811	1812
lodash	45	1925	1925
lodash	45	3374	3374
lodash	45	7290	7294
lodash	45	7299	7302
lodash	45	7305	7319
lodash	45	7322	7323
lodash	45	7329	7329
lodash	45	7332	7332
lodash	45	7335	7335
lodash	45	7338	7339
lodash	45	7342	7344
lodash	45	7350	7350
lodash	45	7353	7353
lodash	45	7356	7365
lodash	45	7368	7369
lodash	45	7372	7372
lodash	45	7378	7378
lodash	45	7381	7381
lodash	45	7384	7384
lodash	45	7387	7391
lodash	45	7394	7395
lodash	45	7400	7401
lodash	45	7404	7404
lodash	45	7407	7410
lodash	45	7413	7417
lodash	45	7420	7426
lodash	45	7433	7432
lodash	45	7436	7445
lodash	45	7448	7451
lodash	45	7456	7459
lodash	45	7462	7475
lodash	45	7478	7481
lodash	45	7487	7487
lodash	45	7490	7490
lodash	45	7493	7499
lodash	45	7502	7505
lodash	45	7508	7508
lodash	45	7514	7514
lodash	45	7517	7517
lodash	45	7520	7520
lodash	45	7523	7530
lodash	45	7533	7533
lodash	45	7539	7539
lodash	45	7542	7542
lodash	45	7545	7545
lodash	45	7548	7549
lodash	45	7552	7552
lodash	45	7558	7558
lodash	45	7561	7561
lodash	45	7564	7564
lodash	45	7567	7573
lodash	45	7576	7577
lodash	45	7580	7583
lodash	45	7589	7589
lodash	45	7592	7592
lodash	45	7595	7602
lodash	45	7605	7606
lodash	45	7612	7612
lodash	45	7615	7625
lodash	45	7628	7640
lodash	45	7643	7643
lodash	45	7652	7652
lodash	45	7655	7655
lodash	45	7658	7659
lodash	45	7662	7662
lodash	45	7671	7671
lodash	45	7674	7674
lodash	45	7677	7678
lodash	45	7681	7681
lodash	45	7687	7687
lodash	45	7690	7690
lodash	45	7693	7693
lodash	45	7696	7697
lodash	45	7700	7700
lodash	45	7705	7706
lodash	45	7709	7709
lodash	45	7712	7712
lodash	45	7715	7716
lodash	45	7719	7719
lodash	45	7726	7726
lodash	45	7729	7729
lodash	45	7732	7735
lodash	45	7738	7739
lodash	45	7742	7742
lodash	45	7747	7749
lodash	45	7752	7762
lodash	45	7765	7765
lodash	45	7771	7771
lodash	45	7774	7795
lodash	45	9897	9899
lodash	45	9904	9906
lodash	45	9909	9941
lodash	46	2795	2795
lodash	46	5907	5911
lodash	46	5915	5920
lodash	46	5923	5948
lodash	46	5951	5952
lodash	46	5956	5958
lodash	46	5961	5979
lodash	47	232	232
lodash	47	1811	1812
lodash	47	2149	2151
lodash	47	2154	2166
lodash	47	3066	3066
lodash	47	3370	3370
lodash	47	3492	3492
lodash	47	3576	3576
lodash	47	8461	8461
lodash	47	9224	9225
lodash	48	1846	1855
lodash	48	3159	3160
lodash	48	3163	3171
lodash	48	3175	3184
lodash	48	3321	3327
lodash	48	5907	5911
lodash	48	5915	5920
lodash	48	5923	5948
lodash	48	5951	5952
lodash	48	5956	5958
lodash	48	5961	5979
lodash	49	118	121
lodash	49	1487	1489
lodash	49	2610	2610
lodash	49	3066	3066
lodash	49	3568	3568
lodash	49	3624	3633
lodash	49	4188	4188
lodash	49	4648	4651
lodash	49	4656	4657
lodash	49	4660	4671
lodash	49	4678	4677
lodash	49	4681	4688
lodash	49	4692	4693
lodash	49	4696	4698
lodash	49	4703	4706
lodash	49	4709	4718
lodash	49	4722	4730
lodash	49	4733	4735
lodash	49	4741	4740
lodash	49	4744	4750
lodash	49	4754	4765
lodash	49	4768	4770
lodash	49	4775	4777
lodash	49	4780	4801
lodash	49	4806	4808
lodash	49	4811	4827
lodash	49	6372	6372
lodash	49	8365	8366
lodash	49	8604	8605
lodash	49	8611	8612
lodash	49	8618	8618
lodash	49	8621	8626
lodash	49	8631	8633
lodash	49	8636	8657
lodash	49	10897	10899
lodash	50	1905	1912
lodash	50	2223	2231
lodash	50	2754	2754
lodash	50	2786	2786
lodash	50	4305	4309
lodash	50	4315	4316
lodash	50	4320	4321
lodash	50	4324	4324
lodash	50	4327	4340
lodash	50	4345	4347
lodash	50	4350	4376
lodash	50	4379	4379
lodash	50	4384	4392
lodash	50	4395	4398
lodash	50	4403	4417
lodash	50	4420	4421
lodash	50	4428	4427
lodash	50	4431	4431
lodash	50	4434	4434
lodash	50	4437	4438
lodash	50	4441	4443
lodash	50	4450	4450
lodash	50	4454	4464
lodash	50	4467	4469
lodash	50	4476	4475
lodash	50	4479	4479
lodash	50	4482	4483
lodash	50	4486	4488
lodash	50	4493	4496
lodash	50	4499	4504
lodash	50	4507	4507
lodash	50	4518	4524
lodash	50	4527	4527
lodash	50	4530	4531
lodash	50	4534	4535
lodash	50	4538	4538
lodash	50	4544	4545
lodash	50	4549	4558
lodash	50	4561	4568
lodash	50	4571	4573
lodash	50	4586	4588
lodash	50	4591	4592
lodash	50	4595	4596
lodash	50	4599	4600
lodash	50	4603	4603
lodash	50	4606	4607
lodash	50	4610	4612
lodash	50	4617	4619
lodash	50	4622	4651
lodash	50	4656	4657
lodash	50	4660	4671
lodash	50	4678	4677
lodash	50	4681	4688
lodash	50	4692	4693
lodash	50	4696	4698
lodash	50	4703	4706
lodash	50	4709	4718
lodash	50	4722	4730
lodash	50	4733	4735
lodash	50	4741	4740
lodash	50	4744	4750
lodash	50	4754	4765
lodash	50	4768	4770
lodash	50	4775	4777
lodash	50	4780	4801
lodash	50	4806	4808
lodash	50	4811	4827
lodash	50	5353	5353
lodash	50	5540	5540
lodash	50	7342	7344
lodash	50	7350	7350
lodash	50	7353	7353
lodash	50	7356	7365
lodash	50	7368	7369
lodash	50	7372	7372
lodash	50	7378	7378
lodash	50	7381	7381
lodash	50	7384	7384
lodash	50	7387	7391
lodash	50	7394	7395
lodash	50	7400	7401
lodash	50	7404	7404
lodash	50	7407	7410
lodash	50	7413	7417
lodash	50	7420	7426
lodash	50	7433	7432
lodash	50	7436	7445
lodash	50	7448	7451
lodash	50	7456	7459
lodash	50	7462	7475
lodash	50	7478	7481
lodash	50	7487	7487
lodash	50	7490	7490
lodash	50	7493	7499
lodash	50	7502	7505
lodash	50	7508	7508
lodash	50	7514	7514
lodash	50	7517	7517
lodash	50	7520	7520
lodash	50	7523	7530
lodash	50	7533	7533
lodash	50	7539	7539
lodash	50	7542	7542
lodash	50	7545	7545
lodash	50	7548	7549
lodash	50	7552	7552
lodash	50	7558	7558
lodash	50	7561	7561
lodash	50	7564	7564
lodash	50	7567	7573
lodash	50	7576	7577
lodash	50	7580	7583
lodash	50	7589	7589
lodash	50	7592	7592
lodash	50	7595	7602
lodash	50	7605	7606
lodash	50	7612	7612
lodash	50	7615	7625
lodash	50	7628	7640
lodash	50	7643	7643
lodash	50	7652	7652
lodash	50	7655	7655
lodash	50	7658	7659
lodash	50	7662	7662
lodash	50	7671	7671
lodash	50	7674	7674
lodash	50	7677	7678
lodash	50	7681	7681
lodash	50	7687	7687
lodash	50	7690	7690
lodash	50	7693	7693
lodash	50	7696	7697
lodash	50	7700	7700
lodash	50	7705	7706
lodash	50	7709	7709
lodash	50	7712	7712
lodash	50	7715	7716
lodash	50	7719	7719
lodash	50	7726	7726
lodash	50	7729	7729
lodash	50	7732	7735
lodash	50	7738	7739
lodash	50	7742	7742
lodash	50	7747	7749
lodash	50	7752	7762
lodash	50	7765	7765
lodash	50	7771	7771
lodash	50	7774	7795
lodash	50	8493	8498
lodash	50	8503	8506
lodash	50	8509	8527
lodash	50	8530	8531
lodash	50	8537	8538
lodash	50	8544	8544
lodash	50	8547	8557
lodash	50	8562	8564
lodash	50	8567	8576
lodash	50	8579	8580
lodash	50	8585	8586
lodash	50	8589	8605
lodash	50	8611	8612
lodash	50	8618	8618
lodash	50	8621	8626
lodash	50	8631	8633
lodash	50	8636	8657
lodash	50	9551	9551
lodash	51	1082	1082
lodash	52	819	826
lodash	52	9476	9476
lodash	52	9482	9483
lodash	52	10739	10742
lodash	53	49	51
lodash	53	383	383
lodash	53	506	506
lodash	53	6394	6394
lodash	53	8360	8362
lodash	53	10888	10890
lodash	54	535	543
lodash	54	660	660
lodash	54	1922	1928
lodash	54	2120	2128
lodash	54	2523	2523
lodash	54	4189	4189
lodash	55	55	55
lodash	55	1226	1233
lodash	55	3003	3003
lodash	55	3399	3399
lodash	55	9657	9657
lodash	55	10046	10048
lodash	55	10053	10054
lodash	55	10057	10085
lodash	55	10540	10540
lodash	56	8162	8164
lodash	56	8169	8171
lodash	56	8174	8187
lodash	56	8190	8191
lodash	56	8196	8197
lodash	56	8200	8204
lodash	56	8207	8208
lodash	56	8214	8216
lodash	56	8219	8232
lodash	56	8235	8235
lodash	56	8245	8248
lodash	56	8251	8251
lodash	56	8254	8254
lodash	56	8257	8257
lodash	56	8260	8261
lodash	56	8264	8264
lodash	56	8269	8271
lodash	56	8274	8289
lodash	56	8292	8294
lodash	56	8299	8301
lodash	56	8304	8325
lodash	56	8331	8335
lodash	56	8351	8366
lodash	56	8373	8375
lodash	56	8380	8381
lodash	56	8384	8404
lodash	56	8408	8410
lodash	56	8420	8425
lodash	56	8429	8429
lodash	56	8434	8436
lodash	56	8441	8443
lodash	56	8447	8448
lodash	56	8451	8469
lodash	56	8475	8475
lodash	56	8479	8480
lodash	56	8483	8484
lodash	56	8487	8491
lodash	56	8494	8498
lodash	56	8503	8506
lodash	56	8509	8527
lodash	56	8530	8531
lodash	56	8537	8538
lodash	56	8544	8544
lodash	56	8547	8557
lodash	56	8562	8564
lodash	56	8567	8576
lodash	56	8579	8580
lodash	56	8585	8586
lodash	56	8589	8605
lodash	56	8611	8612
lodash	56	8618	8618
lodash	56	8621	8626
lodash	56	8631	8633
lodash	56	8636	8657
lodash	57	3260	3260
lodash	57	4175	4176
lodash	57	4666	4671
lodash	57	4678	4677
lodash	57	4681	4688
lodash	57	4692	4693
lodash	57	4696	4698
lodash	57	4703	4706
lodash	57	4709	4718
lodash	57	4722	4730
lodash	57	4733	4735
lodash	57	4741	4740
lodash	57	4744	4750
lodash	57	4754	4765
lodash	57	4768	4770
lodash	57	4775	4777
lodash	57	4780	4801
lodash	57	4806	4808
lodash	57	4811	4827
lodash	58	233	233
lodash	58	613	647
lodash	58	1069	1070
lodash	58	1939	1939
lodash	58	3016	3016
lodash	58	3497	3497
lodash	58	3576	3576
lodash	58	5480	5481
lodash	58	6236	6243
lodash	58	6248	6251
lodash	58	6254	6309
lodash	58	6356	6356
lodash	58	8330	8335
lodash	58	8351	8366
lodash	58	8373	8375
lodash	58	8380	8381
lodash	58	8384	8404
lodash	58	8408	8410
lodash	58	8420	8425
lodash	58	8429	8429
lodash	58	8434	8436
lodash	58	8441	8443
lodash	58	8447	8448
lodash	58	8451	8469
lodash	58	8475	8475
lodash	58	8479	8480
lodash	58	8483	8484
lodash	58	8487	8491
lodash	58	8494	8498
lodash	58	8503	8506
lodash	58	8509	8527
lodash	58	8530	8531
lodash	58	8537	8538
lodash	58	8544	8544
lodash	58	8547	8557
lodash	58	8562	8564
lodash	58	8567	8576
lodash	58	8579	8580
lodash	58	8585	8586
lodash	58	8589	8605
lodash	58	8611	8612
lodash	58	8618	8618
lodash	58	8621	8626
lodash	58	8631	8633
lodash	58	8636	8657
lodash	59	406	406
lodash	59	1262	1272
lodash	59	3968	3968
lodash	59	5251	5252
lodash	59	5259	5261
lodash	59	5264	5264
lodash	59	5267	5268
lodash	59	5271	5272
lodash	59	5275	5276
lodash	59	5279	5280
lodash	59	5283	5288
lodash	59	5291	5293
lodash	59	5303	5326
lodash	59	5329	5329
lodash	59	5332	5332
lodash	59	5335	5336
lodash	59	5340	5343
lodash	59	5346	5357
lodash	59	5360	5366
lodash	59	5370	5370
lodash	59	5377	5377
lodash	59	5380	5389
lodash	59	5392	5393
lodash	59	5397	5397
lodash	59	5400	5401
lodash	59	5404	5417
lodash	59	5422	5424
lodash	59	5427	5447
lodash	59	5452	5456
lodash	59	5459	5487
lodash	59	5493	5494
lodash	59	5497	5511
lodash	59	5514	5517
lodash	59	5523	5526
lodash	59	5529	5556
lodash	59	5562	5563
lodash	59	5566	5574
lodash	59	5577	5578
lodash	59	5581	5612
minimist	7	135	135
minimist	16	117	117
minimist	16	121	121
minimist	17	6	7
minimist	17	106	106
minimist	18	6	7
minimist	18	106	106
minimist	18	131	131
minimist	19	126	126
minimist	19	148	148
minimist	20	77	77
minimist	20	140	141
minimist	20	148	148
minimist	21	106	106
minimist	22	6	7
minimist	22	126	126
minimist	22	191	191
minimist	24	120	120
minimist	25	117	117
minimist	26	6	7
minimist	26	87	87
minimist	26	97	97
minimist	29	117	117
minimist	29	145	145
minimist	32	117	117
minimist	33	77	77
minimist	36	117	117
minimist	38	87	87
minimist	38	117	117
minimist	39	87	87
minimist	39	126	126
minimist	40	47	47
minimist	40	97	97
minimist	40	145	145
minimist	42	77	77
minimist	43	44	44
minimist	43	106	106
minimist	43	126	126
minimist	43	145	145
minimist	43	148	148
minimist	43	191	191
minimist	45	117	117
minimist	46	86	86
minimist	47	97	97
minimist	47	120	120
minimist	47	131	131
minimist	49	44	44
minimist	49	97	97
minimist	49	145	145
minimist	54	120	120
minimist	57	6	7
minimist	57	47	47
minimist	58	44	44
minimist	58	77	77
minimist	58	135	135
node-browserify	0	226	226
node-browserify	0	365	365
node-browserify	0	407	407
node-browserify	2	566	566
node-browserify	2	645	645
node-browserify	6	599	605
node-browserify	6	675	675
node-browserify	7	517	517
node-browserify	8	709	709
node-browserify	11	71	71
node-browserify	13	665	665
node-browserify	17	436	437
node-browserify	17	612	612
node-browserify	21	421	421
node-browserify	25	457	457
node-browserify	34	62	62
node-browserify	34	97	97
node-browserify	34	120	120
node-browserify	34	134	134
node-browserify	34	299	299
node-browserify	34	304	304
node-browserify	34	319	319
node-browserify	34	346	346
node-browserify	34	434	434
node-browserify	34	648	648
node-browserify	36	313	313
node-browserify	36	342	342
node-browserify	36	412	412
node-browserify	36	709	709
node-browserify	38	188	188
node-browserify	38	552	552
node-browserify	41	253	253
node-browserify	41	452	460
node-browserify	41	469	469
node-browserify	41	520	520
node-browserify	43	76	78
node-browserify	46	315	315
node-browserify	46	374	374
node-browserify	46	457	457
node-browserify	46	488	488
node-browserify	49	485	485
node-browserify	52	388	389
node-browserify	52	455	455
node-browserify	52	541	541
node-browserify	52	563	563
node-browserify	52	592	592
node-browserify	52	699	699
node-browserify	53	35	35
node-browserify	53	40	40
node-browserify	53	454	459
node-browserify	53	488	490
node-browserify	53	709	709
node-browserify	55	89	89
node-browserify	55	334	335
node-browserify	55	437	437
node-browserify	55	450	450
node-browserify	55	661	661
node-browserify	55	664	666
node-browserify	56	643	643
node-browserify	57	434	434
node-browserify	57	453	459
node-browserify	57	489	489
node-browserify	57	599	605
node-browserify	57	665	665
node-browserify	57	699	699
node-browserify	57	713	713
node-browserify	59	345	348
node-browserify	59	662	662
plivo-node	0	383	383
plivo-node	0	535	535
plivo-node	0	581	581
plivo-node	0	621	621
plivo-node	0	804	805
plivo-node	1	75	75
plivo-node	1	162	162
plivo-node	1	217	220
plivo-node	1	223	224
plivo-node	1	228	230
plivo-node	1	234	235
plivo-node	1	238	238
plivo-node	1	241	241
plivo-node	1	245	245
plivo-node	1	248	249
plivo-node	1	252	252
plivo-node	1	255	257
plivo-node	1	260	260
plivo-node	1	263	264
plivo-node	1	267	267
plivo-node	1	270	270
plivo-node	1	274	274
plivo-node	1	277	278
plivo-node	1	281	281
plivo-node	1	284	284
plivo-node	1	288	288
plivo-node	1	291	292
plivo-node	1	295	295
plivo-node	1	298	301
plivo-node	1	305	305
plivo-node	1	308	308
plivo-node	1	311	316
plivo-node	1	540	540
plivo-node	1	675	675
plivo-node	2	160	160
plivo-node	2	375	375
plivo-node	2	578	578
plivo-node	2	767	767
plivo-node	3	397	400
plivo-node	3	403	405
plivo-node	3	409	412
plivo-node	3	415	416
plivo-node	3	420	420
plivo-node	3	423	423
plivo-node	3	426	429
plivo-node	3	432	434
plivo-node	3	438	438
plivo-node	3	441	441
plivo-node	3	444	447
plivo-node	3	450	451
plivo-node	3	455	455
plivo-node	3	458	463
plivo-node	3	489	489
plivo-node	3	642	642
plivo-node	4	217	220
plivo-node	4	223	224
plivo-node	4	228	230
plivo-node	4	234	235
plivo-node	4	238	238
plivo-node	4	241	241
plivo-node	4	245	245
plivo-node	4	248	249
plivo-node	4	252	252
plivo-node	4	255	257
plivo-node	4	260	260
plivo-node	4	263	264
plivo-node	4	267	267
plivo-node	4	270	270
plivo-node	4	274	274
plivo-node	4	277	278
plivo-node	4	281	281
plivo-node	4	284	284
plivo-node	4	288	288
plivo-node	4	291	292
plivo-node	4	295	295
plivo-node	4	298	301
plivo-node	4	305	305
plivo-node	4	308	308
plivo-node	4	311	314
plivo-node	4	317	324
plivo-node	4	328	330
plivo-node	4	333	333
plivo-node	4	336	336
plivo-node	4	339	341
plivo-node	4	344	347
plivo-node	4	350	353
plivo-node	4	356	359
plivo-node	4	362	362
plivo-node	4	365	365
plivo-node	4	368	370
plivo-node	4	373	376
plivo-node	4	379	381
plivo-node	4	385	387
plivo-node	4	391	393
plivo-node	4	397	400
plivo-node	4	403	406
plivo-node	4	409	409
plivo-node	4	412	412
plivo-node	4	415	417
plivo-node	4	420	423
plivo-node	4	426	428
plivo-node	4	432	434
plivo-node	4	438	440
plivo-node	4	444	444
plivo-node	4	447	447
plivo-node	4	450	451
plivo-node	4	455	463
plivo-node	4	467	469
plivo-node	4	473	481
plivo-node	4	485	494
plivo-node	4	497	498
plivo-node	4	502	504
plivo-node	4	508	511
plivo-node	4	514	514
plivo-node	4	517	517
plivo-node	4	520	522
plivo-node	4	525	528
plivo-node	4	531	534
plivo-node	4	537	540
plivo-node	4	543	543
plivo-node	4	546	546
plivo-node	4	549	551
plivo-node	4	554	557
plivo-node	4	560	563
plivo-node	4	566	569
plivo-node	4	572	572
plivo-node	4	575	575
plivo-node	4	578	580
plivo-node	4	583	586
plivo-node	4	589	600
plivo-node	4	675	675
plivo-node	4	727	727
plivo-node	4	808	808
plivo-node	5	5	5
plivo-node	5	342	342
plivo-node	5	502	502
plivo-node	5	569	569
plivo-node	5	830	830
plivo-node	6	104	104
plivo-node	6	165	165
plivo-node	6	324	324
plivo-node	6	331	331
plivo-node	6	386	386
plivo-node	6	747	747
plivo-node	7	242	242
plivo-node	7	265	265
plivo-node	7	687	687
plivo-node	7	775	775
plivo-node	7	919	921
plivo-node	8	180	183
plivo-node	8	186	186
plivo-node	8	189	189
plivo-node	8	192	195
plivo-node	8	198	201
plivo-node	8	204	210
plivo-node	8	376	376
plivo-node	8	470	470
plivo-node	9	186	186
plivo-node	9	198	201
plivo-node	9	204	210
plivo-node	9	249	249
plivo-node	9	309	309
plivo-node	9	325	325
plivo-node	9	489	489
plivo-node	9	721	721
plivo-node	10	163	163
plivo-node	10	275	275
plivo-node	10	478	478
plivo-node	10	563	563
plivo-node	10	598	598
plivo-node	11	215	215
plivo-node	11	802	806
plivo-node	12	18	18
plivo-node	12	308	308
plivo-node	12	434	434
plivo-node	12	791	791
plivo-node	13	76	78
plivo-node	13	683	685
plivo-node	13	794	794
plivo-node	14	246	246
plivo-node	14	586	586
plivo-node	14	708	708
plivo-node	14	772	772
plivo-node	15	205	205
plivo-node	15	295	295
plivo-node	15	373	373
plivo-node	15	376	376
plivo-node	15	621	621
plivo-node	16	368	368
plivo-node	17	144	144
plivo-node	18	446	446
plivo-node	18	515	515
plivo-node	18	770	770
plivo-node	19	239	241
plivo-node	19	245	245
plivo-node	19	248	249
plivo-node	19	252	252
plivo-node	19	255	257
plivo-node	19	260	260
plivo-node	19	263	267
plivo-node	19	270	270
plivo-node	19	274	274
plivo-node	19	277	278
plivo-node	19	281	281
plivo-node	19	284	284
plivo-node	19	288	288
plivo-node	19	291	292
plivo-node	19	295	295
plivo-node	19	298	301
plivo-node	19	305	305
plivo-node	19	308	308
plivo-node	19	311	316
plivo-node	19	669	669
plivo-node	19	769	769
plivo-node	19	872	872
plivo-node	20	190	190
plivo-node	20	570	570
plivo-node	20	716	716
plivo-node	20	885	885
plivo-node	21	228	228
plivo-node	21	541	541
plivo-node	22	76	78
plivo-node	22	388	388
plivo-node	22	455	455
plivo-node	22	547	547
plivo-node	22	617	617
plivo-node	23	83	83
plivo-node	23	128	128
plivo-node	23	546	546
plivo-node	23	692	694
plivo-node	24	182	182
plivo-node	24	689	691
plivo-node	25	374	374
plivo-node	25	409	412
plivo-node	25	415	416
plivo-node	25	420	420
plivo-node	25	423	423
plivo-node	25	426	429
plivo-node	25	432	434
plivo-node	25	438	438
plivo-node	25	441	441
plivo-node	25	444	447
plivo-node	25	450	451
plivo-node	25	455	455
plivo-node	25	458	463
plivo-node	25	547	547
plivo-node	26	158	158
plivo-node	26	678	678
plivo-node	26	917	917
plivo-node	27	83	83
plivo-node	27	215	215
plivo-node	27	497	497
plivo-node	27	547	547
plivo-node	27	657	657
plivo-node	27	684	684
plivo-node	28	371	371
plivo-node	28	398	398
plivo-node	28	403	403
plivo-node	28	509	511
plivo-node	28	518	518
plivo-node	29	147	147
plivo-node	29	226	226
plivo-node	29	350	353
plivo-node	29	356	358
plivo-node	29	362	367
plivo-node	29	371	371
plivo-node	29	589	592
plivo-node	29	595	600
plivo-node	29	684	684
plivo-node	30	160	160
plivo-node	30	342	342
plivo-node	31	89	89
plivo-node	31	232	232
plivo-node	31	263	263
plivo-node	31	363	363
plivo-node	33	142	142
plivo-node	33	172	172
plivo-node	33	318	318
plivo-node	33	411	411
plivo-node	33	470	470
plivo-node	33	514	514
plivo-node	33	555	556
plivo-node	33	598	598
plivo-node	33	604	604
plivo-node	33	771	771
plivo-node	34	76	76
plivo-node	34	137	137
plivo-node	34	140	141
plivo-node	34	144	147
plivo-node	34	150	153
plivo-node	34	156	159
plivo-node	34	162	162
plivo-node	34	165	165
plivo-node	34	168	171
plivo-node	34	174	174
plivo-node	34	177	177
plivo-node	34	180	183
plivo-node	34	186	186
plivo-node	34	189	189
plivo-node	34	192	195
plivo-node	34	198	201
plivo-node	34	204	210
plivo-node	34	253	253
plivo-node	34	309	309
plivo-node	34	336	336
plivo-node	34	733	733
plivo-node	34	815	815
plivo-node	36	158	158
plivo-node	36	567	567
plivo-node	36	775	775
plivo-node	37	137	137
plivo-node	37	140	141
plivo-node	37	144	147
plivo-node	37	150	153
plivo-node	37	156	159
plivo-node	37	162	162
plivo-node	37	165	165
plivo-node	37	168	171
plivo-node	37	174	174
plivo-node	37	177	177
plivo-node	37	180	183
plivo-node	37	186	186
plivo-node	37	189	189
plivo-node	37	192	195
plivo-node	37	198	201
plivo-node	37	204	210
plivo-node	37	416	416
plivo-node	37	441	441
plivo-node	37	541	541
plivo-node	37	693	693
plivo-node	38	295	295
plivo-node	38	576	576
plivo-node	39	394	394
plivo-node	40	171	171
plivo-node	40	202	202
plivo-node	40	504	503
plivo-node	41	165	165
plivo-node	41	341	341
plivo-node	41	354	354
plivo-node	41	395	395
plivo-node	41	404	404
plivo-node	41	407	407
plivo-node	41	483	483
plivo-node	42	202	202
plivo-node	42	399	399
plivo-node	43	148	148
plivo-node	43	226	226
plivo-node	43	543	546
plivo-node	43	549	550
plivo-node	43	554	554
plivo-node	43	557	557
plivo-node	43	560	563
plivo-node	43	566	568
plivo-node	43	572	575
plivo-node	43	578	579
plivo-node	43	583	583
plivo-node	43	586	586
plivo-node	43	589	592
plivo-node	43	595	600
plivo-node	43	690	690
plivo-node	44	2	2
plivo-node	44	220	220
plivo-node	44	239	239
plivo-node	44	492	492
plivo-node	44	662	662
plivo-node	45	184	184
plivo-node	45	255	255
plivo-node	45	418	418
plivo-node	45	518	518
plivo-node	45	572	575
plivo-node	45	578	579
plivo-node	45	583	583
plivo-node	45	586	586
plivo-node	45	589	592
plivo-node	45	595	600
plivo-node	45	687	687
plivo-node	45	850	850
plivo-node	46	184	184
plivo-node	46	255	255
plivo-node	46	418	418
plivo-node	46	518	518
plivo-node	46	572	575
plivo-node	46	578	579
plivo-node	46	583	583
plivo-node	46	586	586
plivo-node	46	589	592
plivo-node	46	595	600
plivo-node	46	687	687
plivo-node	46	850	850
plivo-node	47	19	19
plivo-node	47	581	581
plivo-node	48	228	228
plivo-node	48	232	232
plivo-node	48	255	255
plivo-node	48	345	345
plivo-node	48	385	387
plivo-node	48	391	391
plivo-node	48	394	394
plivo-node	48	397	400
plivo-node	48	403	405
plivo-node	48	409	412
plivo-node	48	415	416
plivo-node	48	420	420
plivo-node	48	423	423
plivo-node	48	426	429
plivo-node	48	432	434
plivo-node	48	438	438
plivo-node	48	441	441
plivo-node	48	444	447
plivo-node	48	450	451
plivo-node	48	455	455
plivo-node	48	458	463
plivo-node	48	570	570
plivo-node	48	728	728
plivo-node	49	137	137
plivo-node	49	178	178
plivo-node	49	436	436
plivo-node	49	512	512
plivo-node	49	568	568
plivo-node	50	5	5
plivo-node	50	268	268
plivo-node	50	299	299
plivo-node	50	401	401
plivo-node	50	448	448
plivo-node	50	502	504
plivo-node	50	508	510
plivo-node	50	514	517
plivo-node	50	520	521
plivo-node	50	525	525
plivo-node	50	528	528
plivo-node	50	531	534
plivo-node	50	537	539
plivo-node	50	543	546
plivo-node	50	549	550
plivo-node	50	554	554
plivo-node	50	557	557
plivo-node	50	560	563
plivo-node	50	566	568
plivo-node	50	572	575
plivo-node	50	578	579
plivo-node	50	583	583
plivo-node	50	586	586
plivo-node	50	589	592
plivo-node	50	595	600
plivo-node	50	675	675
plivo-node	51	347	347
plivo-node	51	426	426
plivo-node	51	442	442
plivo-node	51	465	465
plivo-node	51	506	506
plivo-node	51	903	906
plivo-node	52	174	174
plivo-node	52	177	177
plivo-node	52	180	183
plivo-node	52	186	186
plivo-node	52	189	189
plivo-node	52	192	195
plivo-node	52	198	201
plivo-node	52	204	210
plivo-node	52	223	223
plivo-node	52	238	238
plivo-node	52	253	253
plivo-node	52	289	289
plivo-node	52	726	726
plivo-node	53	282	282
plivo-node	53	385	385
plivo-node	53	415	415
plivo-node	53	486	486
plivo-node	54	77	77
plivo-node	54	231	231
plivo-node	54	271	271
plivo-node	54	296	296
plivo-node	54	482	482
plivo-node	54	518	518
plivo-node	54	693	693
plivo-node	54	755	756
plivo-node	55	18	18
plivo-node	55	325	326
plivo-node	55	423	423
plivo-node	55	486	486
plivo-node	55	588	587
plivo-node	55	772	772
plivo-node	56	166	166
plivo-node	56	293	293
plivo-node	56	418	418
plivo-node	56	802	806
plivo-node	57	13	13
plivo-node	57	377	377
plivo-node	57	499	499
plivo-node	58	371	371
plivo-node	58	547	547
plivo-node	58	662	664
plivo-node	58	684	684
plivo-node	59	110	110
plivo-node	59	282	282
plivo-node	59	395	395
plivo-node	59	693	693
tleaf	0	115	121
tleaf	0	186	186
tleaf	0	258	258
tleaf	1	59	59
tleaf	1	63	63
tleaf	1	94	94
tleaf	1	202	202
tleaf	1	206	206
tleaf	1	236	236
tleaf	1	277	277
tleaf	2	36	40
tleaf	2	92	92
tleaf	2	164	164
tleaf	4	57	57
tleaf	4	91	91
tleaf	4	261	263
tleaf	5	224	224
tleaf	5	251	251
tleaf	6	94	94
tleaf	7	59	59
tleaf	7	139	141
tleaf	7	236	238
tleaf	7	260	260
tleaf	8	25	25
tleaf	8	92	94
tleaf	8	111	111
tleaf	8	192	192
tleaf	8	214	214
tleaf	8	232	235
tleaf	8	249	249
tleaf	8	257	257
tleaf	8	264	266
tleaf	10	275	275
tleaf	12	93	93
tleaf	12	208	208
tleaf	13	2	2
tleaf	13	50	50
tleaf	13	82	82
tleaf	13	94	94
tleaf	13	151	151
tleaf	13	160	163
tleaf	13	180	180
tleaf	13	196	212
tleaf	13	216	228
tleaf	14	177	177
tleaf	14	218	218
tleaf	14	240	240
tleaf	14	248	248
tleaf	15	2	2
tleaf	15	124	124
tleaf	15	180	180
tleaf	15	251	251
tleaf	15	279	279
tleaf	16	7	7
tleaf	16	97	97
tleaf	16	105	105
tleaf	16	179	179
tleaf	16	239	239
tleaf	18	111	111
tleaf	18	195	195
tleaf	19	4	6
tleaf	19	20	20
tleaf	19	25	25
tleaf	19	94	94
tleaf	19	135	137
tleaf	19	155	155
tleaf	19	181	181
tleaf	19	242	244
tleaf	19	247	257
tleaf	19	260	277
tleaf	19	280	282
tleaf	20	28	28
tleaf	20	75	75
tleaf	20	88	108
tleaf	20	111	120
tleaf	20	123	161
tleaf	20	164	171
tleaf	20	189	193
tleaf	20	201	201
tleaf	21	153	153
tleaf	21	156	156
tleaf	22	5	5
tleaf	22	20	20
tleaf	22	49	76
tleaf	22	82	82
tleaf	22	129	129
tleaf	22	176	211
tleaf	22	216	228
tleaf	22	239	239
tleaf	22	242	242
tleaf	22	245	245
tleaf	22	248	248
tleaf	22	255	255
tleaf	22	280	282
tleaf	23	2	2
tleaf	23	27	27
tleaf	23	59	59
tleaf	23	65	65
tleaf	23	71	71
tleaf	23	86	86
tleaf	23	92	94
tleaf	23	237	237
tleaf	23	243	243
tleaf	23	255	255
tleaf	24	23	23
tleaf	25	18	18
tleaf	25	27	27
tleaf	25	101	102
tleaf	26	2	2
tleaf	26	208	208
tleaf	27	129	129
tleaf	29	105	105
tleaf	29	114	114
tleaf	29	139	142
tleaf	29	155	155
tleaf	29	176	176
tleaf	29	232	235
tleaf	29	275	275
tleaf	30	151	151
tleaf	30	247	247
tleaf	30	275	275
tleaf	30	281	281
tleaf	31	3	3
tleaf	31	167	167
tleaf	31	176	176
tleaf	31	181	181
tleaf	31	227	227
tleaf	31	260	260
tleaf	32	123	123
tleaf	33	14	14
tleaf	33	20	20
tleaf	33	44	44
tleaf	33	80	80
tleaf	33	129	129
tleaf	33	151	151
tleaf	33	155	155
tleaf	33	199	199
tleaf	33	227	227
tleaf	33	251	251
tleaf	33	257	257
tleaf	34	27	27
tleaf	34	52	52
tleaf	34	160	160
tleaf	34	209	209
tleaf	34	239	239
tleaf	34	262	262
tleaf	35	6	6
tleaf	35	29	29
tleaf	35	49	49
tleaf	35	92	92
tleaf	35	107	107
tleaf	35	147	147
tleaf	35	184	184
tleaf	35	202	202
tleaf	35	221	226
tleaf	36	55	55
tleaf	36	72	73
tleaf	36	168	168
tleaf	36	216	228
tleaf	36	244	246
tleaf	36	260	277
tleaf	36	280	282
tleaf	37	3	3
tleaf	37	14	14
tleaf	37	50	50
tleaf	37	56	56
tleaf	37	155	155
tleaf	37	181	181
tleaf	37	191	191
tleaf	37	218	218
tleaf	37	239	239
tleaf	37	257	257
tleaf	37	271	271
tleaf	38	224	224
tleaf	39	164	164
tleaf	39	181	181
tleaf	40	4	5
tleaf	40	72	75
tleaf	40	82	82
tleaf	40	106	108
tleaf	40	115	119
tleaf	40	126	130
tleaf	40	139	139
tleaf	40	158	158
tleaf	40	162	164
tleaf	40	187	187
tleaf	40	201	201
tleaf	41	22	47
tleaf	41	170	170
tleaf	42	16	16
tleaf	42	181	181
tleaf	42	191	191
tleaf	42	249	249
tleaf	42	253	253
tleaf	43	4	4
tleaf	43	63	63
tleaf	43	69	74
tleaf	43	94	94
tleaf	43	115	119
tleaf	43	168	168
tleaf	43	175	176
tleaf	43	180	180
tleaf	43	240	240
tleaf	44	11	11
tleaf	44	16	16
tleaf	44	51	51
tleaf	44	63	63
tleaf	44	177	211
tleaf	44	216	228
tleaf	44	267	272
tleaf	45	7	7
tleaf	45	55	55
tleaf	45	59	59
tleaf	45	106	108
tleaf	45	113	113
tleaf	45	179	179
tleaf	45	207	207
tleaf	45	224	224
tleaf	46	67	67
tleaf	46	92	94
tleaf	46	103	108
tleaf	46	207	210
tleaf	47	84	84
tleaf	47	121	121
tleaf	47	182	182
tleaf	47	189	195
tleaf	47	206	206
tleaf	47	216	216
tleaf	47	221	226
tleaf	47	280	282
tleaf	48	3	3
tleaf	48	27	27
tleaf	48	55	55
tleaf	48	89	89
tleaf	48	105	105
tleaf	48	177	177
tleaf	48	248	248
tleaf	48	261	263
tleaf	49	5	5
tleaf	49	39	39
tleaf	49	66	66
tleaf	49	275	275
tleaf	50	123	123
tleaf	50	136	136
tleaf	50	178	180
tleaf	50	216	216
tleaf	50	262	262
tleaf	50	269	269
tleaf	51	71	71
tleaf	51	123	123
tleaf	51	192	192
tleaf	51	202	202
tleaf	51	267	267
tleaf	52	141	141
tleaf	52	155	155
tleaf	52	209	209
tleaf	52	224	224
tleaf	52	249	249
tleaf	52	255	255
tleaf	53	7	7
tleaf	53	88	90
tleaf	53	126	130
tleaf	53	150	150
tleaf	53	155	155
tleaf	53	181	181
tleaf	53	243	243
tleaf	53	248	249
tleaf	53	257	257
tleaf	54	14	14
tleaf	54	37	37
tleaf	54	105	105
tleaf	54	134	134
tleaf	54	182	194
tleaf	54	244	246
tleaf	54	268	268
tleaf	55	8	8
tleaf	55	30	33
tleaf	55	164	164
tleaf	55	202	202
tleaf	55	206	206
tleaf	55	232	235
tleaf	55	260	260
tleaf	55	271	271
tleaf	56	27	27
tleaf	56	82	85
tleaf	56	99	99
tleaf	56	151	151
tleaf	56	201	201
tleaf	56	216	216
tleaf	56	223	223
tleaf	56	279	279
tleaf	57	29	33
tleaf	57	96	96
tleaf	57	121	121
tleaf	57	245	245
tleaf	57	267	267
tleaf	57	277	277
tleaf	58	2	2
tleaf	58	27	27
tleaf	58	150	150
tleaf	58	192	192
tleaf	58	234	234
tleaf	58	277	277
tleaf	59	11	11
tleaf	59	82	82
tleaf	59	107	107
tleaf	59	143	143
tleaf	59	166	169
tleaf	59	172	211
tleaf	59	216	228
tleaf	59	231	231
underscore	0	388	388
underscore	0	705	705
underscore	0	782	782
underscore	0	984	983
underscore	0	1134	1134
underscore	1	388	388
underscore	1	705	705
underscore	1	782	782
underscore	1	984	983
underscore	1	1134	1134
underscore	3	487	487
underscore	3	638	638
underscore	3	1136	1136
underscore	3	1267	1267
underscore	3	1297	1297
underscore	5	1400	1400
underscore	6	680	680
underscore	6	1016	1016
underscore	6	1059	1059
underscore	6	1414	1414
underscore	8	121	121
underscore	8	265	265
underscore	9	1059	1059
underscore	9	1462	1462
underscore	10	402	402
underscore	10	459	459
underscore	10	1126	1126
underscore	10	1368	1368
underscore	11	38	38
underscore	11	672	672
underscore	11	971	971
underscore	11	974	974
underscore	11	1194	1194
underscore	11	1467	1467
underscore	12	20	22
underscore	12	395	395
underscore	12	416	416
underscore	12	533	533
underscore	12	782	782
underscore	12	1009	1009
underscore	12	1356	1356
underscore	12	1478	1478
underscore	13	19	19
underscore	13	438	438
underscore	13	867	868
underscore	13	890	891
underscore	13	1114	1114
underscore	14	457	457
underscore	14	864	864
underscore	14	1081	1081
underscore	14	1385	1385
underscore	15	193	193
underscore	16	8	8
underscore	16	934	934
underscore	17	283	283
underscore	17	1234	1234
underscore	18	10	11
underscore	18	172	172
underscore	18	811	811
underscore	18	877	877
underscore	18	898	898
underscore	18	1009	1009
underscore	18	1200	1200
underscore	18	1267	1267
underscore	19	10	11
underscore	19	172	172
underscore	19	811	811
underscore	19	877	877
underscore	19	898	898
underscore	19	1009	1009
underscore	19	1200	1200
underscore	19	1267	1267
underscore	20	3	3
underscore	20	10	10
underscore	20	551	551
underscore	20	1170	1170
underscore	21	316	316
underscore	21	358	358
underscore	21	876	876
underscore	21	1034	1034
underscore	21	1270	1270
underscore	21	1413	1413
underscore	22	8	8
underscore	22	65	65
underscore	22	238	238
underscore	22	678	678
underscore	22	899	899
underscore	22	969	969
underscore	22	1107	1107
underscore	23	113	113
underscore	23	316	316
underscore	23	678	678
underscore	23	784	784
underscore	23	924	924
underscore	23	1451	1451
underscore	24	63	66
underscore	24	382	382
underscore	24	452	452
underscore	24	983	983
underscore	24	1287	1287
underscore	25	1196	1196
underscore	26	20	20
underscore	26	779	779
underscore	26	791	792
underscore	27	46	46
underscore	27	153	153
underscore	27	426	426
underscore	27	487	487
underscore	27	551	551
underscore	27	660	660
underscore	27	876	877
underscore	27	969	969
underscore	27	1074	1074
underscore	27	1202	1204
underscore	27	1454	1454
underscore	28	703	703
underscore	28	743	743
underscore	28	843	843
underscore	28	873	873
underscore	28	880	880
underscore	28	1146	1146
underscore	28	1477	1477
underscore	29	703	703
underscore	29	743	743
underscore	29	843	843
underscore	29	873	873
underscore	29	880	880
underscore	29	1146	1146
underscore	29	1477	1477
underscore	30	133	133
underscore	30	294	294
underscore	30	596	597
underscore	30	778	778
underscore	30	1140	1140
underscore	31	487	487
underscore	31	908	908
underscore	31	1473	1473
underscore	32	340	340
underscore	32	742	742
underscore	33	453	453
underscore	33	881	881
underscore	34	398	398
underscore	34	680	680
underscore	34	1203	1203
underscore	35	1357	1357
underscore	36	682	682
underscore	36	1121	1121
underscore	37	676	676
underscore	37	1171	1171
underscore	38	38	38
underscore	38	294	294
underscore	38	452	452
underscore	38	678	680
underscore	38	1171	1171
underscore	38	1297	1297
underscore	38	1467	1467
underscore	39	38	38
underscore	39	294	294
underscore	39	452	452
underscore	39	678	680
underscore	39	1171	1171
underscore	39	1297	1297
underscore	39	1467	1467
underscore	40	153	153
underscore	40	358	358
underscore	40	426	426
underscore	40	659	659
underscore	40	786	786
underscore	40	880	880
underscore	40	1196	1196
underscore	40	1203	1203
underscore	41	343	343
underscore	41	347	347
underscore	41	835	835
underscore	42	123	123
underscore	42	316	316
underscore	42	361	361
underscore	42	556	556
underscore	42	567	567
underscore	42	1106	1106
underscore	42	1196	1196
underscore	42	1260	1260
underscore	43	59	62
underscore	43	65	65
underscore	43	132	132
underscore	43	320	320
underscore	43	399	399
underscore	43	752	753
underscore	43	804	804
underscore	43	873	873
underscore	43	876	876
underscore	43	1171	1171
underscore	43	1323	1323
underscore	44	399	400
underscore	44	556	556
underscore	44	1004	1004
underscore	44	1061	1061
underscore	44	1269	1269
underscore	45	1462	1462
underscore	46	1233	1233
underscore	46	1480	1480
underscore	47	46	46
underscore	47	348	347
underscore	47	446	446
underscore	47	682	682
underscore	47	876	877
underscore	48	347	347
underscore	48	388	388
underscore	49	347	347
underscore	49	388	388
underscore	50	32	32
underscore	50	87	87
underscore	50	596	596
underscore	50	769	770
underscore	50	866	866
underscore	50	875	875
underscore	50	899	899
underscore	51	660	660
underscore	51	680	680
underscore	51	874	874
underscore	51	890	891
underscore	51	1020	1020
underscore	52	104	104
underscore	52	876	876
underscore	52	880	882
underscore	52	1381	1382
underscore	53	18	18
underscore	53	57	57
underscore	53	405	405
underscore	53	913	913
underscore	53	1243	1243
underscore	54	265	265
underscore	54	678	678
underscore	54	862	869
underscore	54	1114	1114
underscore	54	1148	1148
underscore	55	971	971
underscore	55	1098	1098
underscore	55	1218	1218
underscore	55	1411	1411
underscore	56	492	492
underscore	56	1297	1297
underscore	57	87	87
underscore	57	682	682
underscore	57	876	876
underscore	57	1227	1227
underscore	58	321	321
underscore	58	459	459
underscore	58	661	661
underscore	58	705	705
underscore	59	57	57
underscore	59	74	74
underscore	59	204	204
underscore	59	399	399
underscore	59	596	596
underscore	59	990	990
underscore	59	1214	1214
underscore	59	1355	1355
underscore	59	1454	1455
underscore	59	1475	1475
uuid	0	123	123
uuid	0	160	160
uuid	0	164	167
uuid	0	174	174
uuid	0	178	180
uuid	4	200	202
uuid	5	165	165
uuid	6	2	6
uuid	6	204	204
uuid	7	183	183
uuid	8	67	69
uuid	9	198	198
uuid	10	165	165
uuid	10	175	181
uuid	11	23	23
uuid	11	99	99
uuid	11	186	186
uuid	12	164	165
uuid	12	204	204
uuid	13	164	165
uuid	13	184	184
uuid	13	194	194
uuid	13	204	204
uuid	14	185	187
uuid	15	23	23
uuid	15	104	105
uuid	15	144	144
uuid	15	161	165
uuid	15	190	192
uuid	15	204	204
uuid	16	182	182
uuid	18	127	128
uuid	18	161	165
uuid	18	173	173
uuid	18	200	202
uuid	20	188	188
uuid	20	212	212
uuid	21	204	204
uuid	22	121	121
uuid	22	182	182
uuid	23	94	94
uuid	23	182	182
uuid	23	194	194
uuid	24	94	94
uuid	24	174	174
uuid	24	183	183
uuid	24	188	188
uuid	25	196	196
uuid	26	164	165
uuid	26	173	173
uuid	26	194	194
uuid	27	104	104
uuid	27	190	192
uuid	28	94	94
uuid	28	179	180
uuid	29	91	91
uuid	29	104	104
uuid	30	164	165
uuid	31	68	69
uuid	31	121	121
uuid	31	164	165
uuid	33	117	117
uuid	33	165	165
uuid	34	94	94
uuid	34	164	165
uuid	34	183	183
uuid	34	200	202
uuid	35	99	99
uuid	35	184	184
uuid	35	198	199
uuid	36	182	182
uuid	36	190	192
uuid	37	184	184
uuid	37	200	202
uuid	37	212	212
uuid	38	2	6
uuid	38	194	194
uuid	39	127	128
uuid	39	175	181
uuid	41	178	191
uuid	41	194	203
uuid	42	167	169
uuid	42	194	194
uuid	43	23	23
uuid	43	99	99
uuid	44	89	89
uuid	44	93	95
uuid	44	191	191
uuid	44	207	207
uuid	44	212	212
uuid	45	125	128
uuid	45	163	166
uuid	46	126	126
uuid	46	183	183
uuid	48	23	23
uuid	48	89	89
uuid	48	163	163
uuid	49	67	69
uuid	49	104	105
uuid	49	197	197
uuid	50	19	19
uuid	50	147	147
uuid	50	183	183
uuid	50	194	194
uuid	50	200	202
uuid	51	212	212
uuid	53	167	167
uuid	55	173	173
uuid	55	182	182
uuid	58	114	114
uuid	58	171	171
uuid	58	179	179
uuid	58	204	204
uuid	59	67	69
uuid	59	182	182
xml2js	0	63	63
xml2js	10	58	58
xml2js	10	88	88
xml2js	10	168	168
xml2js	10	456	456
xml2js	14	189	189
xml2js	15	106	107
xml2js	16	59	59
xml2js	21	456	456
xml2js	22	294	294
xml2js	24	506	506
xml2js	25	174	175
xml2js	27	16	16
xml2js	29	90	90
xml2js	29	155	157
xml2js	29	188	189
xml2js	30	245	250
xml2js	32	93	93
xml2js	33	2	2
xml2js	35	496	500
xml2js	37	90	90
xml2js	37	174	175
xml2js	37	264	264
xml2js	37	478	478
xml2js	38	263	263
xml2js	40	54	54
xml2js	40	93	93
xml2js	40	111	112
xml2js	40	249	249
xml2js	40	499	499
xml2js	45	175	175
xml2js	45	189	189
xml2js	45	265	265
xml2js	48	189	189
xml2js	59	265	265
