{
	"body": {
		"0": {
			"expression": {
				"callee": {
					"object": {
						"body": {
							"body": {
								"17": {
									"expression": {
										"right": {
											"callee": {
												"body": {
													"body": {
														"2": {
															"expression": {
																"right": {
																	"body": {
																		"body": {
																			"1": {
																				"block": {
																					"body": {
																						"0": {
																							"alternate": {
																								"body": {
																									"1": {
																										"expression": {
																											"left": {
																												"property": {
																													"name": "remaining"
																												}
																											},
																											"right": {
																												"callee": {
																													"object": {
																														"property": {
																															"name": "remaining"
																														}
																													},
																													"property": {
																														"name": "substr"
																													}
																												},
																												"arguments": {
																													"0": {
																														"type": "MemberExpression",
																														"object": {
																															"type": "MemberExpression",
																															"computed": false,
																															"object": {
																																"type": "ThisExpression"
																															},
																															"property": {
																																"type": "Identifier",
																																"name": "options"
																															}
																														},
																														"property": {
																															"type": "Identifier",
																															"name": "chunkSize"
																														}
																													},
																													"1": {
																														"type": "MemberExpression",
																														"computed": false,
																														"object": {
																															"type": "MemberExpression",
																															"computed": false,
																															"object": {
																																"type": "ThisExpression"
																															},
																															"property": {
																																"type": "Identifier",
																																"name": "remaining"
																															}
																														},
																														"property": {
																															"type": "Identifier",
																															"name": "length"
																														}
																													}
																												}
																											}
																										}
																									},
																									"2": {
																										"type": "ExpressionStatement",
																										"expression": {
																											"type": "AssignmentExpression",
																											"operator": "=",
																											"left": {
																												"type": "MemberExpression",
																												"computed": false,
																												"object": {
																													"type": "ThisExpression"
																												},
																												"property": {
																													"type": "Identifier",
																													"name": "saxParser"
																												}
																											},
																											"right": {
																												"type": "CallExpression",
																												"callee": {
																													"type": "MemberExpression",
																													"computed": false,
																													"object": {
																														"type": "MemberExpression",
																														"computed": false,
																														"object": {
																															"type": "ThisExpression"
																														},
																														"property": {
																															"type": "Identifier",
																															"name": "saxParser"
																														}
																													},
																													"property": {
																														"type": "Identifier",
																														"name": "write"
																													}
																												},
																												"arguments": [
																													{
																														"type": "Identifier",
																														"name": "chunk"
																													}
																												]
																											}
																										}
																									},
																									"3": {
																										"type": "ReturnStatement",
																										"argument": {
																											"type": "CallExpression",
																											"callee": {
																												"type": "Identifier",
																												"name": "setImmediate"
																											},
																											"arguments": [
																												{
																													"type": "MemberExpression",
																													"computed": false,
																													"object": {
																														"type": "ThisExpression"
																													},
																													"property": {
																														"type": "Identifier",
																														"name": "processAsync"
																													}
																												}
																											]
																										}
																									}
																								}
																							}
																						}
																					}
																				}
																			}
																		}
																	}
																}
															}
														}
													}
												}
											}
										}
									}
								}
							}
						}
					}
				}
			}
		}
	}
}