{
	"body": {
		"0": {
			"expression": {
				"callee": {
					"object": {
						"body": {
							"body": {
								"17": {
									"expression": {
										"right": {
											"callee": {
												"body": {
													"body": {
														"4": {
															"expression": {
																"right": {
																	"body": {
																		"body": {
																			"14": {
																				"expression": {
																					"right": {
																						"callee": {
																							"body": {
																								"body": {
																									"0": {
																										"argument": {
																											"body": {
																												"body": {
																													"2": {
																														"consequent": {
																															"body": {
																																"1": {
																																	"test": {
																																		"right": {
																																			"left": {
																																				"callee": {
																																					"object": {
																																						"arguments": {
																																							"1": {
																																								"type": "Literal",
																																								"value": "",
																																								"raw": "''"
																																							}
																																						}
																																					}
																																				}
																																			}
																																		}
																																	}
																																}
																															}
																														}
																													}
																												}
																											}
																										}
																									}
																								}
																							}
																						}
																					}
																				}
																			}
																		}
																	}
																}
															}
														}
													}
												}
											}
										}
									}
								}
							}
						}
					}
				}
			}
		}
	}
}