{
	"body": {
		"0": {
			"expression": {
				"callee": {
					"object": {
						"body": {
							"body": {
								"16": {
									"expression": {
										"right": {
											"callee": {
												"body": {
													"body": {
														"1": {
															"expression": {
																"right": {
																	"body": {
																		"body": {
																			"4": {
																				"expression": {
																					"right": {
																						"callee": {
																							"body": {
																								"body": {
																									"0": {
																										"argument": {
																											"body": {
																												"body": {
																													"1": {
																														"alternate": {
																															"body": {
																																"0": {
																																	"body": {
																																		"body": {
																																			"2": {
																																				"alternate": {
																																					"consequent": {
																																						"body": {
																																							"0": {
																																								"alternate": {
																																									"type": "BlockStatement",
																																									"body": [
																																										{
																																											"type": "ExpressionStatement",
																																											"expression": {
																																												"type": "AssignmentExpression",
																																												"operator": "=",
																																												"left": {
																																													"type": "Identifier",
																																													"name": "element"
																																												},
																																												"right": {
																																													"type": "CallExpression",
																																													"callee": {
																																														"type": "MemberExpression",
																																														"computed": false,
																																														"object": {
																																															"type": "Identifier",
																																															"name": "element"
																																														},
																																														"property": {
																																															"type": "Identifier",
																																															"name": "txt"
																																														}
																																													},
																																													"arguments": [
																																														{
																																															"type": "Identifier",
																																															"name": "child"
																																														}
																																													]
																																												}
																																											}
																																										}
																																									]
																																								}
																																							}
																																						}
																																					}
																																				}
																																			}
																																		}
																																	}
																																}
																															}
																														}
																													}
																												}
																											}
																										}
																									}
																								}
																							}
																						}
																					}
																				}
																			}
																		}
																	}
																}
															}
														}
													}
												}
											}
										}
									}
								}
							}
						}
					}
				}
			}
		}
	}
}