{
	"body": {
		"0": {
			"expression": {
				"callee": {
					"object": {
						"body": {
							"body": {
								"17": {
									"expression": {
										"right": {
											"callee": {
												"body": {
													"body": {
														"5": {
															"expression": {
																"right": {
																	"body": {
																		"body": {
																			"2": {
																				"block": {
																					"body": {
																						"3": {
																							"type": "IfStatement",
																							"test": {
																								"type": "MemberExpression",
																								"computed": false,
																								"object": {
																									"type": "MemberExpression",
																									"computed": false,
																									"object": {
																										"type": "ThisExpression"
																									},
																									"property": {
																										"type": "Identifier",
																										"name": "options"
																									}
																								},
																								"property": {
																									"type": "Identifier",
																									"name": "async"
																								}
																							},
																							"consequent": {
																								"type": "BlockStatement",
																								"body": [
																									{
																										"type": "ExpressionStatement",
																										"expression": {
																											"type": "AssignmentExpression",
																											"operator": "=",
																											"left": {
																												"type": "MemberExpression",
																												"computed": false,
																												"object": {
																													"type": "ThisExpression"
																												},
																												"property": {
																													"type": "Identifier",
																													"name": "remaining"
																												}
																											},
																											"right": {
																												"type": "Identifier",
																												"name": "str"
																											}
																										}
																									},
																									{
																										"type": "ExpressionStatement",
																										"expression": {
																											"type": "CallExpression",
																											"callee": {
																												"type": "Identifier",
																												"name": "setImmediate"
																											},
																											"arguments": [
																												{
																													"type": "MemberExpression",
																													"computed": false,
																													"object": {
																														"type": "ThisExpression"
																													},
																													"property": {
																														"type": "Identifier",
																														"name": "processAsync"
																													}
																												}
																											]
																										}
																									},
																									{
																										"type": "ReturnStatement",
																										"argument": {
																											"type": "MemberExpression",
																											"computed": false,
																											"object": {
																												"type": "ThisExpression"
																											},
																											"property": {
																												"type": "Identifier",
																												"name": "saxParser"
																											}
																										}
																									}
																								]
																							}
																						},
																						"4": {
																							"type": "ReturnStatement",
																							"argument": {
																								"type": "CallExpression",
																								"callee": {
																									"type": "MemberExpression",
																									"computed": false,
																									"object": {
																										"type": "CallExpression",
																										"callee": {
																											"type": "MemberExpression",
																											"computed": false,
																											"object": {
																												"type": "MemberExpression",
																												"computed": false,
																												"object": {
																													"type": "ThisExpression"
																												},
																												"property": {
																													"type": "Identifier",
																													"name": "saxParser"
																												}
																											},
																											"property": {
																												"type": "Identifier",
																												"name": "write"
																											}
																										},
																										"arguments": [
																											{
																												"type": "Identifier",
																												"name": "str"
																											}
																										]
																									},
																									"property": {
																										"type": "Identifier",
																										"name": "close"
																									}
																								},
																								"arguments": []
																							}
																						}
																					}
																				}
																			}
																		}
																	}
																}
															}
														}
													}
												}
											}
										}
									}
								}
							}
						}
					}
				}
			}
		}
	}
}