{
	"body": {
		"0": {
			"expression": {
				"callee": {
					"object": {
						"body": {
							"body": {
								"14": {
									"expression": {
										"right": {
											"properties": {
												"1": {
													"value": {
														"properties": {
															"25": {
																"value": {
																	"properties": {
																		"2": {
																			"type": "Property",
																			"key": {
																				"type": "Literal",
																				"value": "newline",
																				"raw": "'newline'"
																			},
																			"computed": false,
																			"value": {
																				"type": "Literal",
																				"value": "\n",
																				"raw": "'\\n'"
																			},
																			"kind": "init",
																			"method": false,
																			"shorthand": false
																		}
																	}
																}
															}
														}
													}
												}
											}
										}
									}
								}
							}
						}
					}
				}
			}
		}
	}
}