{
	"body": {
		"0": {
			"expression": {
				"callee": {
					"object": {
						"body": {
							"body": {
								"16": {
									"expression": {
										"right": {
											"callee": {
												"body": {
													"body": {
														"1": {
															"expression": {
																"right": {
																	"body": {
																		"body": {
																			"4": {
																				"expression": {
																					"right": {
																						"callee": {
																							"body": {
																								"body": {
																									"0": {
																										"argument": {
																											"body": {
																												"body": {
																													"1": {
																														"alternate": {
																															"body": {
																																"0": {
																																	"body": {
																																		"body": {
																																			"2": {
																																				"alternate": {
																																					"alternate": {
																																						"consequent": {
																																							"body": {
																																								"0": {
																																									"body": {
																																										"body": {
																																											"2": {
																																												"alternate": {
																																													"body": {
																																														"0": {
																																															"expression": {
																																																"right": {
																																																	"callee": {
																																																		"object": {
																																																			"arguments": {
																																																				"0": {
																																																					"arguments": {
																																																						"0": {
																																																							"type": "Identifier",
																																																							"name": "key"
																																																						}
																																																					}
																																																				}
																																																			}
																																																		}
																																																	}
																																																}
																																															}
																																														}
																																													}
																																												}
																																											}
																																										}
																																									}
																																								}
																																							}
																																						}
																																					}
																																				}
																																			}
																																		}
																																	}
																																}
																															}
																														}
																													}
																												}
																											}
																										}
																									}
																								}
																							}
																						}
																					}
																				}
																			}
																		}
																	}
																}
															}
														}
													}
												}
											}
										}
									}
								}
							}
						}
					}
				}
			}
		}
	}
}