{
	"body": {
		"0": {
			"expression": {
				"callee": {
					"object": {
						"body": {
							"body": {
								"14": {
									"expression": {
										"right": {
											"properties": {
												"1": {
													"value": {
														"properties": {
															"15": {
																"key": {
																	"name": "charsAsChildren"
																}
															},
															"16": {
																"key": {
																	"name": "async"
																},
																"value": {
																	"value": false,
																	"raw": "false"
																}
															},
															"17": {
																"key": {
																	"name": "strict"
																},
																"value": {
																	"raw": "true"
																}
															},
															"18": {
																"key": {
																	"name": "attrNameProcessors"
																}
															},
															"19": {
																"key": {
																	"name": "attrValueProcessors"
																}
															},
															"20": {
																"key": {
																	"name": "tagNameProcessors"
																}
															},
															"21": {
																"key": {
																	"name": "valueProcessors"
																},
																"value": {
																	"raw": "null"
																}
															},
															"22": {
																"key": {
																	"name": "rootName"
																},
																"value": {
																	"type": "Literal"
																}
															},
															"23": {
																"key": {
																	"name": "xmldec"
																},
																"value": {
																	"type": "ObjectExpression",
																	"properties": [
																		{
																			"type": "Property",
																			"key": {
																				"type": "Literal",
																				"value": "version",
																				"raw": "'version'"
																			},
																			"computed": false,
																			"value": {
																				"type": "Literal",
																				"value": "1.0",
																				"raw": "'1.0'"
																			},
																			"kind": "init",
																			"method": false,
																			"shorthand": false
																		},
																		{
																			"type": "Property",
																			"key": {
																				"type": "Literal",
																				"value": "encoding",
																				"raw": "'encoding'"
																			},
																			"computed": false,
																			"value": {
																				"type": "Literal",
																				"value": "UTF-8",
																				"raw": "'UTF-8'"
																			},
																			"kind": "init",
																			"method": false,
																			"shorthand": false
																		},
																		{
																			"type": "Property",
																			"key": {
																				"type": "Literal",
																				"value": "standalone",
																				"raw": "'standalone'"
																			},
																			"computed": false,
																			"value": {
																				"type": "Literal",
																				"value": true,
																				"raw": "true"
																			},
																			"kind": "init",
																			"method": false,
																			"shorthand": false
																		}
																	]
																}
															},
															"24": {
																"key": {
																	"name": "doctype"
																},
																"value": {
																	"type": "Literal"
																}
															},
															"25": {
																"key": {
																	"name": "renderOpts"
																},
																"value": {
																	"type": "ObjectExpression",
																	"properties": [
																		{
																			"type": "Property",
																			"key": {
																				"type": "Literal",
																				"value": "pretty",
																				"raw": "'pretty'"
																			},
																			"computed": false,
																			"value": {
																				"type": "Literal",
																				"value": true,
																				"raw": "true"
																			},
																			"kind": "init",
																			"method": false,
																			"shorthand": false
																		},
																		{
																			"type": "Property",
																			"key": {
																				"type": "Literal",
																				"value": "indent",
																				"raw": "'indent'"
																			},
																			"computed": false,
																			"value": {
																				"type": "Literal",
																				"value": "  ",
																				"raw": "'  '"
																			},
																			"kind": "init",
																			"method": false,
																			"shorthand": false
																		},
																		{
																			"type": "Property",
																			"key": {
																				"type": "Literal",
																				"value": "newline",
																				"raw": "'newline'"
																			},
																			"computed": false,
																			"value": {
																				"type": "Literal",
																				"value": "\n",
																				"raw": "'\\n'"
																			},
																			"kind": "init",
																			"method": false,
																			"shorthand": false
																		}
																	]
																}
															},
															"26": {
																"key": {
																	"name": "headless"
																},
																"value": {
																	"value": false,
																	"raw": "false"
																}
															},
															"27": {
																"key": {
																	"name": "chunkSize"
																},
																"value": {
																	"raw": "10000"
																}
															},
															"28": {
																"key": {
																	"name": "emptyTag"
																},
																"value": {
																	"raw": "''"
																}
															},
															"29": {
																"type": "Property",
																"key": {
																	"type": "Identifier",
																	"name": "cdata"
																},
																"computed": false,
																"value": {
																	"type": "Literal",
																	"value": false,
																	"raw": "false"
																},
																"kind": "init",
																"method": false,
																"shorthand": false
															}
														}
													}
												}
											}
										}
									}
								},
								"16": {
									"expression": {
										"right": {
											"callee": {
												"body": {
													"body": {
														"1": {
															"expression": {
																"right": {
																	"body": {
																		"body": {
																			"4": {
																				"expression": {
																					"right": {
																						"callee": {
																							"body": {
																								"body": {
																									"0": {
																										"argument": {
																											"body": {
																												"body": {
																													"1": {
																														"consequent": {
																															"body": {
																																"0": {
																																	"consequent": {
																																		"body": {
																																			"0": {
																																				"expression": {
																																					"arguments": {
																																						"0": {
																																							"type": "CallExpression",
																																							"callee": {
																																								"type": "Identifier",
																																								"name": "wrapCDATA"
																																							},
																																							"arguments": [
																																								{
																																									"type": "Identifier",
																																									"name": "obj"
																																								}
																																							]
																																						}
																																					}
																																				}
																																			}
																																		}
																																	},
																																	"alternate": {
																																		"body": {
																																			"0": {
																																				"type": "ExpressionStatement",
																																				"expression": {
																																					"type": "CallExpression",
																																					"callee": {
																																						"type": "MemberExpression",
																																						"computed": false,
																																						"object": {
																																							"type": "Identifier",
																																							"name": "element"
																																						},
																																						"property": {
																																							"type": "Identifier",
																																							"name": "txt"
																																						}
																																					},
																																					"arguments": [
																																						{
																																							"type": "Identifier",
																																							"name": "obj"
																																						}
																																					]
																																				}
																																			}
																																		}
																																	}
																																}
																															}
																														},
																														"alternate": {
																															"body": {
																																"0": {
																																	"body": {
																																		"body": {
																																			"2": {
																																				"alternate": {
																																					"alternate": {
																																						"consequent": {
																																							"body": {
																																								"0": {
																																									"body": {
																																										"body": {
																																											"2": {
																																												"alternate": {
																																													"type": "BlockStatement",
																																													"body": [
																																														{
																																															"type": "ExpressionStatement",
																																															"expression": {
																																																"type": "AssignmentExpression",
																																																"operator": "=",
																																																"left": {
																																																	"type": "Identifier",
																																																	"name": "element"
																																																},
																																																"right": {
																																																	"type": "CallExpression",
																																																	"callee": {
																																																		"type": "MemberExpression",
																																																		"computed": false,
																																																		"object": {
																																																			"type": "CallExpression",
																																																			"callee": {
																																																				"type": "Identifier",
																																																				"name": "render"
																																																			},
																																																			"arguments": [
																																																				{
																																																					"type": "CallExpression",
																																																					"callee": {
																																																						"type": "MemberExpression",
																																																						"computed": false,
																																																						"object": {
																																																							"type": "Identifier",
																																																							"name": "element"
																																																						},
																																																						"property": {
																																																							"type": "Identifier",
																																																							"name": "ele"
																																																						}
																																																					},
																																																					"arguments": [
																																																						{
																																																							"type": "Identifier",
																																																							"name": "key"
																																																						}
																																																					]
																																																				},
																																																				{
																																																					"type": "Identifier",
																																																					"name": "entry"
																																																				}
																																																			]
																																																		},
																																																		"property": {
																																																			"type": "Identifier",
																																																			"name": "up"
																																																		}
																																																	},
																																																	"arguments": []
																																																}
																																															}
																																														}
																																													]
																																												}
																																											}
																																										}
																																									}
																																								}
																																							}
																																						}
																																					}
																																				}
																																			}
																																		}
																																	}
																																}
																															}
																														}
																													}
																												}
																											}
																										}
																									}
																								}
																							}
																						}
																					}
																				}
																			}
																		}
																	}
																}
															}
														}
													}
												}
											}
										}
									}
								}
							}
						}
					}
				}
			}
		}
	}
}