{
	"body": {
		"0": {
			"expression": {
				"callee": {
					"object": {
						"body": {
							"body": {
								"17": {
									"expression": {
										"right": {
											"callee": {
												"body": {
													"body": {
														"1": {
															"body": {
																"body": {
																	"11": {
																		"type": "IfStatement",
																		"test": {
																			"type": "MemberExpression",
																			"computed": false,
																			"object": {
																				"type": "MemberExpression",
																				"computed": false,
																				"object": {
																					"type": "ThisExpression"
																				},
																				"property": {
																					"type": "Identifier",
																					"name": "options"
																				}
																			},
																			"property": {
																				"type": "Identifier",
																				"name": "normalizeTags"
																			}
																		},
																		"consequent": {
																			"type": "BlockStatement",
																			"body": [
																				{
																					"type": "IfStatement",
																					"test": {
																						"type": "UnaryExpression",
																						"operator": "!",
																						"argument": {
																							"type": "MemberExpression",
																							"computed": false,
																							"object": {
																								"type": "MemberExpression",
																								"computed": false,
																								"object": {
																									"type": "ThisExpression"
																								},
																								"property": {
																									"type": "Identifier",
																									"name": "options"
																								}
																							},
																							"property": {
																								"type": "Identifier",
																								"name": "tagNameProcessors"
																							}
																						},
																						"prefix": true
																					},
																					"consequent": {
																						"type": "BlockStatement",
																						"body": [
																							{
																								"type": "ExpressionStatement",
																								"expression": {
																									"type": "AssignmentExpression",
																									"operator": "=",
																									"left": {
																										"type": "MemberExpression",
																										"computed": false,
																										"object": {
																											"type": "MemberExpression",
																											"computed": false,
																											"object": {
																												"type": "ThisExpression"
																											},
																											"property": {
																												"type": "Identifier",
																												"name": "options"
																											}
																										},
																										"property": {
																											"type": "Identifier",
																											"name": "tagNameProcessors"
																										}
																									},
																									"right": {
																										"type": "ArrayExpression",
																										"elements": []
																									}
																								}
																							}
																						]
																					},
																					"alternate": null
																				},
																				{
																					"type": "ExpressionStatement",
																					"expression": {
																						"type": "CallExpression",
																						"callee": {
																							"type": "MemberExpression",
																							"computed": false,
																							"object": {
																								"type": "MemberExpression",
																								"computed": false,
																								"object": {
																									"type": "MemberExpression",
																									"computed": false,
																									"object": {
																										"type": "ThisExpression"
																									},
																									"property": {
																										"type": "Identifier",
																										"name": "options"
																									}
																								},
																								"property": {
																									"type": "Identifier",
																									"name": "tagNameProcessors"
																								}
																							},
																							"property": {
																								"type": "Identifier",
																								"name": "unshift"
																							}
																						},
																						"arguments": [
																							{
																								"type": "MemberExpression",
																								"computed": false,
																								"object": {
																									"type": "Identifier",
																									"name": "processors"
																								},
																								"property": {
																									"type": "Identifier",
																									"name": "normalize"
																								}
																							}
																						]
																					}
																				}
																			]
																		}
																	},
																	"12": {
																		"type": "ExpressionStatement",
																		"expression": {
																			"type": "CallExpression",
																			"callee": {
																				"type": "MemberExpression",
																				"computed": false,
																				"object": {
																					"type": "ThisExpression"
																				},
																				"property": {
																					"type": "Identifier",
																					"name": "reset"
																				}
																			},
																			"arguments": []
																		}
																	}
																}
															}
														}
													}
												}
											}
										}
									}
								}
							}
						}
					}
				}
			}
		}
	}
}