{
	"body": {
		"0": {
			"expression": {
				"callee": {
					"object": {
						"body": {
							"body": {
								"17": {
									"expression": {
										"right": {
											"callee": {
												"body": {
													"body": {
														"4": {
															"expression": {
																"right": {
																	"body": {
																		"body": {
																			"2": {
																				"expression": {
																					"right": {
																						"arguments": {
																							"1": {
																								"properties": {
																									"1": {
																										"key": {
																											"name": "normalize"
																										},
																										"value": {
																											"type": "Literal"
																										}
																									},
																									"2": {
																										"type": "Property",
																										"key": {
																											"type": "Identifier",
																											"name": "xmlns"
																										},
																										"computed": false,
																										"value": {
																											"type": "MemberExpression",
																											"computed": false,
																											"object": {
																												"type": "MemberExpression",
																												"computed": false,
																												"object": {
																													"type": "ThisExpression"
																												},
																												"property": {
																													"type": "Identifier",
																													"name": "options"
																												}
																											},
																											"property": {
																												"type": "Identifier",
																												"name": "xmlns"
																											}
																										},
																										"kind": "init",
																										"method": false,
																										"shorthand": false
																									}
																								}
																							}
																						}
																					}
																				}
																			}
																		}
																	}
																}
															}
														}
													}
												}
											}
										}
									}
								}
							}
						}
					}
				}
			}
		}
	}
}