{
	"body": {
		"0": {
			"expression": {
				"callee": {
					"object": {
						"body": {
							"body": {
								"1": {
									"declarations": {
										"11": {
											"init": {
												"body": {
													"body": {
														"5": {
															"argument": {
																"type": "Identifier",
																"name": "child"
															}
														}
													}
												}
											}
										}
									}
								}
							}
						}
					}
				}
			}
		}
	}
}