{
	"body": {
		"0": {
			"expression": {
				"callee": {
					"object": {
						"body": {
							"body": {
								"17": {
									"expression": {
										"right": {
											"callee": {
												"body": {
													"body": {
														"5": {
															"expression": {
																"right": {
																	"body": {
																		"body": {
																			"2": {
																				"handler": {
																					"body": {
																						"body": {
																							"1": {
																								"consequent": {
																									"body": {
																										"1": {
																											"type": "ReturnStatement",
																											"argument": {
																												"type": "AssignmentExpression",
																												"operator": "=",
																												"left": {
																													"type": "MemberExpression",
																													"computed": false,
																													"object": {
																														"type": "MemberExpression",
																														"computed": false,
																														"object": {
																															"type": "ThisExpression"
																														},
																														"property": {
																															"type": "Identifier",
																															"name": "saxParser"
																														}
																													},
																													"property": {
																														"type": "Identifier",
																														"name": "errThrown"
																													}
																												},
																												"right": {
																													"type": "Literal",
																													"value": true,
																													"raw": "true"
																												}
																											}
																										}
																									}
																								}
																							}
																						}
																					}
																				}
																			}
																		}
																	}
																}
															}
														}
													}
												}
											}
										}
									}
								}
							}
						}
					}
				}
			}
		}
	}
}