{
	"body": {
		"0": {
			"expression": {
				"callee": {
					"object": {
						"body": {
							"body": {
								"14": {
									"expression": {
										"right": {
											"properties": {
												"0": {
													"value": {
														"properties": {
															"3": {
																"key": {
																	"name": "normalizeTags"
																},
																"value": {
																	"value": false,
																	"raw": "false"
																}
															},
															"4": {
																"key": {
																	"name": "attrkey"
																},
																"value": {
																	"value": "@",
																	"raw": "'@'"
																}
															},
															"5": {
																"key": {
																	"name": "charkey"
																},
																"value": {
																	"raw": "'#'"
																}
															},
															"6": {
																"key": {
																	"name": "explicitArray"
																}
															},
															"7": {
																"key": {
																	"name": "ignoreAttrs"
																}
															},
															"8": {
																"key": {
																	"name": "mergeAttrs"
																}
															},
															"9": {
																"key": {
																	"name": "explicitRoot"
																},
																"value": {
																	"raw": "false"
																}
															},
															"10": {
																"key": {
																	"name": "validator"
																},
																"value": {
																	"raw": "null"
																}
															},
															"11": {
																"key": {
																	"name": "xmlns"
																}
															},
															"12": {
																"key": {
																	"name": "explicitChildren"
																},
																"value": {
																	"value": false,
																	"raw": "false"
																}
															},
															"13": {
																"key": {
																	"name": "childkey"
																},
																"value": {
																	"raw": "'@@'"
																}
															},
															"14": {
																"key": {
																	"name": "charsAsChildren"
																}
															},
															"15": {
																"key": {
																	"name": "async"
																},
																"value": {
																	"value": false,
																	"raw": "false"
																}
															},
															"16": {
																"key": {
																	"name": "strict"
																},
																"value": {
																	"raw": "true"
																}
															},
															"17": {
																"key": {
																	"name": "attrNameProcessors"
																}
															},
															"18": {
																"key": {
																	"name": "attrValueProcessors"
																}
															},
															"19": {
																"key": {
																	"name": "tagNameProcessors"
																}
															},
															"20": {
																"key": {
																	"name": "valueProcessors"
																},
																"value": {
																	"raw": "null"
																}
															},
															"21": {
																"type": "Property",
																"key": {
																	"type": "Identifier",
																	"name": "emptyTag"
																},
																"computed": false,
																"value": {
																	"type": "Literal",
																	"value": "",
																	"raw": "''"
																},
																"kind": "init",
																"method": false,
																"shorthand": false
															}
														}
													}
												},
												"1": {
													"value": {
														"properties": {
															"18": {
																"key": {
																	"name": "attrNameProcessors"
																}
															},
															"19": {
																"key": {
																	"name": "attrValueProcessors"
																}
															},
															"20": {
																"key": {
																	"name": "tagNameProcessors"
																}
															},
															"21": {
																"key": {
																	"name": "valueProcessors"
																},
																"value": {
																	"raw": "null"
																}
															},
															"22": {
																"key": {
																	"name": "rootName"
																},
																"value": {
																	"type": "Literal"
																}
															},
															"23": {
																"key": {
																	"name": "xmldec"
																},
																"value": {
																	"type": "ObjectExpression",
																	"properties": [
																		{
																			"type": "Property",
																			"key": {
																				"type": "Literal",
																				"value": "version",
																				"raw": "'version'"
																			},
																			"computed": false,
																			"value": {
																				"type": "Literal",
																				"value": "1.0",
																				"raw": "'1.0'"
																			},
																			"kind": "init",
																			"method": false,
																			"shorthand": false
																		},
																		{
																			"type": "Property",
																			"key": {
																				"type": "Literal",
																				"value": "encoding",
																				"raw": "'encoding'"
																			},
																			"computed": false,
																			"value": {
																				"type": "Literal",
																				"value": "UTF-8",
																				"raw": "'UTF-8'"
																			},
																			"kind": "init",
																			"method": false,
																			"shorthand": false
																		},
																		{
																			"type": "Property",
																			"key": {
																				"type": "Literal",
																				"value": "standalone",
																				"raw": "'standalone'"
																			},
																			"computed": false,
																			"value": {
																				"type": "Literal",
																				"value": true,
																				"raw": "true"
																			},
																			"kind": "init",
																			"method": false,
																			"shorthand": false
																		}
																	]
																}
															},
															"24": {
																"key": {
																	"name": "doctype"
																},
																"value": {
																	"type": "Literal"
																}
															},
															"25": {
																"key": {
																	"name": "renderOpts"
																},
																"value": {
																	"type": "ObjectExpression",
																	"properties": [
																		{
																			"type": "Property",
																			"key": {
																				"type": "Literal",
																				"value": "pretty",
																				"raw": "'pretty'"
																			},
																			"computed": false,
																			"value": {
																				"type": "Literal",
																				"value": true,
																				"raw": "true"
																			},
																			"kind": "init",
																			"method": false,
																			"shorthand": false
																		},
																		{
																			"type": "Property",
																			"key": {
																				"type": "Literal",
																				"value": "indent",
																				"raw": "'indent'"
																			},
																			"computed": false,
																			"value": {
																				"type": "Literal",
																				"value": "  ",
																				"raw": "'  '"
																			},
																			"kind": "init",
																			"method": false,
																			"shorthand": false
																		},
																		{
																			"type": "Property",
																			"key": {
																				"type": "Literal",
																				"value": "newline",
																				"raw": "'newline'"
																			},
																			"computed": false,
																			"value": {
																				"type": "Literal",
																				"value": "\n",
																				"raw": "'\\n'"
																			},
																			"kind": "init",
																			"method": false,
																			"shorthand": false
																		}
																	]
																}
															},
															"26": {
																"key": {
																	"name": "headless"
																},
																"value": {
																	"value": false,
																	"raw": "false"
																}
															},
															"27": {
																"key": {
																	"name": "chunkSize"
																},
																"value": {
																	"raw": "10000"
																}
															},
															"28": {
																"type": "Property",
																"key": {
																	"type": "Identifier",
																	"name": "emptyTag"
																},
																"computed": false,
																"value": {
																	"type": "Literal",
																	"value": "",
																	"raw": "''"
																},
																"kind": "init",
																"method": false,
																"shorthand": false
															},
															"29": {
																"type": "Property",
																"key": {
																	"type": "Identifier",
																	"name": "cdata"
																},
																"computed": false,
																"value": {
																	"type": "Literal",
																	"value": false,
																	"raw": "false"
																},
																"kind": "init",
																"method": false,
																"shorthand": false
															}
														}
													}
												}
											}
										}
									}
								},
								"17": {
									"expression": {
										"right": {
											"callee": {
												"body": {
													"body": {
														"1": {
															"body": {
																"body": {
																	"11": {
																		"consequent": {
																			"body": {
																				"1": {
																					"expression": {
																						"arguments": {
																							"0": {
																								"type": "MemberExpression",
																								"computed": false,
																								"object": {
																									"type": "Identifier",
																									"name": "processors"
																								},
																								"property": {
																									"type": "Identifier",
																									"name": "normalize"
																								}
																							}
																						}
																					}
																				}
																			}
																		}
																	}
																}
															}
														},
														"5": {
															"expression": {
																"right": {
																	"body": {
																		"body": {
																			"2": {
																				"block": {
																					"body": {
																						"3": {
																							"consequent": {
																								"body": {
																									"2": {
																										"type": "ReturnStatement",
																										"argument": {
																											"type": "MemberExpression",
																											"computed": false,
																											"object": {
																												"type": "ThisExpression"
																											},
																											"property": {
																												"type": "Identifier",
																												"name": "saxParser"
																											}
																										}
																									}
																								}
																							}
																						}
																					}
																				}
																			}
																		}
																	}
																}
															}
														}
													}
												}
											}
										}
									}
								}
							}
						}
					}
				}
			}
		}
	}
}