{
	"body": {
		"0": {
			"expression": {
				"callee": {
					"object": {
						"body": {
							"body": {
								"14": {
									"expression": {
										"right": {
											"properties": {
												"1": {
													"value": {
														"properties": {
															"18": {
																"key": {
																	"name": "attrNameProcessors"
																}
															},
															"19": {
																"key": {
																	"name": "attrValueProcessors"
																}
															},
															"20": {
																"key": {
																	"name": "tagNameProcessors"
																}
															},
															"21": {
																"key": {
																	"name": "valueProcessors"
																},
																"value": {
																	"raw": "null"
																}
															},
															"22": {
																"key": {
																	"name": "rootName"
																},
																"value": {
																	"type": "Literal"
																}
															},
															"23": {
																"key": {
																	"name": "xmldec"
																},
																"value": {
																	"type": "ObjectExpression",
																	"properties": [
																		{
																			"type": "Property",
																			"key": {
																				"type": "Literal",
																				"value": "version",
																				"raw": "'version'"
																			},
																			"computed": false,
																			"value": {
																				"type": "Literal",
																				"value": "1.0",
																				"raw": "'1.0'"
																			},
																			"kind": "init",
																			"method": false,
																			"shorthand": false
																		},
																		{
																			"type": "Property",
																			"key": {
																				"type": "Literal",
																				"value": "encoding",
																				"raw": "'encoding'"
																			},
																			"computed": false,
																			"value": {
																				"type": "Literal",
																				"value": "UTF-8",
																				"raw": "'UTF-8'"
																			},
																			"kind": "init",
																			"method": false,
																			"shorthand": false
																		},
																		{
																			"type": "Property",
																			"key": {
																				"type": "Literal",
																				"value": "standalone",
																				"raw": "'standalone'"
																			},
																			"computed": false,
																			"value": {
																				"type": "Literal",
																				"value": true,
																				"raw": "true"
																			},
																			"kind": "init",
																			"method": false,
																			"shorthand": false
																		}
																	]
																}
															},
															"24": {
																"key": {
																	"name": "doctype"
																},
																"value": {
																	"type": "Literal"
																}
															},
															"25": {
																"key": {
																	"name": "renderOpts"
																},
																"value": {
																	"type": "ObjectExpression",
																	"properties": [
																		{
																			"type": "Property",
																			"key": {
																				"type": "Literal",
																				"value": "pretty",
																				"raw": "'pretty'"
																			},
																			"computed": false,
																			"value": {
																				"type": "Literal",
																				"value": true,
																				"raw": "true"
																			},
																			"kind": "init",
																			"method": false,
																			"shorthand": false
																		},
																		{
																			"type": "Property",
																			"key": {
																				"type": "Literal",
																				"value": "indent",
																				"raw": "'indent'"
																			},
																			"computed": false,
																			"value": {
																				"type": "Literal",
																				"value": "  ",
																				"raw": "'  '"
																			},
																			"kind": "init",
																			"method": false,
																			"shorthand": false
																		},
																		{
																			"type": "Property",
																			"key": {
																				"type": "Literal",
																				"value": "newline",
																				"raw": "'newline'"
																			},
																			"computed": false,
																			"value": {
																				"type": "Literal",
																				"value": "\n",
																				"raw": "'\\n'"
																			},
																			"kind": "init",
																			"method": false,
																			"shorthand": false
																		}
																	]
																}
															},
															"26": {
																"key": {
																	"name": "headless"
																},
																"value": {
																	"value": false,
																	"raw": "false"
																}
															},
															"27": {
																"key": {
																	"name": "chunkSize"
																},
																"value": {
																	"raw": "10000"
																}
															},
															"28": {
																"key": {
																	"name": "emptyTag"
																},
																"value": {
																	"raw": "''"
																}
															},
															"29": {
																"type": "Property",
																"key": {
																	"type": "Identifier",
																	"name": "cdata"
																},
																"computed": false,
																"value": {
																	"type": "Literal",
																	"value": false,
																	"raw": "false"
																},
																"kind": "init",
																"method": false,
																"shorthand": false
															}
														}
													}
												}
											}
										}
									}
								}
							}
						}
					}
				}
			}
		}
	}
}