{
	"body": {
		"0": {
			"expression": {
				"callee": {
					"object": {
						"body": {
							"body": {
								"14": {
									"expression": {
										"right": {
											"properties": {
												"0": {
													"value": {
														"properties": {
															"12": {
																"key": {
																	"name": "explicitChildren"
																},
																"value": {
																	"value": false,
																	"raw": "false"
																}
															},
															"13": {
																"key": {
																	"name": "childkey"
																},
																"value": {
																	"raw": "'@@'"
																}
															},
															"14": {
																"key": {
																	"name": "charsAsChildren"
																}
															},
															"15": {
																"key": {
																	"name": "async"
																},
																"value": {
																	"value": false,
																	"raw": "false"
																}
															},
															"16": {
																"key": {
																	"name": "strict"
																},
																"value": {
																	"raw": "true"
																}
															},
															"17": {
																"key": {
																	"name": "attrNameProcessors"
																}
															},
															"18": {
																"key": {
																	"name": "attrValueProcessors"
																}
															},
															"19": {
																"key": {
																	"name": "tagNameProcessors"
																}
															},
															"20": {
																"key": {
																	"name": "valueProcessors"
																},
																"value": {
																	"raw": "null"
																}
															},
															"21": {
																"type": "Property",
																"key": {
																	"type": "Identifier",
																	"name": "emptyTag"
																},
																"computed": false,
																"value": {
																	"type": "Literal",
																	"value": "",
																	"raw": "''"
																},
																"kind": "init",
																"method": false,
																"shorthand": false
															}
														}
													}
												}
											}
										}
									}
								}
							}
						}
					}
				}
			}
		}
	}
}