{
	"body": {
		"0": {
			"expression": {
				"callee": {
					"object": {
						"body": {
							"body": {
								"17": {
									"expression": {
										"right": {
											"callee": {
												"body": {
													"body": {
														"2": {
															"expression": {
																"right": {
																	"body": {
																		"body": {
																			"1": {
																				"block": {
																					"body": {
																						"0": {
																							"alternate": {
																								"body": {
																									"3": {
																										"type": "ReturnStatement",
																										"argument": {
																											"type": "CallExpression",
																											"callee": {
																												"type": "Identifier",
																												"name": "setImmediate"
																											},
																											"arguments": [
																												{
																													"type": "MemberExpression",
																													"computed": false,
																													"object": {
																														"type": "ThisExpression"
																													},
																													"property": {
																														"type": "Identifier",
																														"name": "processAsync"
																													}
																												}
																											]
																										}
																									}
																								}
																							}
																						}
																					}
																				}
																			}
																		}
																	}
																}
															}
														}
													}
												}
											}
										}
									}
								}
							}
						}
					}
				}
			}
		}
	}
}