{
	"body": {
		"0": {
			"expression": {
				"callee": {
					"object": {
						"body": {
							"body": {
								"34": {
									"expression": {
										"right": {
											"body": {
												"body": {
													"0": {
														"declarations": {
															"3": {
																"type": "VariableDeclarator",
																"id": {
																	"type": "Identifier",
																	"name": "computed"
																},
																"init": null
															}
														}
													}
												}
											}
										}
									}
								}
							}
						}
					}
				}
			}
		}
	}
}