{
	"body": {
		"0": {
			"expression": {
				"callee": {
					"object": {
						"body": {
							"body": {
								"151": {
									"consequent": {
										"body": {
											"0": {
												"expression": {
													"arguments": {
														"1": {
															"type": "ArrayExpression"
														},
														"2": {
															"type": "FunctionExpression",
															"id": null,
															"params": [],
															"body": {
																"type": "BlockStatement",
																"body": [
																	{
																		"type": "ReturnStatement",
																		"argument": {
																			"type": "Identifier",
																			"name": "_"
																		}
																	}
																]
															},
															"generator": false,
															"expression": false,
															"async": false
														}
													}
												}
											}
										}
									}
								}
							}
						}
					}
				}
			}
		}
	}
}