{
	"body": {
		"0": {
			"expression": {
				"callee": {
					"object": {
						"body": {
							"body": {
								"19": {
									"expression": {
										"right": {
											"right": {
												"body": {
													"body": {
														"1": {
															"declarations": {
																"2": {
																	"init": {
																		"arguments": {
																			"0": {
																				"type": "Identifier",
																				"name": "length"
																			}
																		}
																	}
																}
															}
														}
													}
												}
											}
										}
									}
								},
								"37": {
									"expression": {
										"right": {
											"body": {
												"body": {
													"1": {
														"argument": {
															"arguments": {
																"0": {
																	"arguments": {
																		"0": {
																			"body": {
																				"body": {
																					"3": {
																						"type": "ReturnStatement",
																						"argument": {
																							"type": "BinaryExpression",
																							"operator": "-",
																							"left": {
																								"type": "MemberExpression",
																								"computed": false,
																								"object": {
																									"type": "Identifier",
																									"name": "left"
																								},
																								"property": {
																									"type": "Identifier",
																									"name": "index"
																								}
																							},
																							"right": {
																								"type": "MemberExpression",
																								"computed": false,
																								"object": {
																									"type": "Identifier",
																									"name": "right"
																								},
																								"property": {
																									"type": "Identifier",
																									"name": "index"
																								}
																							}
																						}
																					}
																				}
																			}
																		}
																	}
																}
															}
														}
													}
												}
											}
										}
									}
								},
								"76": {
									"expression": {
										"right": {
											"body": {
												"body": {
													"1": {
														"declarations": {
															"0": {
																"init": {
																	"body": {
																		"body": {
																			"1": {
																				"consequent": {
																					"body": {
																						"0": {
																							"expression": {
																								"right": {
																									"arguments": {
																										"1": {
																											"type": "BinaryExpression",
																											"operator": "-",
																											"left": {
																												"type": "Identifier",
																												"name": "wait"
																											},
																											"right": {
																												"type": "Identifier",
																												"name": "last"
																											}
																										}
																									}
																								}
																							}
																						}
																					}
																				}
																			}
																		}
																	}
																}
															}
														}
													}
												}
											}
										}
									}
								},
								"85": {
									"body": {
										"body": {
											"5": {
												"body": {
													"body": {
														"1": {
															"test": {
																"right": {
																	"argument": {
																		"arguments": {
																			"1": {
																				"type": "Identifier",
																				"name": "prop"
																			}
																		}
																	}
																}
															}
														}
													}
												}
											}
										}
									}
								},
								"110": {
									"consequent": {
										"body": {
											"0": {
												"expression": {
													"right": {
														"body": {
															"body": {
																"0": {
																	"argument": {
																		"arguments": {
																			"1": {
																				"type": "Literal",
																				"value": "callee",
																				"raw": "'callee'"
																			}
																		}
																	}
																}
															}
														}
													}
												}
											}
										}
									}
								},
								"111": {
									"consequent": {
										"body": {
											"0": {
												"expression": {
													"right": {
														"body": {
															"body": {
																"0": {
																	"argument": {
																		"type": "LogicalExpression",
																		"operator": "||",
																		"left": {
																			"type": "BinaryExpression",
																			"operator": "==",
																			"left": {
																				"type": "UnaryExpression",
																				"operator": "typeof",
																				"argument": {
																					"type": "Identifier",
																					"name": "obj"
																				},
																				"prefix": true
																			},
																			"right": {
																				"type": "Literal",
																				"value": "function",
																				"raw": "'function'"
																			}
																		},
																		"right": {
																			"type": "Literal",
																			"value": false,
																			"raw": "false"
																		}
																	}
																}
															}
														}
													}
												}
											}
										}
									}
								}
							}
						}
					}
				}
			}
		}
	}
}