{
	"body": {
		"0": {
			"expression": {
				"callee": {
					"object": {
						"body": {
							"body": {
								"42": {
									"expression": {
										"right": {
											"body": {
												"body": {
													"1": {
														"test": {
															"callee": {
																"type": "MemberExpression",
																"object": {
																	"type": "Identifier",
																	"name": "_"
																},
																"property": {
																	"type": "Identifier",
																	"name": "isArray"
																}
															}
														},
														"consequent": {
															"argument": {
																"callee": {
																	"object": {
																		"name": "slice"
																	},
																	"property": {
																		"name": "call"
																	}
																}
															}
														}
													},
													"2": {
														"type": "IfStatement",
														"test": {
															"type": "CallExpression",
															"callee": {
																"type": "Identifier",
																"name": "isArrayLike"
															},
															"arguments": [
																{
																	"type": "Identifier",
																	"name": "obj"
																}
															]
														},
														"consequent": {
															"type": "ReturnStatement",
															"argument": {
																"type": "CallExpression",
																"callee": {
																	"type": "MemberExpression",
																	"computed": false,
																	"object": {
																		"type": "Identifier",
																		"name": "_"
																	},
																	"property": {
																		"type": "Identifier",
																		"name": "map"
																	}
																},
																"arguments": [
																	{
																		"type": "Identifier",
																		"name": "obj"
																	},
																	{
																		"type": "MemberExpression",
																		"computed": false,
																		"object": {
																			"type": "Identifier",
																			"name": "_"
																		},
																		"property": {
																			"type": "Identifier",
																			"name": "identity"
																		}
																	}
																]
															}
														}
													},
													"3": {
														"type": "ReturnStatement",
														"argument": {
															"type": "CallExpression",
															"callee": {
																"type": "MemberExpression",
																"computed": false,
																"object": {
																	"type": "Identifier",
																	"name": "_"
																},
																"property": {
																	"type": "Identifier",
																	"name": "values"
																}
															},
															"arguments": [
																{
																	"type": "Identifier",
																	"name": "obj"
																}
															]
														}
													}
												}
											}
										}
									}
								},
								"103": {
									"declarations": {
										"0": {
											"init": {
												"body": {
													"body": {
														"1": {
															"consequent": {
																"argument": {
																	"type": "BinaryExpression",
																	"operator": "===",
																	"left": {
																		"type": "Identifier",
																		"name": "a"
																	},
																	"right": {
																		"type": "Identifier",
																		"name": "b"
																	}
																}
															}
														}
													}
												}
											}
										}
									}
								},
								"125": {
									"expression": {
										"right": {
											"body": {
												"body": {
													"0": {
														"declarations": {
															"0": {
																"init": {
																	"arguments": {
																		"0": {
																			"type": "CallExpression",
																			"callee": {
																				"type": "MemberExpression",
																				"computed": false,
																				"object": {
																					"type": "Identifier",
																					"name": "Math"
																				},
																				"property": {
																					"type": "Identifier",
																					"name": "max"
																				}
																			},
																			"arguments": [
																				{
																					"type": "Literal",
																					"value": 0,
																					"raw": "0"
																				},
																				{
																					"type": "Identifier",
																					"name": "n"
																				}
																			]
																		}
																	}
																}
															}
														}
													}
												}
											}
										}
									}
								}
							}
						}
					}
				}
			}
		}
	}
}