{
	"body": {
		"0": {
			"expression": {
				"callee": {
					"object": {
						"body": {
							"body": {
								"37": {
									"expression": {
										"right": {
											"body": {
												"body": {
													"1": {
														"argument": {
															"arguments": {
																"0": {
																	"callee": {
																		"object": {
																			"arguments": {
																				"1": {
																					"body": {
																						"body": {
																							"0": {
																								"argument": {
																									"properties": {
																										"2": {
																											"value": {
																												"arguments": {
																													"2": {
																														"type": "Identifier",
																														"name": "list"
																													}
																												}
																											}
																										}
																									}
																								}
																							}
																						}
																					}
																				}
																			}
																		}
																	}
																}
															}
														}
													}
												}
											}
										}
									}
								},
								"47": {
									"expression": {
										"right": {
											"body": {
												"body": {
													"0": {
														"consequent": {
															"argument": {
																"type": "UnaryExpression",
																"operator": "void",
																"argument": {
																	"type": "Literal",
																	"value": 0,
																	"raw": "0"
																},
																"prefix": true
															}
														}
													}
												}
											}
										}
									}
								},
								"69": {
									"expression": {
										"right": {
											"body": {
												"body": {
													"4": {
														"type": "ReturnStatement",
														"argument": {
															"type": "Identifier",
															"name": "bound"
														}
													}
												}
											}
										}
									}
								},
								"85": {
									"body": {
										"body": {
											"4": {
												"type": "IfStatement",
												"test": {
													"type": "LogicalExpression",
													"operator": "&&",
													"left": {
														"type": "CallExpression",
														"callee": {
															"type": "MemberExpression",
															"computed": false,
															"object": {
																"type": "Identifier",
																"name": "_"
															},
															"property": {
																"type": "Identifier",
																"name": "has"
															}
														},
														"arguments": [
															{
																"type": "Identifier",
																"name": "obj"
															},
															{
																"type": "Identifier",
																"name": "prop"
															}
														]
													},
													"right": {
														"type": "UnaryExpression",
														"operator": "!",
														"argument": {
															"type": "CallExpression",
															"callee": {
																"type": "MemberExpression",
																"computed": false,
																"object": {
																	"type": "Identifier",
																	"name": "_"
																},
																"property": {
																	"type": "Identifier",
																	"name": "contains"
																}
															},
															"arguments": [
																{
																	"type": "Identifier",
																	"name": "keys"
																},
																{
																	"type": "Identifier",
																	"name": "prop"
																}
															]
														},
														"prefix": true
													}
												},
												"consequent": {
													"type": "ExpressionStatement",
													"expression": {
														"type": "CallExpression",
														"callee": {
															"type": "MemberExpression",
															"computed": false,
															"object": {
																"type": "Identifier",
																"name": "keys"
															},
															"property": {
																"type": "Identifier",
																"name": "push"
															}
														},
														"arguments": [
															{
																"type": "Identifier",
																"name": "prop"
															}
														]
													}
												}
											},
											"5": {
												"type": "WhileStatement",
												"test": {
													"type": "UpdateExpression",
													"operator": "--",
													"argument": {
														"type": "Identifier",
														"name": "nonEnumIdx"
													},
													"prefix": false
												},
												"body": {
													"type": "BlockStatement",
													"body": [
														{
															"type": "ExpressionStatement",
															"expression": {
																"type": "AssignmentExpression",
																"operator": "=",
																"left": {
																	"type": "Identifier",
																	"name": "prop"
																},
																"right": {
																	"type": "MemberExpression",
																	"computed": true,
																	"object": {
																		"type": "Identifier",
																		"name": "nonEnumerableProps"
																	},
																	"property": {
																		"type": "Identifier",
																		"name": "nonEnumIdx"
																	}
																}
															}
														},
														{
															"type": "IfStatement",
															"test": {
																"type": "LogicalExpression",
																"operator": "&&",
																"left": {
																	"type": "LogicalExpression",
																	"operator": "&&",
																	"left": {
																		"type": "BinaryExpression",
																		"operator": "in",
																		"left": {
																			"type": "Identifier",
																			"name": "prop"
																		},
																		"right": {
																			"type": "Identifier",
																			"name": "obj"
																		}
																	},
																	"right": {
																		"type": "BinaryExpression",
																		"operator": "!==",
																		"left": {
																			"type": "MemberExpression",
																			"computed": true,
																			"object": {
																				"type": "Identifier",
																				"name": "obj"
																			},
																			"property": {
																				"type": "Identifier",
																				"name": "prop"
																			}
																		},
																		"right": {
																			"type": "MemberExpression",
																			"computed": true,
																			"object": {
																				"type": "Identifier",
																				"name": "proto"
																			},
																			"property": {
																				"type": "Identifier",
																				"name": "prop"
																			}
																		}
																	}
																},
																"right": {
																	"type": "UnaryExpression",
																	"operator": "!",
																	"argument": {
																		"type": "CallExpression",
																		"callee": {
																			"type": "MemberExpression",
																			"computed": false,
																			"object": {
																				"type": "Identifier",
																				"name": "_"
																			},
																			"property": {
																				"type": "Identifier",
																				"name": "contains"
																			}
																		},
																		"arguments": [
																			{
																				"type": "Identifier",
																				"name": "keys"
																			},
																			{
																				"type": "Identifier",
																				"name": "prop"
																			}
																		]
																	},
																	"prefix": true
																}
															},
															"consequent": {
																"type": "BlockStatement",
																"body": [
																	{
																		"type": "ExpressionStatement",
																		"expression": {
																			"type": "CallExpression",
																			"callee": {
																				"type": "MemberExpression",
																				"computed": false,
																				"object": {
																					"type": "Identifier",
																					"name": "keys"
																				},
																				"property": {
																					"type": "Identifier",
																					"name": "push"
																				}
																			},
																			"arguments": [
																				{
																					"type": "Identifier",
																					"name": "prop"
																				}
																			]
																		}
																	}
																]
															},
															"alternate": null
														}
													]
												}
											}
										}
									}
								}
							}
						}
					}
				}
			}
		}
	}
}