{
	"body": {
		"0": {
			"expression": {
				"callee": {
					"object": {
						"body": {
							"body": {
								"85": {
									"body": {
										"body": {
											"5": {
												"body": {
													"body": {
														"1": {
															"consequent": {
																"body": {
																	"0": {
																		"expression": {
																			"arguments": {
																				"0": {
																					"type": "Identifier",
																					"name": "prop"
																				}
																			}
																		}
																	}
																}
															}
														}
													}
												}
											}
										}
									}
								}
							}
						}
					}
				}
			}
		}
	}
}