{
	"body": {
		"0": {
			"expression": {
				"callee": {
					"object": {
						"body": {
							"body": {
								"19": {
									"expression": {
										"right": {
											"right": {
												"body": {
													"body": {
														"1": {
															"declarations": {
																"2": {
																	"init": {
																		"arguments": {
																			"0": {
																				"type": "Identifier",
																				"name": "length"
																			}
																		}
																	}
																}
															}
														}
													}
												}
											}
										}
									}
								},
								"52": {
									"expression": {
										"right": {
											"body": {
												"body": {
													"0": {
														"argument": {
															"arguments": {
																"1": {
																	"arguments": {
																		"1": {
																			"type": "Literal",
																			"value": 1,
																			"raw": "1"
																		}
																	}
																}
															}
														}
													}
												}
											}
										}
									}
								},
								"85": {
									"body": {
										"body": {
											"4": {
												"type": "IfStatement",
												"test": {
													"type": "LogicalExpression",
													"operator": "&&",
													"left": {
														"type": "CallExpression",
														"callee": {
															"type": "MemberExpression",
															"computed": false,
															"object": {
																"type": "Identifier",
																"name": "_"
															},
															"property": {
																"type": "Identifier",
																"name": "has"
															}
														},
														"arguments": [
															{
																"type": "Identifier",
																"name": "obj"
															},
															{
																"type": "Identifier",
																"name": "prop"
															}
														]
													},
													"right": {
														"type": "UnaryExpression",
														"operator": "!",
														"argument": {
															"type": "CallExpression",
															"callee": {
																"type": "MemberExpression",
																"computed": false,
																"object": {
																	"type": "Identifier",
																	"name": "_"
																},
																"property": {
																	"type": "Identifier",
																	"name": "contains"
																}
															},
															"arguments": [
																{
																	"type": "Identifier",
																	"name": "keys"
																},
																{
																	"type": "Identifier",
																	"name": "prop"
																}
															]
														},
														"prefix": true
													}
												},
												"consequent": {
													"type": "ExpressionStatement",
													"expression": {
														"type": "CallExpression",
														"callee": {
															"type": "MemberExpression",
															"computed": false,
															"object": {
																"type": "Identifier",
																"name": "keys"
															},
															"property": {
																"type": "Identifier",
																"name": "push"
															}
														},
														"arguments": [
															{
																"type": "Identifier",
																"name": "prop"
															}
														]
													}
												}
											},
											"5": {
												"type": "WhileStatement",
												"test": {
													"type": "UpdateExpression",
													"operator": "--",
													"argument": {
														"type": "Identifier",
														"name": "nonEnumIdx"
													},
													"prefix": false
												},
												"body": {
													"type": "BlockStatement",
													"body": [
														{
															"type": "ExpressionStatement",
															"expression": {
																"type": "AssignmentExpression",
																"operator": "=",
																"left": {
																	"type": "Identifier",
																	"name": "prop"
																},
																"right": {
																	"type": "MemberExpression",
																	"computed": true,
																	"object": {
																		"type": "Identifier",
																		"name": "nonEnumerableProps"
																	},
																	"property": {
																		"type": "Identifier",
																		"name": "nonEnumIdx"
																	}
																}
															}
														},
														{
															"type": "IfStatement",
															"test": {
																"type": "LogicalExpression",
																"operator": "&&",
																"left": {
																	"type": "LogicalExpression",
																	"operator": "&&",
																	"left": {
																		"type": "BinaryExpression",
																		"operator": "in",
																		"left": {
																			"type": "Identifier",
																			"name": "prop"
																		},
																		"right": {
																			"type": "Identifier",
																			"name": "obj"
																		}
																	},
																	"right": {
																		"type": "BinaryExpression",
																		"operator": "!==",
																		"left": {
																			"type": "MemberExpression",
																			"computed": true,
																			"object": {
																				"type": "Identifier",
																				"name": "obj"
																			},
																			"property": {
																				"type": "Identifier",
																				"name": "prop"
																			}
																		},
																		"right": {
																			"type": "MemberExpression",
																			"computed": true,
																			"object": {
																				"type": "Identifier",
																				"name": "proto"
																			},
																			"property": {
																				"type": "Identifier",
																				"name": "prop"
																			}
																		}
																	}
																},
																"right": {
																	"type": "UnaryExpression",
																	"operator": "!",
																	"argument": {
																		"type": "CallExpression",
																		"callee": {
																			"type": "MemberExpression",
																			"computed": false,
																			"object": {
																				"type": "Identifier",
																				"name": "_"
																			},
																			"property": {
																				"type": "Identifier",
																				"name": "contains"
																			}
																		},
																		"arguments": [
																			{
																				"type": "Identifier",
																				"name": "keys"
																			},
																			{
																				"type": "Identifier",
																				"name": "prop"
																			}
																		]
																	},
																	"prefix": true
																}
															},
															"consequent": {
																"type": "BlockStatement",
																"body": [
																	{
																		"type": "ExpressionStatement",
																		"expression": {
																			"type": "CallExpression",
																			"callee": {
																				"type": "MemberExpression",
																				"computed": false,
																				"object": {
																					"type": "Identifier",
																					"name": "keys"
																				},
																				"property": {
																					"type": "Identifier",
																					"name": "push"
																				}
																			},
																			"arguments": [
																				{
																					"type": "Identifier",
																					"name": "prop"
																				}
																			]
																		}
																	}
																]
															},
															"alternate": null
														}
													]
												}
											}
										}
									}
								},
								"111": {
									"consequent": {
										"body": {
											"0": {
												"type": "ExpressionStatement",
												"expression": {
													"type": "AssignmentExpression",
													"operator": "=",
													"left": {
														"type": "MemberExpression",
														"computed": false,
														"object": {
															"type": "Identifier",
															"name": "_"
														},
														"property": {
															"type": "Identifier",
															"name": "isFunction"
														}
													},
													"right": {
														"type": "FunctionExpression",
														"id": null,
														"params": [
															{
																"type": "Identifier",
																"name": "obj"
															}
														],
														"body": {
															"type": "BlockStatement",
															"body": [
																{
																	"type": "ReturnStatement",
																	"argument": {
																		"type": "LogicalExpression",
																		"operator": "||",
																		"left": {
																			"type": "BinaryExpression",
																			"operator": "==",
																			"left": {
																				"type": "UnaryExpression",
																				"operator": "typeof",
																				"argument": {
																					"type": "Identifier",
																					"name": "obj"
																				},
																				"prefix": true
																			},
																			"right": {
																				"type": "Literal",
																				"value": "function",
																				"raw": "'function'"
																			}
																		},
																		"right": {
																			"type": "Literal",
																			"value": false,
																			"raw": "false"
																		}
																	}
																}
															]
														},
														"generator": false,
														"expression": false,
														"async": false
													}
												}
											}
										}
									}
								},
								"147": {
									"expression": {
										"arguments": {
											"0": {
												"elements": {
													"1": {
														"value": "join",
														"raw": "'join'"
													},
													"2": {
														"type": "Literal",
														"value": "slice",
														"raw": "'slice'"
													}
												}
											}
										}
									}
								}
							}
						}
					}
				}
			}
		}
	}
}