{
	"body": {
		"0": {
			"expression": {
				"callee": {
					"object": {
						"body": {
							"body": {
								"85": {
									"body": {
										"body": {
											"4": {
												"test": {
													"right": {
														"argument": {
															"arguments": {
																"1": {
																	"type": "Identifier",
																	"name": "prop"
																}
															}
														}
													}
												}
											},
											"5": {
												"body": {
													"body": {
														"1": {
															"type": "IfStatement",
															"test": {
																"type": "LogicalExpression",
																"operator": "&&",
																"left": {
																	"type": "LogicalExpression",
																	"operator": "&&",
																	"left": {
																		"type": "BinaryExpression",
																		"operator": "in",
																		"left": {
																			"type": "Identifier",
																			"name": "prop"
																		},
																		"right": {
																			"type": "Identifier",
																			"name": "obj"
																		}
																	},
																	"right": {
																		"type": "BinaryExpression",
																		"operator": "!==",
																		"left": {
																			"type": "MemberExpression",
																			"computed": true,
																			"object": {
																				"type": "Identifier",
																				"name": "obj"
																			},
																			"property": {
																				"type": "Identifier",
																				"name": "prop"
																			}
																		},
																		"right": {
																			"type": "MemberExpression",
																			"computed": true,
																			"object": {
																				"type": "Identifier",
																				"name": "proto"
																			},
																			"property": {
																				"type": "Identifier",
																				"name": "prop"
																			}
																		}
																	}
																},
																"right": {
																	"type": "UnaryExpression",
																	"operator": "!",
																	"argument": {
																		"type": "CallExpression",
																		"callee": {
																			"type": "MemberExpression",
																			"computed": false,
																			"object": {
																				"type": "Identifier",
																				"name": "_"
																			},
																			"property": {
																				"type": "Identifier",
																				"name": "contains"
																			}
																		},
																		"arguments": [
																			{
																				"type": "Identifier",
																				"name": "keys"
																			},
																			{
																				"type": "Identifier",
																				"name": "prop"
																			}
																		]
																	},
																	"prefix": true
																}
															},
															"consequent": {
																"type": "BlockStatement",
																"body": [
																	{
																		"type": "ExpressionStatement",
																		"expression": {
																			"type": "CallExpression",
																			"callee": {
																				"type": "MemberExpression",
																				"computed": false,
																				"object": {
																					"type": "Identifier",
																					"name": "keys"
																				},
																				"property": {
																					"type": "Identifier",
																					"name": "push"
																				}
																			},
																			"arguments": [
																				{
																					"type": "Identifier",
																					"name": "prop"
																				}
																			]
																		}
																	}
																]
															},
															"alternate": null
														}
													}
												}
											}
										}
									}
								},
								"141": {
									"expression": {
										"right": {
											"body": {
												"body": {
													"5": {
														"expression": {
															"arguments": {
																"1": {
																	"body": {
																		"body": {
																			"3": {
																				"type": "ReturnStatement",
																				"argument": {
																					"type": "Identifier",
																					"name": "match"
																				}
																			}
																		}
																	}
																}
															}
														}
													}
												}
											}
										}
									}
								}
							}
						}
					}
				}
			}
		}
	}
}