{
	"body": {
		"0": {
			"expression": {
				"callee": {
					"object": {
						"body": {
							"body": {
								"75": {
									"expression": {
										"right": {
											"body": {
												"body": {
													"5": {
														"argument": {
															"body": {
																"body": {
																	"5": {
																		"consequent": {
																			"body": {
																				"3": {
																					"type": "IfStatement",
																					"test": {
																						"type": "UnaryExpression",
																						"operator": "!",
																						"argument": {
																							"type": "Identifier",
																							"name": "timeout"
																						},
																						"prefix": true
																					},
																					"consequent": {
																						"type": "ExpressionStatement",
																						"expression": {
																							"type": "AssignmentExpression",
																							"operator": "=",
																							"left": {
																								"type": "Identifier",
																								"name": "context"
																							},
																							"right": {
																								"type": "AssignmentExpression",
																								"operator": "=",
																								"left": {
																									"type": "Identifier",
																									"name": "args"
																								},
																								"right": {
																									"type": "Literal",
																									"value": null,
																									"raw": "null"
																								}
																							}
																						}
																					},
																					"alternate": null
																				}
																			}
																		}
																	}
																}
															}
														}
													}
												}
											}
										}
									}
								},
								"84": {
									"declarations": {
										"0": {
											"init": {
												"elements": {
													"3": {
														"value": "propertyIsEnumerable",
														"raw": "'propertyIsEnumerable'"
													},
													"4": {
														"value": "hasOwnProperty",
														"raw": "'hasOwnProperty'"
													},
													"5": {
														"type": "Literal",
														"value": "toLocaleString",
														"raw": "'toLocaleString'"
													}
												}
											}
										}
									}
								},
								"85": {
									"body": {
										"body": {
											"3": {
												"declarations": {
													"0": {
														"init": {
															"type": "Literal",
															"value": "constructor",
															"raw": "'constructor'"
														}
													}
												}
											}
										}
									}
								},
								"86": {
									"expression": {
										"right": {
											"body": {
												"body": {
													"5": {
														"argument": {
															"type": "Identifier",
															"name": "keys"
														}
													}
												}
											}
										}
									}
								}
							}
						}
					}
				}
			}
		}
	}
}