{
	"body": {
		"0": {
			"expression": {
				"callee": {
					"object": {
						"body": {
							"body": {
								"110": {
									"consequent": {
										"body": {
											"0": {
												"expression": {
													"right": {
														"body": {
															"body": {
																"0": {
																	"type": "ReturnStatement",
																	"argument": {
																		"type": "CallExpression",
																		"callee": {
																			"type": "MemberExpression",
																			"computed": false,
																			"object": {
																				"type": "Identifier",
																				"name": "_"
																			},
																			"property": {
																				"type": "Identifier",
																				"name": "has"
																			}
																		},
																		"arguments": [
																			{
																				"type": "Identifier",
																				"name": "obj"
																			},
																			{
																				"type": "Literal",
																				"value": "callee",
																				"raw": "'callee'"
																			}
																		]
																	}
																}
															}
														}
													}
												}
											}
										}
									}
								}
							}
						}
					}
				}
			}
		}
	}
}