{
	"body": {
		"0": {
			"expression": {
				"callee": {
					"object": {
						"body": {
							"body": {
								"9": {
									"declarations": {
										"0": {
											"init": {
												"body": {
													"body": {
														"1": {
															"cases": {
																"2": {
																	"test": {
																		"value": 3,
																		"raw": "3"
																	},
																	"consequent": {
																		"0": {
																			"argument": {
																				"params": {
																					"0": {
																						"name": "value"
																					},
																					"1": {
																						"name": "index"
																					},
																					"2": {
																						"name": "collection"
																					}
																				},
																				"body": {
																					"body": {
																						"0": {
																							"argument": {
																								"arguments": {
																									"1": {
																										"name": "value"
																									},
																									"2": {
																										"name": "index"
																									}
																								}
																							}
																						}
																					}
																				}
																			}
																		}
																	}
																},
																"3": {
																	"type": "SwitchCase",
																	"test": {
																		"type": "Literal",
																		"value": 4,
																		"raw": "4"
																	},
																	"consequent": [
																		{
																			"type": "ReturnStatement",
																			"argument": {
																				"type": "FunctionExpression",
																				"id": null,
																				"params": [
																					{
																						"type": "Identifier",
																						"name": "accumulator"
																					},
																					{
																						"type": "Identifier",
																						"name": "value"
																					},
																					{
																						"type": "Identifier",
																						"name": "index"
																					},
																					{
																						"type": "Identifier",
																						"name": "collection"
																					}
																				],
																				"body": {
																					"type": "BlockStatement",
																					"body": [
																						{
																							"type": "ReturnStatement",
																							"argument": {
																								"type": "CallExpression",
																								"callee": {
																									"type": "MemberExpression",
																									"computed": false,
																									"object": {
																										"type": "Identifier",
																										"name": "func"
																									},
																									"property": {
																										"type": "Identifier",
																										"name": "call"
																									}
																								},
																								"arguments": [
																									{
																										"type": "Identifier",
																										"name": "context"
																									},
																									{
																										"type": "Identifier",
																										"name": "accumulator"
																									},
																									{
																										"type": "Identifier",
																										"name": "value"
																									},
																									{
																										"type": "Identifier",
																										"name": "index"
																									},
																									{
																										"type": "Identifier",
																										"name": "collection"
																									}
																								]
																							}
																						}
																					]
																				},
																				"generator": false,
																				"expression": false,
																				"async": false
																			}
																		}
																	]
																}
															}
														}
													}
												}
											}
										}
									}
								},
								"35": {
									"expression": {
										"right": {
											"body": {
												"body": {
													"2": {
														"declarations": {
															"0": {
																"init": {
																	"arguments": {
																		"0": {
																			"type": "Identifier",
																			"name": "length"
																		}
																	}
																}
															}
														}
													}
												}
											}
										}
									}
								},
								"42": {
									"expression": {
										"right": {
											"body": {
												"body": {
													"1": {
														"test": {
															"arguments": {
																"0": {
																	"type": "Identifier",
																	"name": "obj"
																}
															}
														}
													}
												}
											}
										}
									}
								},
								"75": {
									"expression": {
										"right": {
											"body": {
												"body": {
													"4": {
														"declarations": {
															"0": {
																"init": {
																	"body": {
																		"body": {
																			"3": {
																				"type": "IfStatement",
																				"test": {
																					"type": "UnaryExpression",
																					"operator": "!",
																					"argument": {
																						"type": "Identifier",
																						"name": "timeout"
																					},
																					"prefix": true
																				},
																				"consequent": {
																					"type": "ExpressionStatement",
																					"expression": {
																						"type": "AssignmentExpression",
																						"operator": "=",
																						"left": {
																							"type": "Identifier",
																							"name": "context"
																						},
																						"right": {
																							"type": "AssignmentExpression",
																							"operator": "=",
																							"left": {
																								"type": "Identifier",
																								"name": "args"
																							},
																							"right": {
																								"type": "Literal",
																								"value": null,
																								"raw": "null"
																							}
																						}
																					}
																				},
																				"alternate": null
																			}
																		}
																	}
																}
															}
														}
													}
												}
											}
										}
									}
								},
								"76": {
									"expression": {
										"right": {
											"body": {
												"body": {
													"2": {
														"argument": {
															"body": {
																"body": {
																	"5": {
																		"consequent": {
																			"body": {
																				"0": {
																					"expression": {
																						"right": {
																							"arguments": {
																								"1": {
																									"type": "Identifier",
																									"name": "args"
																								}
																							}
																						}
																					}
																				}
																			}
																		}
																	}
																}
															}
														}
													}
												}
											}
										}
									}
								},
								"85": {
									"body": {
										"body": {
											"2": {
												"declarations": {
													"0": {
														"init": {
															"type": "LogicalExpression",
															"operator": "||",
															"left": {
																"type": "LogicalExpression",
																"operator": "&&",
																"left": {
																	"type": "CallExpression",
																	"callee": {
																		"type": "MemberExpression",
																		"computed": false,
																		"object": {
																			"type": "Identifier",
																			"name": "_"
																		},
																		"property": {
																			"type": "Identifier",
																			"name": "isFunction"
																		}
																	},
																	"arguments": [
																		{
																			"type": "Identifier",
																			"name": "constructor"
																		}
																	]
																},
																"right": {
																	"type": "MemberExpression",
																	"computed": false,
																	"object": {
																		"type": "Identifier",
																		"name": "constructor"
																	},
																	"property": {
																		"type": "Identifier",
																		"name": "prototype"
																	}
																}
															},
															"right": {
																"type": "Identifier",
																"name": "ObjProto"
															}
														}
													}
												}
											},
											"4": {
												"test": {
													"right": {
														"argument": {
															"arguments": {
																"1": {
																	"type": "Identifier",
																	"name": "prop"
																}
															}
														}
													}
												}
											}
										}
									}
								},
								"107": {
									"expression": {
										"right": {
											"right": {
												"body": {
													"body": {
														"0": {
															"argument": {
																"type": "BinaryExpression",
																"operator": "===",
																"left": {
																	"type": "CallExpression",
																	"callee": {
																		"type": "MemberExpression",
																		"computed": false,
																		"object": {
																			"type": "Identifier",
																			"name": "toString"
																		},
																		"property": {
																			"type": "Identifier",
																			"name": "call"
																		}
																	},
																	"arguments": [
																		{
																			"type": "Identifier",
																			"name": "obj"
																		}
																	]
																},
																"right": {
																	"type": "Literal",
																	"value": "[object Array]",
																	"raw": "'[object Array]'"
																}
															}
														}
													}
												}
											}
										}
									}
								}
							}
						}
					}
				}
			}
		}
	}
}