{
	"body": {
		"0": {
			"expression": {
				"callee": {
					"object": {
						"body": {
							"body": {
								"23": {
									"expression": {
										"right": {
											"right": {
												"body": {
													"body": {
														"1": {
															"alternate": {
																"body": {
																	"0": {
																		"expression": {
																			"right": {
																				"arguments": {
																					"2": {
																						"type": "Identifier",
																						"name": "context"
																					}
																				}
																			}
																		}
																	}
																}
															}
														}
													}
												}
											}
										}
									}
								}
							}
						}
					}
				}
			}
		}
	}
}