{
	"body": {
		"0": {
			"expression": {
				"callee": {
					"object": {
						"body": {
							"body": {
								"37": {
									"expression": {
										"right": {
											"body": {
												"body": {
													"1": {
														"argument": {
															"arguments": {
																"0": {
																	"callee": {
																		"object": {
																			"arguments": {
																				"1": {
																					"params": {
																						"2": {
																							"type": "Identifier",
																							"name": "list"
																						}
																					},
																					"body": {
																						"body": {
																							"0": {
																								"argument": {
																									"properties": {
																										"2": {
																											"value": {
																												"arguments": {
																													"2": {
																														"type": "Identifier",
																														"name": "list"
																													}
																												}
																											}
																										}
																									}
																								}
																							}
																						}
																					}
																				}
																			}
																		}
																	}
																}
															}
														}
													}
												}
											}
										}
									}
								}
							}
						}
					}
				}
			}
		}
	}
}