{
	"body": {
		"0": {
			"expression": {
				"callee": {
					"object": {
						"body": {
							"body": {
								"69": {
									"expression": {
										"right": {
											"body": {
												"body": {
													"1": {
														"test": {
															"argument": {
																"arguments": {
																	"0": {
																		"type": "Identifier",
																		"name": "func"
																	}
																}
															}
														}
													}
												}
											}
										}
									}
								},
								"107": {
									"expression": {
										"right": {
											"right": {
												"body": {
													"body": {
														"0": {
															"argument": {
																"type": "BinaryExpression",
																"operator": "===",
																"left": {
																	"type": "CallExpression",
																	"callee": {
																		"type": "MemberExpression",
																		"computed": false,
																		"object": {
																			"type": "Identifier",
																			"name": "toString"
																		},
																		"property": {
																			"type": "Identifier",
																			"name": "call"
																		}
																	},
																	"arguments": [
																		{
																			"type": "Identifier",
																			"name": "obj"
																		}
																	]
																},
																"right": {
																	"type": "Literal",
																	"value": "[object Array]",
																	"raw": "'[object Array]'"
																}
															}
														}
													}
												}
											}
										}
									}
								}
							}
						}
					}
				}
			}
		}
	}
}