{
	"body": {
		"0": {
			"expression": {
				"callee": {
					"object": {
						"body": {
							"body": {
								"9": {
									"declarations": {
										"0": {
											"init": {
												"body": {
													"body": {
														"1": {
															"cases": {
																"3": {
																	"type": "SwitchCase",
																	"test": {
																		"type": "Literal",
																		"value": 4,
																		"raw": "4"
																	},
																	"consequent": [
																		{
																			"type": "ReturnStatement",
																			"argument": {
																				"type": "FunctionExpression",
																				"id": null,
																				"params": [
																					{
																						"type": "Identifier",
																						"name": "accumulator"
																					},
																					{
																						"type": "Identifier",
																						"name": "value"
																					},
																					{
																						"type": "Identifier",
																						"name": "index"
																					},
																					{
																						"type": "Identifier",
																						"name": "collection"
																					}
																				],
																				"body": {
																					"type": "BlockStatement",
																					"body": [
																						{
																							"type": "ReturnStatement",
																							"argument": {
																								"type": "CallExpression",
																								"callee": {
																									"type": "MemberExpression",
																									"computed": false,
																									"object": {
																										"type": "Identifier",
																										"name": "func"
																									},
																									"property": {
																										"type": "Identifier",
																										"name": "call"
																									}
																								},
																								"arguments": [
																									{
																										"type": "Identifier",
																										"name": "context"
																									},
																									{
																										"type": "Identifier",
																										"name": "accumulator"
																									},
																									{
																										"type": "Identifier",
																										"name": "value"
																									},
																									{
																										"type": "Identifier",
																										"name": "index"
																									},
																									{
																										"type": "Identifier",
																										"name": "collection"
																									}
																								]
																							}
																						}
																					]
																				},
																				"generator": false,
																				"expression": false,
																				"async": false
																			}
																		}
																	]
																}
															}
														}
													}
												}
											}
										}
									}
								},
								"96": {
									"expression": {
										"right": {
											"body": {
												"body": {
													"0": {
														"declarations": {
															"3": {
																"type": "VariableDeclarator",
																"id": {
																	"type": "Identifier",
																	"name": "keys"
																},
																"init": null
															}
														}
													}
												}
											}
										}
									}
								}
							}
						}
					}
				}
			}
		}
	}
}