{
	"body": {
		"0": {
			"expression": {
				"callee": {
					"object": {
						"body": {
							"body": {
								"35": {
									"expression": {
										"right": {
											"body": {
												"body": {
													"3": {
														"init": {
															"declarations": {
																"1": {
																	"type": "VariableDeclarator",
																	"id": {
																		"type": "Identifier",
																		"name": "rand"
																	},
																	"init": null
																}
															}
														}
													}
												}
											}
										}
									}
								},
								"49": {
									"expression": {
										"right": {
											"body": {
												"body": {
													"0": {
														"argument": {
															"arguments": {
																"1": {
																	"type": "MemberExpression",
																	"computed": false,
																	"object": {
																		"type": "Identifier",
																		"name": "_"
																	},
																	"property": {
																		"type": "Identifier",
																		"name": "identity"
																	}
																}
															}
														}
													}
												}
											}
										}
									}
								},
								"71": {
									"expression": {
										"right": {
											"body": {
												"body": {
													"0": {
														"declarations": {
															"2": {
																"type": "VariableDeclarator",
																"id": {
																	"type": "Identifier",
																	"name": "key"
																},
																"init": null
															}
														}
													}
												}
											}
										}
									}
								}
							}
						}
					}
				}
			}
		}
	}
}