{
	"body": {
		"0": {
			"expression": {
				"callee": {
					"object": {
						"body": {
							"body": {
								"52": {
									"expression": {
										"right": {
											"body": {
												"body": {
													"0": {
														"argument": {
															"arguments": {
																"1": {
																	"arguments": {
																		"1": {
																			"type": "Literal",
																			"value": 1,
																			"raw": "1"
																		}
																	}
																}
															}
														}
													}
												}
											}
										}
									}
								}
							}
						}
					}
				}
			}
		}
	}
}