{
	"body": {
		"0": {
			"expression": {
				"callee": {
					"object": {
						"body": {
							"body": {
								"13": {
									"declarations": {
										"0": {
											"init": {
												"body": {
													"body": {
														"5": {
															"type": "ReturnStatement",
															"argument": {
																"type": "Identifier",
																"name": "result"
															}
														}
													}
												}
											}
										}
									}
								},
								"69": {
									"expression": {
										"right": {
											"body": {
												"body": {
													"2": {
														"declarations": {
															"0": {
																"init": {
																	"arguments": {
																		"1": {
																			"type": "Literal",
																			"value": 2,
																			"raw": "2"
																		}
																	}
																}
															}
														}
													}
												}
											}
										}
									}
								},
								"76": {
									"expression": {
										"right": {
											"body": {
												"body": {
													"1": {
														"declarations": {
															"0": {
																"init": {
																	"body": {
																		"body": {
																			"0": {
																				"declarations": {
																					"0": {
																						"init": {
																							"type": "BinaryExpression",
																							"operator": "-",
																							"left": {
																								"type": "CallExpression",
																								"callee": {
																									"type": "MemberExpression",
																									"computed": false,
																									"object": {
																										"type": "Identifier",
																										"name": "_"
																									},
																									"property": {
																										"type": "Identifier",
																										"name": "now"
																									}
																								},
																								"arguments": []
																							},
																							"right": {
																								"type": "Identifier",
																								"name": "timestamp"
																							}
																						}
																					}
																				}
																			}
																		}
																	}
																}
															}
														}
													}
												}
											}
										}
									}
								}
							}
						}
					}
				}
			}
		}
	}
}