{
	"body": {
		"0": {
			"expression": {
				"callee": {
					"object": {
						"body": {
							"body": {
								"9": {
									"declarations": {
										"0": {
											"init": {
												"body": {
													"body": {
														"1": {
															"cases": {
																"1": {
																	"consequent": {
																		"0": {
																			"argument": {
																				"body": {
																					"body": {
																						"0": {
																							"type": "ReturnStatement",
																							"argument": {
																								"type": "CallExpression",
																								"callee": {
																									"type": "MemberExpression",
																									"computed": false,
																									"object": {
																										"type": "Identifier",
																										"name": "func"
																									},
																									"property": {
																										"type": "Identifier",
																										"name": "call"
																									}
																								},
																								"arguments": [
																									{
																										"type": "Identifier",
																										"name": "context"
																									},
																									{
																										"type": "Identifier",
																										"name": "value"
																									},
																									{
																										"type": "Identifier",
																										"name": "other"
																									}
																								]
																							}
																						}
																					}
																				}
																			}
																		}
																	}
																}
															}
														}
													}
												}
											}
										}
									}
								}
							}
						}
					}
				}
			}
		}
	}
}