{
	"body": {
		"0": {
			"expression": {
				"callee": {
					"object": {
						"body": {
							"body": {
								"37": {
									"expression": {
										"right": {
											"body": {
												"body": {
													"1": {
														"argument": {
															"arguments": {
																"0": {
																	"arguments": {
																		"0": {
																			"body": {
																				"body": {
																					"3": {
																						"type": "ReturnStatement",
																						"argument": {
																							"type": "BinaryExpression",
																							"operator": "-",
																							"left": {
																								"type": "MemberExpression",
																								"computed": false,
																								"object": {
																									"type": "Identifier",
																									"name": "left"
																								},
																								"property": {
																									"type": "Identifier",
																									"name": "index"
																								}
																							},
																							"right": {
																								"type": "MemberExpression",
																								"computed": false,
																								"object": {
																									"type": "Identifier",
																									"name": "right"
																								},
																								"property": {
																									"type": "Identifier",
																									"name": "index"
																								}
																							}
																						}
																					}
																				}
																			}
																		}
																	}
																}
															}
														}
													}
												}
											}
										}
									}
								},
								"85": {
									"body": {
										"body": {
											"4": {
												"test": {
													"left": {
														"arguments": {
															"1": {
																"type": "Identifier",
																"name": "prop"
															}
														}
													}
												}
											}
										}
									}
								},
								"125": {
									"expression": {
										"right": {
											"body": {
												"body": {
													"1": {
														"expression": {
															"right": {
																"arguments": {
																	"2": {
																		"type": "Literal",
																		"value": 1,
																		"raw": "1"
																	}
																}
															}
														}
													}
												}
											}
										}
									}
								}
							}
						}
					}
				}
			}
		}
	}
}