{
	"body": {
		"0": {
			"expression": {
				"callee": {
					"object": {
						"body": {
							"body": {
								"69": {
									"expression": {
										"right": {
											"body": {
												"body": {
													"4": {
														"type": "ReturnStatement",
														"argument": {
															"type": "Identifier",
															"name": "bound"
														}
													}
												}
											}
										}
									}
								},
								"85": {
									"body": {
										"body": {
											"4": {
												"test": {
													"right": {
														"argument": {
															"arguments": {
																"1": {
																	"type": "Identifier",
																	"name": "prop"
																}
															}
														}
													}
												}
											}
										}
									}
								}
							}
						}
					}
				}
			}
		}
	}
}