{
	"body": {
		"0": {
			"expression": {
				"callee": {
					"object": {
						"body": {
							"body": {
								"76": {
									"expression": {
										"right": {
											"body": {
												"body": {
													"1": {
														"declarations": {
															"0": {
																"init": {
																	"body": {
																		"body": {
																			"1": {
																				"alternate": {
																					"body": {
																						"1": {
																							"consequent": {
																								"body": {
																									"1": {
																										"type": "IfStatement",
																										"test": {
																											"type": "UnaryExpression",
																											"operator": "!",
																											"argument": {
																												"type": "Identifier",
																												"name": "timeout"
																											},
																											"prefix": true
																										},
																										"consequent": {
																											"type": "ExpressionStatement",
																											"expression": {
																												"type": "AssignmentExpression",
																												"operator": "=",
																												"left": {
																													"type": "Identifier",
																													"name": "context"
																												},
																												"right": {
																													"type": "AssignmentExpression",
																													"operator": "=",
																													"left": {
																														"type": "Identifier",
																														"name": "args"
																													},
																													"right": {
																														"type": "Literal",
																														"value": null,
																														"raw": "null"
																													}
																												}
																											}
																										},
																										"alternate": null
																									}
																								}
																							}
																						}
																					}
																				}
																			}
																		}
																	}
																}
															}
														}
													}
												}
											}
										}
									}
								}
							}
						}
					}
				}
			}
		}
	}
}