{
	"body": {
		"0": {
			"expression": {
				"callee": {
					"object": {
						"body": {
							"body": {
								"33": {
									"expression": {
										"right": {
											"body": {
												"body": {
													"1": {
														"alternate": {
															"body": {
																"1": {
																	"expression": {
																		"arguments": {
																			"1": {
																				"body": {
																					"body": {
																						"0": {
																							"expression": {
																								"right": {
																									"arguments": {
																										"2": {
																											"type": "Identifier",
																											"name": "list"
																										}
																									}
																								}
																							}
																						}
																					}
																				}
																			}
																		}
																	}
																}
															}
														}
													}
												}
											}
										}
									}
								}
							}
						}
					}
				}
			}
		}
	}
}