{
	"body": {
		"0": {
			"expression": {
				"callee": {
					"object": {
						"body": {
							"body": {
								"141": {
									"expression": {
										"right": {
											"body": {
												"body": {
													"11": {
														"declarations": {
															"0": {
																"init": {
																	"type": "LogicalExpression",
																	"operator": "||",
																	"left": {
																		"type": "MemberExpression",
																		"computed": false,
																		"object": {
																			"type": "Identifier",
																			"name": "settings"
																		},
																		"property": {
																			"type": "Identifier",
																			"name": "variable"
																		}
																	},
																	"right": {
																		"type": "Literal",
																		"value": "obj",
																		"raw": "'obj'"
																	}
																}
															}
														}
													}
												}
											}
										}
									}
								}
							}
						}
					}
				}
			}
		}
	}
}