{
	"body": {
		"0": {
			"expression": {
				"callee": {
					"object": {
						"body": {
							"body": {
								"9": {
									"declarations": {
										"0": {
											"init": {
												"body": {
													"body": {
														"1": {
															"cases": {
																"3": {
																	"consequent": {
																		"0": {
																			"argument": {
																				"body": {
																					"body": {
																						"0": {
																							"argument": {
																								"arguments": {
																									"4": {
																										"type": "Identifier",
																										"name": "collection"
																									}
																								}
																							}
																						}
																					}
																				}
																			}
																		}
																	}
																}
															}
														}
													}
												}
											}
										}
									}
								},
								"69": {
									"expression": {
										"right": {
											"body": {
												"body": {
													"2": {
														"declarations": {
															"0": {
																"id": {
																	"name": "args"
																},
																"init": {
																	"type": "CallExpression",
																	"callee": {
																		"type": "MemberExpression",
																		"computed": false,
																		"object": {
																			"type": "Identifier",
																			"name": "slice"
																		},
																		"property": {
																			"type": "Identifier",
																			"name": "call"
																		}
																	},
																	"arguments": [
																		{
																			"type": "Identifier",
																			"name": "arguments"
																		},
																		{
																			"type": "Literal",
																			"value": 2,
																			"raw": "2"
																		}
																	]
																}
															}
														}
													},
													"3": {
														"type": "VariableDeclaration",
														"declarations": [
															{
																"type": "VariableDeclarator",
																"id": {
																	"type": "Identifier",
																	"name": "bound"
																},
																"init": {
																	"type": "FunctionExpression",
																	"id": null,
																	"params": [],
																	"body": {
																		"type": "BlockStatement",
																		"body": [
																			{
																				"type": "ReturnStatement",
																				"argument": {
																					"type": "CallExpression",
																					"callee": {
																						"type": "Identifier",
																						"name": "executeBound"
																					},
																					"arguments": [
																						{
																							"type": "Identifier",
																							"name": "func"
																						},
																						{
																							"type": "Identifier",
																							"name": "bound"
																						},
																						{
																							"type": "Identifier",
																							"name": "context"
																						},
																						{
																							"type": "ThisExpression"
																						},
																						{
																							"type": "CallExpression",
																							"callee": {
																								"type": "MemberExpression",
																								"computed": false,
																								"object": {
																									"type": "Identifier",
																									"name": "args"
																								},
																								"property": {
																									"type": "Identifier",
																									"name": "concat"
																								}
																							},
																							"arguments": [
																								{
																									"type": "CallExpression",
																									"callee": {
																										"type": "MemberExpression",
																										"computed": false,
																										"object": {
																											"type": "Identifier",
																											"name": "slice"
																										},
																										"property": {
																											"type": "Identifier",
																											"name": "call"
																										}
																									},
																									"arguments": [
																										{
																											"type": "Identifier",
																											"name": "arguments"
																										}
																									]
																								}
																							]
																						}
																					]
																				}
																			}
																		]
																	},
																	"generator": false,
																	"expression": false,
																	"async": false
																}
															}
														]
													},
													"4": {
														"type": "ReturnStatement",
														"argument": {
															"type": "Identifier",
															"name": "bound"
														}
													}
												}
											}
										}
									}
								},
								"86": {
									"expression": {
										"right": {
											"body": {
												"body": {
													"5": {
														"type": "ReturnStatement",
														"argument": {
															"type": "Identifier",
															"name": "keys"
														}
													}
												}
											}
										}
									}
								}
							}
						}
					}
				}
			}
		}
	}
}