{
	"body": {
		"0": {
			"expression": {
				"callee": {
					"object": {
						"body": {
							"body": {
								"84": {
									"declarations": {
										"0": {
											"init": {
												"elements": {
													"1": {
														"value": "isPrototypeOf",
														"raw": "'isPrototypeOf'"
													},
													"2": {
														"value": "toString",
														"raw": "'toString'"
													},
													"3": {
														"value": "propertyIsEnumerable",
														"raw": "'propertyIsEnumerable'"
													},
													"4": {
														"value": "hasOwnProperty",
														"raw": "'hasOwnProperty'"
													},
													"5": {
														"type": "Literal",
														"value": "toLocaleString",
														"raw": "'toLocaleString'"
													}
												}
											}
										}
									}
								}
							}
						}
					}
				}
			}
		}
	}
}