{
	"body": {
		"0": {
			"expression": {
				"callee": {
					"object": {
						"body": {
							"body": {
								"7": {
									"consequent": {
										"body": {
											"1": {
												"type": "ExpressionStatement",
												"expression": {
													"type": "AssignmentExpression",
													"operator": "=",
													"left": {
														"type": "MemberExpression",
														"computed": false,
														"object": {
															"type": "Identifier",
															"name": "exports"
														},
														"property": {
															"type": "Identifier",
															"name": "_"
														}
													},
													"right": {
														"type": "Identifier",
														"name": "_"
													}
												}
											}
										}
									}
								},
								"95": {
									"expression": {
										"right": {
											"body": {
												"body": {
													"1": {
														"declarations": {
															"1": {
																"type": "VariableDeclarator",
																"id": {
																	"type": "Identifier",
																	"name": "key"
																},
																"init": null
															}
														}
													}
												}
											}
										}
									}
								},
								"110": {
									"test": {
										"argument": {
											"arguments": {
												"0": {
													"type": "Identifier",
													"name": "arguments"
												}
											}
										}
									}
								}
							}
						}
					}
				}
			}
		}
	}
}