{
	"body": {
		"0": {
			"expression": {
				"callee": {
					"object": {
						"body": {
							"body": {
								"75": {
									"expression": {
										"right": {
											"body": {
												"body": {
													"0": {
														"declarations": {
															"1": {
																"id": {
																	"name": "args"
																}
															},
															"2": {
																"type": "VariableDeclarator",
																"id": {
																	"type": "Identifier",
																	"name": "result"
																},
																"init": null
															}
														}
													}
												}
											}
										}
									}
								},
								"85": {
									"body": {
										"body": {
											"2": {
												"declarations": {
													"0": {
														"init": {
															"type": "LogicalExpression",
															"operator": "||",
															"left": {
																"type": "LogicalExpression",
																"operator": "&&",
																"left": {
																	"type": "CallExpression",
																	"callee": {
																		"type": "MemberExpression",
																		"computed": false,
																		"object": {
																			"type": "Identifier",
																			"name": "_"
																		},
																		"property": {
																			"type": "Identifier",
																			"name": "isFunction"
																		}
																	},
																	"arguments": [
																		{
																			"type": "Identifier",
																			"name": "constructor"
																		}
																	]
																},
																"right": {
																	"type": "MemberExpression",
																	"computed": false,
																	"object": {
																		"type": "Identifier",
																		"name": "constructor"
																	},
																	"property": {
																		"type": "Identifier",
																		"name": "prototype"
																	}
																}
															},
															"right": {
																"type": "Identifier",
																"name": "ObjProto"
															}
														}
													}
												}
											},
											"5": {
												"body": {
													"body": {
														"1": {
															"test": {
																"right": {
																	"argument": {
																		"arguments": {
																			"1": {
																				"type": "Identifier",
																				"name": "prop"
																			}
																		}
																	}
																}
															}
														}
													}
												}
											}
										}
									}
								}
							}
						}
					}
				}
			}
		}
	}
}