{
	"body": {
		"0": {
			"expression": {
				"callee": {
					"object": {
						"body": {
							"body": {
								"42": {
									"expression": {
										"right": {
											"body": {
												"body": {
													"2": {
														"consequent": {
															"argument": {
																"arguments": {
																	"1": {
																		"type": "MemberExpression",
																		"computed": false,
																		"object": {
																			"type": "Identifier",
																			"name": "_"
																		},
																		"property": {
																			"type": "Identifier",
																			"name": "identity"
																		}
																	}
																}
															}
														}
													}
												}
											}
										}
									}
								},
								"49": {
									"expression": {
										"right": {
											"body": {
												"body": {
													"0": {
														"argument": {
															"arguments": {
																"1": {
																	"type": "MemberExpression",
																	"computed": false,
																	"object": {
																		"type": "Identifier",
																		"name": "_"
																	},
																	"property": {
																		"type": "Identifier",
																		"name": "identity"
																	}
																}
															}
														}
													}
												}
											}
										}
									}
								},
								"103": {
									"declarations": {
										"0": {
											"init": {
												"body": {
													"body": {
														"15": {
															"consequent": {
																"body": {
																	"1": {
																		"consequent": {
																			"argument": {
																				"type": "Literal",
																				"value": false,
																				"raw": "false"
																			}
																		}
																	}
																}
															}
														}
													}
												}
											}
										}
									}
								}
							}
						}
					}
				}
			}
		}
	}
}