{
	"body": {
		"0": {
			"expression": {
				"callee": {
					"object": {
						"body": {
							"body": {
								"7": {
									"consequent": {
										"body": {
											"1": {
												"type": "ExpressionStatement",
												"expression": {
													"type": "AssignmentExpression",
													"operator": "=",
													"left": {
														"type": "MemberExpression",
														"computed": false,
														"object": {
															"type": "Identifier",
															"name": "exports"
														},
														"property": {
															"type": "Identifier",
															"name": "_"
														}
													},
													"right": {
														"type": "Identifier",
														"name": "_"
													}
												}
											}
										}
									}
								},
								"34": {
									"expression": {
										"right": {
											"body": {
												"body": {
													"0": {
														"declarations": {
															"2": {
																"id": {
																	"name": "value"
																}
															},
															"3": {
																"type": "VariableDeclarator",
																"id": {
																	"type": "Identifier",
																	"name": "computed"
																},
																"init": null
															}
														}
													}
												}
											}
										}
									}
								},
								"69": {
									"expression": {
										"right": {
											"body": {
												"body": {
													"2": {
														"declarations": {
															"0": {
																"init": {
																	"arguments": {
																		"1": {
																			"type": "Literal",
																			"value": 2,
																			"raw": "2"
																		}
																	}
																}
															}
														}
													},
													"3": {
														"declarations": {
															"0": {
																"init": {
																	"body": {
																		"body": {
																			"0": {
																				"argument": {
																					"arguments": {
																						"4": {
																							"type": "CallExpression",
																							"callee": {
																								"type": "MemberExpression",
																								"computed": false,
																								"object": {
																									"type": "Identifier",
																									"name": "args"
																								},
																								"property": {
																									"type": "Identifier",
																									"name": "concat"
																								}
																							},
																							"arguments": [
																								{
																									"type": "CallExpression",
																									"callee": {
																										"type": "MemberExpression",
																										"computed": false,
																										"object": {
																											"type": "Identifier",
																											"name": "slice"
																										},
																										"property": {
																											"type": "Identifier",
																											"name": "call"
																										}
																									},
																									"arguments": [
																										{
																											"type": "Identifier",
																											"name": "arguments"
																										}
																									]
																								}
																							]
																						}
																					}
																				}
																			}
																		}
																	}
																}
															}
														}
													}
												}
											}
										}
									}
								},
								"107": {
									"expression": {
										"right": {
											"right": {
												"body": {
													"body": {
														"0": {
															"argument": {
																"type": "BinaryExpression",
																"operator": "===",
																"left": {
																	"type": "CallExpression",
																	"callee": {
																		"type": "MemberExpression",
																		"computed": false,
																		"object": {
																			"type": "Identifier",
																			"name": "toString"
																		},
																		"property": {
																			"type": "Identifier",
																			"name": "call"
																		}
																	},
																	"arguments": [
																		{
																			"type": "Identifier",
																			"name": "obj"
																		}
																	]
																},
																"right": {
																	"type": "Literal",
																	"value": "[object Array]",
																	"raw": "'[object Array]'"
																}
															}
														}
													}
												}
											}
										}
									}
								}
							}
						}
					}
				}
			}
		}
	}
}