{
	"body": {
		"0": {
			"expression": {
				"callee": {
					"object": {
						"body": {
							"body": {
								"4": {
									"declarations": {
										"0": {
											"init": {
												"type": "MemberExpression",
												"computed": false,
												"object": {
													"type": "Identifier",
													"name": "Array"
												},
												"property": {
													"type": "Identifier",
													"name": "isArray"
												}
											}
										}
									}
								},
								"84": {
									"declarations": {
										"0": {
											"init": {
												"elements": {
													"5": {
														"type": "Literal",
														"value": "toLocaleString",
														"raw": "'toLocaleString'"
													}
												}
											}
										}
									}
								},
								"86": {
									"expression": {
										"right": {
											"body": {
												"body": {
													"1": {
														"type": "IfStatement",
														"test": {
															"type": "Identifier",
															"name": "nativeKeys"
														},
														"consequent": {
															"type": "ReturnStatement",
															"argument": {
																"type": "CallExpression",
																"callee": {
																	"type": "Identifier",
																	"name": "nativeKeys"
																},
																"arguments": [
																	{
																		"type": "Identifier",
																		"name": "obj"
																	}
																]
															}
														}
													},
													"2": {
														"type": "VariableDeclaration",
														"declarations": [
															{
																"type": "VariableDeclarator",
																"id": {
																	"type": "Identifier",
																	"name": "keys"
																},
																"init": {
																	"type": "ArrayExpression",
																	"elements": []
																}
															}
														]
													},
													"3": {
														"type": "ForInStatement",
														"left": {
															"type": "VariableDeclaration",
															"declarations": [
																{
																	"type": "VariableDeclarator",
																	"id": {
																		"type": "Identifier",
																		"name": "key"
																	},
																	"init": null
																}
															],
															"kind": "var"
														},
														"right": {
															"type": "Identifier",
															"name": "obj"
														},
														"body": {
															"type": "IfStatement",
															"test": {
																"type": "CallExpression",
																"callee": {
																	"type": "MemberExpression",
																	"computed": false,
																	"object": {
																		"type": "Identifier",
																		"name": "_"
																	},
																	"property": {
																		"type": "Identifier",
																		"name": "has"
																	}
																},
																"arguments": [
																	{
																		"type": "Identifier",
																		"name": "obj"
																	},
																	{
																		"type": "Identifier",
																		"name": "key"
																	}
																]
															},
															"consequent": {
																"type": "ExpressionStatement",
																"expression": {
																	"type": "CallExpression",
																	"callee": {
																		"type": "MemberExpression",
																		"computed": false,
																		"object": {
																			"type": "Identifier",
																			"name": "keys"
																		},
																		"property": {
																			"type": "Identifier",
																			"name": "push"
																		}
																	},
																	"arguments": [
																		{
																			"type": "Identifier",
																			"name": "key"
																		}
																	]
																}
															},
															"alternate": null
														}
													},
													"4": {
														"type": "IfStatement",
														"test": {
															"type": "Identifier",
															"name": "hasEnumBug"
														},
														"consequent": {
															"type": "ExpressionStatement",
															"expression": {
																"type": "CallExpression",
																"callee": {
																	"type": "Identifier",
																	"name": "collectNonEnumProps"
																},
																"arguments": [
																	{
																		"type": "Identifier",
																		"name": "obj"
																	},
																	{
																		"type": "Identifier",
																		"name": "keys"
																	}
																]
															}
														}
													},
													"5": {
														"type": "ReturnStatement",
														"argument": {
															"type": "Identifier",
															"name": "keys"
														}
													}
												}
											}
										}
									}
								}
							}
						}
					}
				}
			}
		}
	}
}