{
	"body": {
		"0": {
			"expression": {
				"callee": {
					"object": {
						"body": {
							"body": {
								"42": {
									"expression": {
										"right": {
											"body": {
												"body": {
													"0": {
														"consequent": {
															"argument": {
																"type": "ArrayExpression",
																"elements": []
															}
														}
													}
												}
											}
										}
									}
								},
								"69": {
									"expression": {
										"right": {
											"body": {
												"body": {
													"3": {
														"declarations": {
															"0": {
																"init": {
																	"body": {
																		"body": {
																			"0": {
																				"argument": {
																					"arguments": {
																						"3": {
																							"type": "ThisExpression"
																						},
																						"4": {
																							"type": "CallExpression",
																							"callee": {
																								"type": "MemberExpression",
																								"computed": false,
																								"object": {
																									"type": "Identifier",
																									"name": "args"
																								},
																								"property": {
																									"type": "Identifier",
																									"name": "concat"
																								}
																							},
																							"arguments": [
																								{
																									"type": "CallExpression",
																									"callee": {
																										"type": "MemberExpression",
																										"computed": false,
																										"object": {
																											"type": "Identifier",
																											"name": "slice"
																										},
																										"property": {
																											"type": "Identifier",
																											"name": "call"
																										}
																									},
																									"arguments": [
																										{
																											"type": "Identifier",
																											"name": "arguments"
																										}
																									]
																								}
																							]
																						}
																					}
																				}
																			}
																		}
																	}
																}
															}
														}
													}
												}
											}
										}
									}
								},
								"111": {
									"consequent": {
										"body": {
											"0": {
												"expression": {
													"right": {
														"body": {
															"body": {
																"0": {
																	"argument": {
																		"type": "LogicalExpression",
																		"operator": "||",
																		"left": {
																			"type": "BinaryExpression",
																			"operator": "==",
																			"left": {
																				"type": "UnaryExpression",
																				"operator": "typeof",
																				"argument": {
																					"type": "Identifier",
																					"name": "obj"
																				},
																				"prefix": true
																			},
																			"right": {
																				"type": "Literal",
																				"value": "function",
																				"raw": "'function'"
																			}
																		},
																		"right": {
																			"type": "Literal",
																			"value": false,
																			"raw": "false"
																		}
																	}
																}
															}
														}
													}
												}
											}
										}
									}
								}
							}
						}
					}
				}
			}
		}
	}
}