{
	"body": {
		"0": {
			"expression": {
				"callee": {
					"object": {
						"body": {
							"body": {
								"9": {
									"declarations": {
										"0": {
											"init": {
												"body": {
													"body": {
														"1": {
															"cases": {
																"1": {
																	"consequent": {
																		"0": {
																			"argument": {
																				"body": {
																					"body": {
																						"0": {
																							"argument": {
																								"arguments": {
																									"1": {
																										"name": "value"
																									},
																									"2": {
																										"type": "Identifier",
																										"name": "other"
																									}
																								}
																							}
																						}
																					}
																				}
																			}
																		}
																	}
																}
															}
														}
													}
												}
											}
										}
									}
								},
								"24": {
									"expression": {
										"right": {
											"right": {
												"body": {
													"body": {
														"2": {
															"expression": {
																"arguments": {
																	"1": {
																		"body": {
																			"body": {
																				"0": {
																					"test": {
																						"arguments": {
																							"2": {
																								"type": "Identifier",
																								"name": "list"
																							}
																						}
																					}
																				}
																			}
																		}
																	}
																}
															}
														}
													}
												}
											}
										}
									}
								},
								"42": {
									"expression": {
										"right": {
											"body": {
												"body": {
													"1": {
														"test": {
															"arguments": {
																"0": {
																	"type": "Identifier",
																	"name": "obj"
																}
															}
														}
													}
												}
											}
										}
									}
								},
								"96": {
									"expression": {
										"right": {
											"body": {
												"body": {
													"2": {
														"alternate": {
															"body": {
																"0": {
																	"expression": {
																		"right": {
																			"arguments": {
																				"3": {
																					"type": "Literal",
																					"value": 1,
																					"raw": "1"
																				}
																			}
																		}
																	}
																}
															}
														}
													}
												}
											}
										}
									}
								},
								"147": {
									"expression": {
										"arguments": {
											"0": {
												"elements": {
													"2": {
														"type": "Literal",
														"value": "slice",
														"raw": "'slice'"
													}
												}
											}
										}
									}
								}
							}
						}
					}
				}
			}
		}
	}
}