{
	"body": {
		"0": {
			"expression": {
				"callee": {
					"object": {
						"body": {
							"body": {
								"71": {
									"expression": {
										"right": {
											"body": {
												"body": {
													"0": {
														"declarations": {
															"2": {
																"type": "VariableDeclarator",
																"id": {
																	"type": "Identifier",
																	"name": "key"
																},
																"init": null
															}
														}
													}
												}
											}
										}
									}
								},
								"76": {
									"expression": {
										"right": {
											"body": {
												"body": {
													"0": {
														"declarations": {
															"1": {
																"id": {
																	"name": "args"
																}
															},
															"2": {
																"id": {
																	"name": "context"
																}
															},
															"3": {
																"id": {
																	"name": "timestamp"
																}
															},
															"4": {
																"type": "VariableDeclarator",
																"id": {
																	"type": "Identifier",
																	"name": "result"
																},
																"init": null
															}
														}
													}
												}
											}
										}
									}
								},
								"96": {
									"expression": {
										"right": {
											"body": {
												"body": {
													"0": {
														"declarations": {
															"3": {
																"type": "VariableDeclarator",
																"id": {
																	"type": "Identifier",
																	"name": "keys"
																},
																"init": null
															}
														}
													}
												}
											}
										}
									}
								},
								"103": {
									"declarations": {
										"0": {
											"init": {
												"body": {
													"body": {
														"15": {
															"alternate": {
																"body": {
																	"0": {
																		"declarations": {
																			"1": {
																				"type": "VariableDeclarator",
																				"id": {
																					"type": "Identifier",
																					"name": "key"
																				},
																				"init": null
																			}
																		}
																	}
																}
															}
														}
													}
												}
											}
										}
									}
								}
							}
						}
					}
				}
			}
		}
	}
}