{
	"body": {
		"1": {
			"declarations": {
				"0": {
					"init": {
						"arguments": {
							"0": {
								"type": "Literal",
								"value": "esprima",
								"raw": "'esprima'"
							}
						}
					}
				}
			}
		},
		"8": {
			"body": {
				"body": {
					"5": {
						"expression": {
							"arguments": {
								"1": {
									"properties": {
										"0": {
											"value": {
												"body": {
													"body": {
														"0": {
															"consequent": {
																"body": {
																	"0": {
																		"declarations": {
																			"0": {
																				"init": {
																					"arguments": {
																						"2": {
																							"type": "ObjectExpression",
																							"properties": []
																						}
																					}
																				}
																			}
																		}
																	}
																}
															}
														}
													}
												}
											}
										}
									}
								}
							}
						}
					}
				}
			}
		},
		"14": {
			"body": {
				"body": {
					"5": {
						"expression": {
							"arguments": {
								"1": {
									"body": {
										"body": {
											"4": {
												"consequent": {
													"body": {
														"1": {
															"consequent": {
																"body": {
																	"1": {
																		"type": "ReturnStatement",
																		"argument": {
																			"type": "Literal",
																			"value": true,
																			"raw": "true"
																		}
																	}
																}
															}
														}
													}
												}
											}
										}
									}
								}
							}
						}
					}
				}
			}
		},
		"16": {
			"body": {
				"body": {
					"2": {
						"body": {
							"body": {
								"1": {
									"type": "ExpressionStatement",
									"expression": {
										"type": "AssignmentExpression",
										"operator": "=",
										"left": {
											"type": "Identifier",
											"name": "currentScope"
										},
										"right": {
											"type": "MemberExpression",
											"computed": false,
											"object": {
												"type": "Identifier",
												"name": "currentScope"
											},
											"property": {
												"type": "Identifier",
												"name": "upper"
											}
										}
									}
								}
							}
						}
					}
				}
			}
		},
		"18": {
			"body": {
				"body": {
					"6": {
						"type": "ReturnStatement",
						"argument": {
							"type": "Identifier",
							"name": "deps"
						}
					}
				}
			}
		}
	}
}