{
	"body": {
		"8": {
			"body": {
				"body": {
					"7": {
						"expression": {
							"arguments": {
								"1": {
									"body": {
										"body": {
											"2": {
												"declarations": {
													"0": {
														"init": {
															"arguments": {
																"1": {
																	"type": "MemberExpression",
																	"computed": false,
																	"object": {
																		"type": "Identifier",
																		"name": "call"
																	},
																	"property": {
																		"type": "Identifier",
																		"name": "scope"
																	}
																}
															}
														}
													}
												}
											},
											"8": {
												"declarations": {
													"0": {
														"init": {
															"properties": {
																"3": {
																	"type": "Property",
																	"key": {
																		"type": "Identifier",
																		"name": "deps"
																	},
																	"computed": false,
																	"value": {
																		"type": "Identifier",
																		"name": "deps"
																	},
																	"kind": "init",
																	"method": false,
																	"shorthand": false
																}
															}
														}
													}
												}
											}
										}
									}
								}
							}
						}
					}
				}
			}
		},
		"14": {
			"body": {
				"body": {
					"0": {
						"declarations": {
							"0": {
								"init": {
									"arguments": {
										"2": {
											"type": "ObjectExpression",
											"properties": []
										}
									}
								}
							}
						}
					}
				}
			}
		},
		"15": {
			"id": {
				"name": "extractDeps"
			},
			"params": {
				"0": {
					"name": "params"
				}
			},
			"body": {
				"body": {
					"0": {
						"type": "IfStatement",
						"test": {
							"type": "UnaryExpression",
							"operator": "!",
							"argument": {
								"type": "CallExpression",
								"callee": {
									"type": "MemberExpression",
									"computed": false,
									"object": {
										"type": "Identifier",
										"name": "_"
									},
									"property": {
										"type": "Identifier",
										"name": "isArray"
									}
								},
								"arguments": [
									{
										"type": "Identifier",
										"name": "params"
									}
								]
							},
							"prefix": true
						},
						"consequent": {
							"type": "BlockStatement",
							"body": [
								{
									"type": "ReturnStatement",
									"argument": {
										"type": "ArrayExpression",
										"elements": []
									}
								}
							]
						}
					},
					"1": {
						"declarations": {
							"0": {
								"id": {
									"name": "deps"
								},
								"init": {
									"type": "ArrayExpression"
								}
							}
						}
					},
					"2": {
						"type": "ExpressionStatement",
						"expression": {
							"type": "CallExpression",
							"callee": {
								"type": "MemberExpression",
								"computed": false,
								"object": {
									"type": "Identifier",
									"name": "_"
								},
								"property": {
									"type": "Identifier",
									"name": "forEach"
								}
							},
							"arguments": [
								{
									"type": "Identifier",
									"name": "params"
								},
								{
									"type": "FunctionExpression",
									"id": null,
									"params": [
										{
											"type": "Identifier",
											"name": "param"
										}
									],
									"body": {
										"type": "BlockStatement",
										"body": [
											{
												"type": "IfStatement",
												"test": {
													"type": "BinaryExpression",
													"operator": "===",
													"left": {
														"type": "MemberExpression",
														"computed": false,
														"object": {
															"type": "Identifier",
															"name": "param"
														},
														"property": {
															"type": "Identifier",
															"name": "type"
														}
													},
													"right": {
														"type": "Literal",
														"value": "Identifier",
														"raw": "'Identifier'"
													}
												},
												"consequent": {
													"type": "BlockStatement",
													"body": [
														{
															"type": "VariableDeclaration",
															"declarations": [
																{
																	"type": "VariableDeclarator",
																	"id": {
																		"type": "Identifier",
																		"name": "dep"
																	},
																	"init": {
																		"type": "ObjectExpression",
																		"properties": [
																			{
																				"type": "Property",
																				"key": {
																					"type": "Identifier",
																					"name": "name"
																				},
																				"computed": false,
																				"value": {
																					"type": "MemberExpression",
																					"computed": false,
																					"object": {
																						"type": "Identifier",
																						"name": "param"
																					},
																					"property": {
																						"type": "Identifier",
																						"name": "name"
																					}
																				},
																				"kind": "init",
																				"method": false,
																				"shorthand": false
																			}
																		]
																	}
																}
															],
															"kind": "var"
														},
														{
															"type": "ExpressionStatement",
															"expression": {
																"type": "CallExpression",
																"callee": {
																	"type": "MemberExpression",
																	"computed": false,
																	"object": {
																		"type": "Identifier",
																		"name": "deps"
																	},
																	"property": {
																		"type": "Identifier",
																		"name": "push"
																	}
																},
																"arguments": [
																	{
																		"type": "Identifier",
																		"name": "dep"
																	}
																]
															}
														}
													]
												},
												"alternate": null
											}
										]
									},
									"generator": false,
									"expression": false,
									"async": false
								}
							]
						}
					},
					"3": {
						"type": "ReturnStatement",
						"argument": {
							"type": "Identifier",
							"name": "deps"
						}
					}
				}
			}
		},
		"16": {
			"id": {
				"name": "findVariable"
			},
			"body": {
				"body": {
					"0": {
						"declarations": {
							"0": {
								"id": {
									"name": "variable"
								}
							}
						}
					},
					"1": {
						"declarations": {
							"0": {
								"id": {
									"name": "currentScope"
								},
								"init": {
									"type": "Identifier"
								}
							}
						}
					},
					"2": {
						"type": "WhileStatement",
						"test": {
							"type": "LogicalExpression",
							"operator": "&&",
							"left": {
								"type": "UnaryExpression",
								"operator": "!",
								"argument": {
									"type": "Identifier",
									"name": "variable"
								},
								"prefix": true
							},
							"right": {
								"type": "Identifier",
								"name": "currentScope"
							}
						},
						"body": {
							"type": "BlockStatement",
							"body": [
								{
									"type": "ExpressionStatement",
									"expression": {
										"type": "AssignmentExpression",
										"operator": "=",
										"left": {
											"type": "Identifier",
											"name": "variable"
										},
										"right": {
											"type": "CallExpression",
											"callee": {
												"type": "MemberExpression",
												"computed": false,
												"object": {
													"type": "Identifier",
													"name": "_"
												},
												"property": {
													"type": "Identifier",
													"name": "findWhere"
												}
											},
											"arguments": [
												{
													"type": "MemberExpression",
													"computed": false,
													"object": {
														"type": "Identifier",
														"name": "currentScope"
													},
													"property": {
														"type": "Identifier",
														"name": "variables"
													}
												},
												{
													"type": "ObjectExpression",
													"properties": [
														{
															"type": "Property",
															"key": {
																"type": "Identifier",
																"name": "name"
															},
															"computed": false,
															"value": {
																"type": "Identifier",
																"name": "varName"
															},
															"kind": "init",
															"method": false,
															"shorthand": false
														}
													]
												}
											]
										}
									}
								},
								{
									"type": "ExpressionStatement",
									"expression": {
										"type": "AssignmentExpression",
										"operator": "=",
										"left": {
											"type": "Identifier",
											"name": "currentScope"
										},
										"right": {
											"type": "MemberExpression",
											"computed": false,
											"object": {
												"type": "Identifier",
												"name": "currentScope"
											},
											"property": {
												"type": "Identifier",
												"name": "upper"
											}
										}
									}
								}
							]
						}
					},
					"3": {
						"test": {
							"type": "CallExpression",
							"callee": {
								"type": "MemberExpression",
								"computed": false,
								"object": {
									"type": "Identifier",
									"name": "_"
								},
								"property": {
									"type": "Identifier",
									"name": "isUndefined"
								}
							},
							"arguments": [
								{
									"type": "Identifier",
									"name": "variable"
								}
							]
						},
						"consequent": {
							"body": {
								"0": {
									"type": "ReturnStatement",
									"argument": {
										"type": "Identifier",
										"name": "variable"
									}
								}
							}
						}
					},
					"4": {
						"type": "VariableDeclaration",
						"declarations": [
							{
								"type": "VariableDeclarator",
								"id": {
									"type": "Identifier",
									"name": "node"
								},
								"init": {
									"type": "CallExpression",
									"callee": {
										"type": "MemberExpression",
										"computed": false,
										"object": {
											"type": "Identifier",
											"name": "_"
										},
										"property": {
											"type": "Identifier",
											"name": "get"
										}
									},
									"arguments": [
										{
											"type": "Identifier",
											"name": "variable"
										},
										{
											"type": "Literal",
											"value": "defs[0].node",
											"raw": "'defs[0].node'"
										}
									]
								}
							}
						]
					},
					"5": {
						"type": "ReturnStatement",
						"argument": {
							"type": "Identifier",
							"name": "node"
						}
					}
				}
			}
		},
		"17": {
			"id": {
				"name": "extractVariableDeps"
			},
			"params": {
				"0": {
					"name": "varName"
				},
				"1": {
					"type": "Identifier",
					"name": "scope"
				}
			},
			"body": {
				"body": {
					"0": {
						"declarations": {
							"0": {
								"id": {
									"name": "varNode"
								},
								"init": {
									"callee": {
										"type": "Identifier"
									},
									"arguments": {
										"0": {
											"name": "varName"
										},
										"1": {
											"type": "Identifier",
											"name": "scope"
										}
									}
								}
							}
						}
					},
					"1": {
						"type": "IfStatement",
						"test": {
							"type": "UnaryExpression",
							"operator": "!",
							"argument": {
								"type": "Identifier",
								"name": "varNode"
							},
							"prefix": true
						},
						"consequent": {
							"type": "BlockStatement",
							"body": [
								{
									"type": "ReturnStatement",
									"argument": {
										"type": "ArrayExpression",
										"elements": []
									}
								}
							]
						}
					},
					"2": {
						"type": "VariableDeclaration",
						"declarations": [
							{
								"type": "VariableDeclarator",
								"id": {
									"type": "Identifier",
									"name": "params"
								},
								"init": {
									"type": "ArrayExpression",
									"elements": []
								}
							}
						]
					},
					"3": {
						"type": "VariableDeclaration",
						"declarations": [
							{
								"type": "VariableDeclarator",
								"id": {
									"type": "Identifier",
									"name": "varType"
								},
								"init": {
									"type": "CallExpression",
									"callee": {
										"type": "MemberExpression",
										"computed": false,
										"object": {
											"type": "Identifier",
											"name": "_"
										},
										"property": {
											"type": "Identifier",
											"name": "get"
										}
									},
									"arguments": [
										{
											"type": "Identifier",
											"name": "varNode"
										},
										{
											"type": "Literal",
											"value": "type",
											"raw": "'type'"
										}
									]
								}
							}
						],
						"kind": "var"
					},
					"4": {
						"type": "IfStatement",
						"test": {
							"type": "BinaryExpression",
							"operator": "===",
							"left": {
								"type": "Identifier",
								"name": "varType"
							},
							"right": {
								"type": "Literal",
								"value": "FunctionDeclaration",
								"raw": "'FunctionDeclaration'"
							}
						},
						"consequent": {
							"type": "BlockStatement",
							"body": [
								{
									"type": "ExpressionStatement",
									"expression": {
										"type": "AssignmentExpression",
										"operator": "=",
										"left": {
											"type": "Identifier",
											"name": "params"
										},
										"right": {
											"type": "CallExpression",
											"callee": {
												"type": "MemberExpression",
												"computed": false,
												"object": {
													"type": "Identifier",
													"name": "_"
												},
												"property": {
													"type": "Identifier",
													"name": "get"
												}
											},
											"arguments": [
												{
													"type": "Identifier",
													"name": "varNode"
												},
												{
													"type": "Literal",
													"value": "params",
													"raw": "'params'"
												},
												{
													"type": "ArrayExpression",
													"elements": []
												}
											]
										}
									}
								}
							]
						},
						"alternate": null
					},
					"5": {
						"type": "IfStatement",
						"test": {
							"type": "BinaryExpression",
							"operator": "===",
							"left": {
								"type": "Identifier",
								"name": "varType"
							},
							"right": {
								"type": "Literal",
								"value": "VariableDeclarator",
								"raw": "'VariableDeclarator'"
							}
						},
						"consequent": {
							"type": "BlockStatement",
							"body": [
								{
									"type": "ExpressionStatement",
									"expression": {
										"type": "AssignmentExpression",
										"operator": "=",
										"left": {
											"type": "Identifier",
											"name": "params"
										},
										"right": {
											"type": "CallExpression",
											"callee": {
												"type": "MemberExpression",
												"computed": false,
												"object": {
													"type": "Identifier",
													"name": "_"
												},
												"property": {
													"type": "Identifier",
													"name": "get"
												}
											},
											"arguments": [
												{
													"type": "Identifier",
													"name": "varNode"
												},
												{
													"type": "Literal",
													"value": "init.params",
													"raw": "'init.params'"
												},
												{
													"type": "ArrayExpression",
													"elements": []
												}
											]
										}
									}
								}
							]
						},
						"alternate": null
					},
					"6": {
						"type": "VariableDeclaration",
						"declarations": [
							{
								"type": "VariableDeclarator",
								"id": {
									"type": "Identifier",
									"name": "deps"
								},
								"init": {
									"type": "CallExpression",
									"callee": {
										"type": "Identifier",
										"name": "extractDeps"
									},
									"arguments": [
										{
											"type": "Identifier",
											"name": "params"
										}
									]
								}
							}
						],
						"kind": "var"
					},
					"7": {
						"type": "ReturnStatement",
						"argument": {
							"type": "Identifier",
							"name": "deps"
						}
					}
				}
			}
		},
		"18": {
			"type": "FunctionDeclaration",
			"id": {
				"type": "Identifier",
				"name": "extractObjectPropertyDeps"
			},
			"params": [
				{
					"type": "Identifier",
					"name": "object"
				},
				{
					"type": "Identifier",
					"name": "propName"
				},
				{
					"type": "Identifier",
					"name": "scope"
				}
			],
			"body": {
				"type": "BlockStatement",
				"body": [
					{
						"type": "VariableDeclaration",
						"declarations": [
							{
								"type": "VariableDeclarator",
								"id": {
									"type": "Identifier",
									"name": "prop"
								},
								"init": {
									"type": "CallExpression",
									"callee": {
										"type": "MemberExpression",
										"computed": false,
										"object": {
											"type": "Identifier",
											"name": "_"
										},
										"property": {
											"type": "Identifier",
											"name": "find"
										}
									},
									"arguments": [
										{
											"type": "MemberExpression",
											"computed": false,
											"object": {
												"type": "Identifier",
												"name": "object"
											},
											"property": {
												"type": "Identifier",
												"name": "properties"
											}
										},
										{
											"type": "FunctionExpression",
											"id": null,
											"params": [
												{
													"type": "Identifier",
													"name": "property"
												}
											],
											"body": {
												"type": "BlockStatement",
												"body": [
													{
														"type": "ReturnStatement",
														"argument": {
															"type": "BinaryExpression",
															"operator": "===",
															"left": {
																"type": "CallExpression",
																"callee": {
																	"type": "MemberExpression",
																	"computed": false,
																	"object": {
																		"type": "Identifier",
																		"name": "_"
																	},
																	"property": {
																		"type": "Identifier",
																		"name": "get"
																	}
																},
																"arguments": [
																	{
																		"type": "Identifier",
																		"name": "property"
																	},
																	{
																		"type": "Literal",
																		"value": "key.name",
																		"raw": "'key.name'"
																	}
																]
															},
															"right": {
																"type": "Identifier",
																"name": "propName"
															}
														}
													}
												]
											},
											"generator": false,
											"expression": false,
											"async": false
										}
									]
								}
							}
						],
						"kind": "var"
					},
					{
						"type": "IfStatement",
						"test": {
							"type": "UnaryExpression",
							"operator": "!",
							"argument": {
								"type": "Identifier",
								"name": "prop"
							},
							"prefix": true
						},
						"consequent": {
							"type": "BlockStatement",
							"body": [
								{
									"type": "ReturnStatement",
									"argument": {
										"type": "ArrayExpression",
										"elements": []
									}
								}
							]
						},
						"alternate": null
					},
					{
						"type": "VariableDeclaration",
						"declarations": [
							{
								"type": "VariableDeclarator",
								"id": {
									"type": "Identifier",
									"name": "value"
								},
								"init": {
									"type": "CallExpression",
									"callee": {
										"type": "MemberExpression",
										"computed": false,
										"object": {
											"type": "Identifier",
											"name": "_"
										},
										"property": {
											"type": "Identifier",
											"name": "get"
										}
									},
									"arguments": [
										{
											"type": "Identifier",
											"name": "prop"
										},
										{
											"type": "Literal",
											"value": "value",
											"raw": "'value'"
										},
										{
											"type": "ObjectExpression",
											"properties": []
										}
									]
								}
							}
						],
						"kind": "var"
					},
					{
						"type": "VariableDeclaration",
						"declarations": [
							{
								"type": "VariableDeclarator",
								"id": {
									"type": "Identifier",
									"name": "deps"
								},
								"init": {
									"type": "ArrayExpression",
									"elements": []
								}
							}
						],
						"kind": "var"
					},
					{
						"type": "IfStatement",
						"test": {
							"type": "BinaryExpression",
							"operator": "===",
							"left": {
								"type": "MemberExpression",
								"computed": false,
								"object": {
									"type": "Identifier",
									"name": "value"
								},
								"property": {
									"type": "Identifier",
									"name": "type"
								}
							},
							"right": {
								"type": "Literal",
								"value": "FunctionExpression",
								"raw": "'FunctionExpression'"
							}
						},
						"consequent": {
							"type": "BlockStatement",
							"body": [
								{
									"type": "ExpressionStatement",
									"expression": {
										"type": "AssignmentExpression",
										"operator": "=",
										"left": {
											"type": "Identifier",
											"name": "deps"
										},
										"right": {
											"type": "CallExpression",
											"callee": {
												"type": "Identifier",
												"name": "extractDeps"
											},
											"arguments": [
												{
													"type": "MemberExpression",
													"computed": false,
													"object": {
														"type": "Identifier",
														"name": "value"
													},
													"property": {
														"type": "Identifier",
														"name": "params"
													}
												}
											]
										}
									}
								}
							]
						},
						"alternate": null
					},
					{
						"type": "IfStatement",
						"test": {
							"type": "BinaryExpression",
							"operator": "===",
							"left": {
								"type": "MemberExpression",
								"computed": false,
								"object": {
									"type": "Identifier",
									"name": "value"
								},
								"property": {
									"type": "Identifier",
									"name": "type"
								}
							},
							"right": {
								"type": "Literal",
								"value": "Identifier",
								"raw": "'Identifier'"
							}
						},
						"consequent": {
							"type": "BlockStatement",
							"body": [
								{
									"type": "ExpressionStatement",
									"expression": {
										"type": "AssignmentExpression",
										"operator": "=",
										"left": {
											"type": "Identifier",
											"name": "deps"
										},
										"right": {
											"type": "CallExpression",
											"callee": {
												"type": "Identifier",
												"name": "extractVariableDeps"
											},
											"arguments": [
												{
													"type": "MemberExpression",
													"computed": false,
													"object": {
														"type": "Identifier",
														"name": "value"
													},
													"property": {
														"type": "Identifier",
														"name": "name"
													}
												},
												{
													"type": "Identifier",
													"name": "scope"
												}
											]
										}
									}
								}
							]
						},
						"alternate": null
					},
					{
						"type": "ReturnStatement",
						"argument": {
							"type": "Identifier",
							"name": "deps"
						}
					}
				]
			},
			"generator": false,
			"expression": false,
			"async": false
		},
		"19": {
			"type": "FunctionDeclaration",
			"id": {
				"type": "Identifier",
				"name": "findScope"
			},
			"params": [
				{
					"type": "Identifier",
					"name": "ast"
				}
			],
			"body": {
				"type": "BlockStatement",
				"body": [
					{
						"type": "VariableDeclaration",
						"declarations": [
							{
								"type": "VariableDeclarator",
								"id": {
									"type": "Identifier",
									"name": "scopeManager"
								},
								"init": {
									"type": "CallExpression",
									"callee": {
										"type": "MemberExpression",
										"computed": false,
										"object": {
											"type": "Identifier",
											"name": "escope"
										},
										"property": {
											"type": "Identifier",
											"name": "analyze"
										}
									},
									"arguments": [
										{
											"type": "Identifier",
											"name": "ast"
										}
									]
								}
							}
						],
						"kind": "var"
					},
					{
						"type": "VariableDeclaration",
						"declarations": [
							{
								"type": "VariableDeclarator",
								"id": {
									"type": "Identifier",
									"name": "scope"
								},
								"init": {
									"type": "CallExpression",
									"callee": {
										"type": "MemberExpression",
										"computed": false,
										"object": {
											"type": "Identifier",
											"name": "scopeManager"
										},
										"property": {
											"type": "Identifier",
											"name": "acquire"
										}
									},
									"arguments": [
										{
											"type": "Identifier",
											"name": "ast"
										}
									]
								}
							}
						],
						"kind": "var"
					},
					{
						"type": "ReturnStatement",
						"argument": {
							"type": "Identifier",
							"name": "scope"
						}
					}
				]
			},
			"generator": false,
			"expression": false,
			"async": false
		}
	}
}