{
	"body": {
		"8": {
			"body": {
				"body": {
					"5": {
						"expression": {
							"arguments": {
								"1": {
									"properties": {
										"0": {
											"value": {
												"body": {
													"body": {
														"0": {
															"consequent": {
																"body": {
																	"1": {
																		"test": {
																			"arguments": {
																				"1": {
																					"type": "MemberExpression",
																					"computed": false,
																					"object": {
																						"type": "Identifier",
																						"name": "calleeProp"
																					},
																					"property": {
																						"type": "Identifier",
																						"name": "name"
																					}
																				}
																			}
																		}
																	}
																}
															}
														}
													}
												}
											}
										}
									}
								}
							}
						}
					},
					"7": {
						"expression": {
							"arguments": {
								"1": {
									"body": {
										"body": {
											"9": {
												"type": "ExpressionStatement",
												"expression": {
													"type": "CallExpression",
													"callee": {
														"type": "MemberExpression",
														"computed": false,
														"object": {
															"type": "Identifier",
															"name": "units"
														},
														"property": {
															"type": "Identifier",
															"name": "unshift"
														}
													},
													"arguments": [
														{
															"type": "Identifier",
															"name": "unit"
														}
													]
												}
											}
										}
									}
								}
							}
						}
					}
				}
			}
		},
		"10": {
			"id": {
				"name": "findType"
			},
			"body": {
				"body": {
					"0": {
						"type": "ReturnStatement",
						"argument": {
							"type": "CallExpression",
							"callee": {
								"type": "MemberExpression",
								"computed": false,
								"object": {
									"type": "Identifier",
									"name": "_"
								},
								"property": {
									"type": "Identifier",
									"name": "get"
								}
							},
							"arguments": [
								{
									"type": "Identifier",
									"name": "callExpression"
								},
								{
									"type": "Literal",
									"value": "callee.property.name",
									"raw": "'callee.property.name'"
								}
							]
						}
					}
				}
			}
		},
		"11": {
			"id": {
				"name": "findModule"
			},
			"params": {
				"0": {
					"name": "callExpression"
				}
			},
			"body": {
				"body": {
					"0": {
						"type": "VariableDeclaration",
						"declarations": [
							{
								"type": "VariableDeclarator",
								"id": {
									"type": "Identifier",
									"name": "module"
								},
								"init": {
									"type": "ObjectExpression",
									"properties": []
								}
							}
						]
					},
					"1": {
						"type": "VariableDeclaration",
						"declarations": [
							{
								"type": "VariableDeclarator",
								"id": {
									"type": "Identifier",
									"name": "calleeObj"
								},
								"init": {
									"type": "CallExpression",
									"callee": {
										"type": "MemberExpression",
										"computed": false,
										"object": {
											"type": "Identifier",
											"name": "_"
										},
										"property": {
											"type": "Identifier",
											"name": "get"
										}
									},
									"arguments": [
										{
											"type": "Identifier",
											"name": "callExpression"
										},
										{
											"type": "Literal",
											"value": "callee.object",
											"raw": "'callee.object'"
										},
										{
											"type": "ObjectExpression",
											"properties": []
										}
									]
								}
							},
							{
								"type": "VariableDeclarator",
								"id": {
									"type": "Identifier",
									"name": "calleeProp"
								},
								"init": {
									"type": "CallExpression",
									"callee": {
										"type": "MemberExpression",
										"computed": false,
										"object": {
											"type": "Identifier",
											"name": "_"
										},
										"property": {
											"type": "Identifier",
											"name": "get"
										}
									},
									"arguments": [
										{
											"type": "Identifier",
											"name": "callExpression"
										},
										{
											"type": "Literal",
											"value": "callee.property",
											"raw": "'callee.property'"
										},
										{
											"type": "ObjectExpression",
											"properties": []
										}
									]
								}
							}
						]
					},
					"2": {
						"type": "IfStatement",
						"test": {
							"type": "BinaryExpression",
							"operator": "===",
							"left": {
								"type": "MemberExpression",
								"computed": false,
								"object": {
									"type": "Identifier",
									"name": "calleeObj"
								},
								"property": {
									"type": "Identifier",
									"name": "type"
								}
							},
							"right": {
								"type": "Literal",
								"value": "CallExpression",
								"raw": "'CallExpression'"
							}
						},
						"consequent": {
							"type": "BlockStatement",
							"body": [
								{
									"type": "ReturnStatement",
									"argument": {
										"type": "CallExpression",
										"callee": {
											"type": "Identifier",
											"name": "findModule"
										},
										"arguments": [
											{
												"type": "Identifier",
												"name": "calleeObj"
											},
											{
												"type": "Identifier",
												"name": "scope"
											}
										]
									}
								}
							]
						},
						"alternate": {
							"type": "IfStatement",
							"test": {
								"type": "BinaryExpression",
								"operator": "===",
								"left": {
									"type": "MemberExpression",
									"computed": false,
									"object": {
										"type": "Identifier",
										"name": "calleeObj"
									},
									"property": {
										"type": "Identifier",
										"name": "type"
									}
								},
								"right": {
									"type": "Literal",
									"value": "Identifier",
									"raw": "'Identifier'"
								}
							},
							"consequent": {
								"type": "BlockStatement",
								"body": [
									{
										"type": "IfStatement",
										"test": {
											"type": "LogicalExpression",
											"operator": "&&",
											"left": {
												"type": "BinaryExpression",
												"operator": "===",
												"left": {
													"type": "MemberExpression",
													"computed": false,
													"object": {
														"type": "Identifier",
														"name": "calleeProp"
													},
													"property": {
														"type": "Identifier",
														"name": "name"
													}
												},
												"right": {
													"type": "Literal",
													"value": "module",
													"raw": "'module'"
												}
											},
											"right": {
												"type": "BinaryExpression",
												"operator": "===",
												"left": {
													"type": "MemberExpression",
													"computed": false,
													"object": {
														"type": "Identifier",
														"name": "calleeObj"
													},
													"property": {
														"type": "Identifier",
														"name": "name"
													}
												},
												"right": {
													"type": "Literal",
													"value": "angular",
													"raw": "'angular'"
												}
											}
										},
										"consequent": {
											"type": "BlockStatement",
											"body": [
												{
													"type": "ExpressionStatement",
													"expression": {
														"type": "AssignmentExpression",
														"operator": "=",
														"left": {
															"type": "MemberExpression",
															"computed": false,
															"object": {
																"type": "Identifier",
																"name": "module"
															},
															"property": {
																"type": "Identifier",
																"name": "name"
															}
														},
														"right": {
															"type": "CallExpression",
															"callee": {
																"type": "MemberExpression",
																"computed": false,
																"object": {
																	"type": "Identifier",
																	"name": "_"
																},
																"property": {
																	"type": "Identifier",
																	"name": "get"
																}
															},
															"arguments": [
																{
																	"type": "Identifier",
																	"name": "callExpression"
																},
																{
																	"type": "Literal",
																	"value": "arguments[0].value",
																	"raw": "'arguments[0].value'"
																}
															]
														}
													}
												}
											]
										},
										"alternate": {
											"type": "IfStatement",
											"test": {
												"type": "CallExpression",
												"callee": {
													"type": "MemberExpression",
													"computed": false,
													"object": {
														"type": "Identifier",
														"name": "_"
													},
													"property": {
														"type": "Identifier",
														"name": "contains"
													}
												},
												"arguments": [
													{
														"type": "MemberExpression",
														"computed": false,
														"object": {
															"type": "MemberExpression",
															"computed": false,
															"object": {
																"type": "Identifier",
																"name": "config"
															},
															"property": {
																"type": "Identifier",
																"name": "units"
															}
														},
														"property": {
															"type": "Identifier",
															"name": "process"
														}
													},
													{
														"type": "MemberExpression",
														"computed": false,
														"object": {
															"type": "Identifier",
															"name": "calleeProp"
														},
														"property": {
															"type": "Identifier",
															"name": "name"
														}
													}
												]
											},
											"consequent": {
												"type": "BlockStatement",
												"body": [
													{
														"type": "VariableDeclaration",
														"declarations": [
															{
																"type": "VariableDeclarator",
																"id": {
																	"type": "Identifier",
																	"name": "varName"
																},
																"init": {
																	"type": "MemberExpression",
																	"computed": false,
																	"object": {
																		"type": "Identifier",
																		"name": "calleeObj"
																	},
																	"property": {
																		"type": "Identifier",
																		"name": "name"
																	}
																}
															}
														],
														"kind": "var"
													},
													{
														"type": "VariableDeclaration",
														"declarations": [
															{
																"type": "VariableDeclarator",
																"id": {
																	"type": "Identifier",
																	"name": "varNode"
																},
																"init": {
																	"type": "CallExpression",
																	"callee": {
																		"type": "Identifier",
																		"name": "findVariable"
																	},
																	"arguments": [
																		{
																			"type": "Identifier",
																			"name": "varName"
																		},
																		{
																			"type": "Identifier",
																			"name": "scope"
																		}
																	]
																}
															}
														],
														"kind": "var"
													},
													{
														"type": "IfStatement",
														"test": {
															"type": "Identifier",
															"name": "varNode"
														},
														"consequent": {
															"type": "BlockStatement",
															"body": [
																{
																	"type": "ExpressionStatement",
																	"expression": {
																		"type": "AssignmentExpression",
																		"operator": "=",
																		"left": {
																			"type": "MemberExpression",
																			"computed": false,
																			"object": {
																				"type": "Identifier",
																				"name": "module"
																			},
																			"property": {
																				"type": "Identifier",
																				"name": "name"
																			}
																		},
																		"right": {
																			"type": "CallExpression",
																			"callee": {
																				"type": "MemberExpression",
																				"computed": false,
																				"object": {
																					"type": "Identifier",
																					"name": "_"
																				},
																				"property": {
																					"type": "Identifier",
																					"name": "get"
																				}
																			},
																			"arguments": [
																				{
																					"type": "Identifier",
																					"name": "varNode"
																				},
																				{
																					"type": "Literal",
																					"value": "init.arguments[0].value",
																					"raw": "'init.arguments[0].value'"
																				}
																			]
																		}
																	}
																}
															]
														},
														"alternate": null
													}
												]
											},
											"alternate": null
										}
									}
								]
							},
							"alternate": null
						}
					},
					"3": {
						"type": "ReturnStatement",
						"argument": {
							"type": "Identifier",
							"name": "module"
						}
					}
				}
			}
		},
		"12": {
			"id": {
				"name": "findDeps"
			},
			"params": {
				"0": {
					"name": "callExpression"
				},
				"1": {
					"type": "Identifier",
					"name": "scope"
				},
				"2": {
					"type": "Identifier",
					"name": "type"
				}
			},
			"body": {
				"body": {
					"0": {
						"declarations": {
							"0": {
								"id": {
									"name": "cantHaveDeps"
								},
								"init": {
									"type": "ArrayExpression",
									"elements": [
										{
											"type": "Literal",
											"value": "filter",
											"raw": "'filter'"
										},
										{
											"type": "Literal",
											"value": "value",
											"raw": "'value'"
										},
										{
											"type": "Literal",
											"value": "constant",
											"raw": "'constant'"
										}
									]
								}
							}
						}
					},
					"1": {
						"test": {
							"type": "CallExpression",
							"callee": {
								"type": "MemberExpression",
								"computed": false,
								"object": {
									"type": "Identifier",
									"name": "_"
								},
								"property": {
									"type": "Identifier",
									"name": "contains"
								}
							},
							"arguments": [
								{
									"type": "Identifier",
									"name": "cantHaveDeps"
								},
								{
									"type": "Identifier",
									"name": "type"
								}
							]
						}
					},
					"2": {
						"declarations": {
							"0": {
								"id": {
									"name": "depsArg"
								},
								"init": {
									"callee": {
										"type": "MemberExpression",
										"object": {
											"type": "Identifier",
											"name": "_"
										},
										"property": {
											"type": "Identifier",
											"name": "get"
										}
									},
									"arguments": {
										"0": {
											"name": "callExpression"
										},
										"1": {
											"type": "Literal",
											"value": "arguments[1]",
											"raw": "'arguments[1]'"
										},
										"2": {
											"type": "ObjectExpression",
											"properties": []
										}
									}
								}
							}
						}
					},
					"4": {
						"type": "IfStatement",
						"test": {
							"type": "BinaryExpression",
							"operator": "===",
							"left": {
								"type": "Identifier",
								"name": "type"
							},
							"right": {
								"type": "Literal",
								"value": "component",
								"raw": "'component'"
							}
						},
						"consequent": {
							"type": "BlockStatement",
							"body": [
								{
									"type": "ReturnStatement",
									"argument": {
										"type": "CallExpression",
										"callee": {
											"type": "Identifier",
											"name": "findComponentDeps"
										},
										"arguments": [
											{
												"type": "Identifier",
												"name": "depsArg"
											},
											{
												"type": "Identifier",
												"name": "scope"
											}
										]
									}
								}
							]
						}
					},
					"5": {
						"type": "IfStatement",
						"test": {
							"type": "BinaryExpression",
							"operator": "===",
							"left": {
								"type": "MemberExpression",
								"computed": false,
								"object": {
									"type": "Identifier",
									"name": "depsArg"
								},
								"property": {
									"type": "Identifier",
									"name": "type"
								}
							},
							"right": {
								"type": "Literal",
								"value": "ArrayExpression",
								"raw": "'ArrayExpression'"
							}
						},
						"consequent": {
							"type": "BlockStatement",
							"body": [
								{
									"type": "VariableDeclaration",
									"declarations": [
										{
											"type": "VariableDeclarator",
											"id": {
												"type": "Identifier",
												"name": "lastDepsArg"
											},
											"init": {
												"type": "LogicalExpression",
												"operator": "||",
												"left": {
													"type": "CallExpression",
													"callee": {
														"type": "MemberExpression",
														"computed": false,
														"object": {
															"type": "Identifier",
															"name": "_"
														},
														"property": {
															"type": "Identifier",
															"name": "last"
														}
													},
													"arguments": [
														{
															"type": "MemberExpression",
															"computed": false,
															"object": {
																"type": "Identifier",
																"name": "depsArg"
															},
															"property": {
																"type": "Identifier",
																"name": "elements"
															}
														}
													]
												},
												"right": {
													"type": "ObjectExpression",
													"properties": []
												}
											}
										}
									],
									"kind": "var"
								},
								{
									"type": "IfStatement",
									"test": {
										"type": "BinaryExpression",
										"operator": "===",
										"left": {
											"type": "MemberExpression",
											"computed": false,
											"object": {
												"type": "Identifier",
												"name": "lastDepsArg"
											},
											"property": {
												"type": "Identifier",
												"name": "type"
											}
										},
										"right": {
											"type": "Literal",
											"value": "FunctionExpression",
											"raw": "'FunctionExpression'"
										}
									},
									"consequent": {
										"type": "BlockStatement",
										"body": [
											{
												"type": "ReturnStatement",
												"argument": {
													"type": "CallExpression",
													"callee": {
														"type": "Identifier",
														"name": "extractDeps"
													},
													"arguments": [
														{
															"type": "MemberExpression",
															"computed": false,
															"object": {
																"type": "Identifier",
																"name": "lastDepsArg"
															},
															"property": {
																"type": "Identifier",
																"name": "params"
															}
														}
													]
												}
											}
										]
									},
									"alternate": null
								}
							]
						}
					},
					"6": {
						"type": "IfStatement",
						"test": {
							"type": "BinaryExpression",
							"operator": "===",
							"left": {
								"type": "MemberExpression",
								"computed": false,
								"object": {
									"type": "Identifier",
									"name": "depsArg"
								},
								"property": {
									"type": "Identifier",
									"name": "type"
								}
							},
							"right": {
								"type": "Literal",
								"value": "Identifier",
								"raw": "'Identifier'"
							}
						},
						"consequent": {
							"type": "BlockStatement",
							"body": [
								{
									"type": "ReturnStatement",
									"argument": {
										"type": "CallExpression",
										"callee": {
											"type": "Identifier",
											"name": "extractVariableDeps"
										},
										"arguments": [
											{
												"type": "MemberExpression",
												"computed": false,
												"object": {
													"type": "Identifier",
													"name": "depsArg"
												},
												"property": {
													"type": "Identifier",
													"name": "name"
												}
											},
											{
												"type": "Identifier",
												"name": "scope"
											}
										]
									}
								}
							]
						}
					},
					"7": {
						"type": "IfStatement",
						"test": {
							"type": "BinaryExpression",
							"operator": "===",
							"left": {
								"type": "MemberExpression",
								"computed": false,
								"object": {
									"type": "Identifier",
									"name": "depsArg"
								},
								"property": {
									"type": "Identifier",
									"name": "type"
								}
							},
							"right": {
								"type": "Literal",
								"value": "FunctionExpression",
								"raw": "'FunctionExpression'"
							}
						},
						"consequent": {
							"type": "BlockStatement",
							"body": [
								{
									"type": "IfStatement",
									"test": {
										"type": "BinaryExpression",
										"operator": "!==",
										"left": {
											"type": "Identifier",
											"name": "type"
										},
										"right": {
											"type": "Literal",
											"value": "provider",
											"raw": "'provider'"
										}
									},
									"consequent": {
										"type": "BlockStatement",
										"body": [
											{
												"type": "ReturnStatement",
												"argument": {
													"type": "CallExpression",
													"callee": {
														"type": "Identifier",
														"name": "extractDeps"
													},
													"arguments": [
														{
															"type": "MemberExpression",
															"computed": false,
															"object": {
																"type": "Identifier",
																"name": "depsArg"
															},
															"property": {
																"type": "Identifier",
																"name": "params"
															}
														}
													]
												}
											}
										]
									},
									"alternate": null
								},
								{
									"type": "ReturnStatement",
									"argument": {
										"type": "CallExpression",
										"callee": {
											"type": "Identifier",
											"name": "findProviderDeps"
										},
										"arguments": [
											{
												"type": "Identifier",
												"name": "depsArg"
											}
										]
									}
								}
							]
						},
						"alternate": null
					},
					"8": {
						"type": "ReturnStatement",
						"argument": {
							"type": "Identifier",
							"name": "deps"
						}
					}
				}
			}
		},
		"13": {
			"id": {
				"name": "findComponentDeps"
			},
			"params": {
				"0": {
					"name": "object"
				},
				"1": {
					"type": "Identifier",
					"name": "scope"
				}
			},
			"body": {
				"body": {
					"0": {
						"test": {
							"type": "BinaryExpression",
							"operator": "===",
							"left": {
								"type": "MemberExpression",
								"computed": false,
								"object": {
									"type": "Identifier",
									"name": "object"
								},
								"property": {
									"type": "Identifier",
									"name": "type"
								}
							},
							"right": {
								"type": "Literal",
								"value": "Identifier",
								"raw": "'Identifier'"
							}
						},
						"consequent": {
							"body": {
								"0": {
									"type": "ExpressionStatement",
									"expression": {
										"type": "AssignmentExpression",
										"operator": "=",
										"left": {
											"type": "Identifier",
											"name": "object"
										},
										"right": {
											"type": "CallExpression",
											"callee": {
												"type": "MemberExpression",
												"computed": false,
												"object": {
													"type": "Identifier",
													"name": "_"
												},
												"property": {
													"type": "Identifier",
													"name": "get"
												}
											},
											"arguments": [
												{
													"type": "CallExpression",
													"callee": {
														"type": "Identifier",
														"name": "findVariable"
													},
													"arguments": [
														{
															"type": "MemberExpression",
															"computed": false,
															"object": {
																"type": "Identifier",
																"name": "object"
															},
															"property": {
																"type": "Identifier",
																"name": "name"
															}
														},
														{
															"type": "Identifier",
															"name": "scope"
														}
													]
												},
												{
													"type": "Literal",
													"value": "init",
													"raw": "'init'"
												},
												{
													"type": "ObjectExpression",
													"properties": []
												}
											]
										}
									}
								}
							}
						}
					},
					"1": {
						"type": "IfStatement",
						"test": {
							"type": "BinaryExpression",
							"operator": "!==",
							"left": {
								"type": "MemberExpression",
								"computed": false,
								"object": {
									"type": "Identifier",
									"name": "object"
								},
								"property": {
									"type": "Identifier",
									"name": "type"
								}
							},
							"right": {
								"type": "Literal",
								"value": "ObjectExpression",
								"raw": "'ObjectExpression'"
							}
						},
						"consequent": {
							"type": "BlockStatement",
							"body": [
								{
									"type": "ReturnStatement",
									"argument": {
										"type": "ArrayExpression",
										"elements": []
									}
								}
							]
						}
					},
					"2": {
						"type": "ReturnStatement",
						"argument": {
							"type": "CallExpression",
							"callee": {
								"type": "Identifier",
								"name": "extractObjectPropertyDeps"
							},
							"arguments": [
								{
									"type": "Identifier",
									"name": "object"
								},
								{
									"type": "Literal",
									"value": "controller",
									"raw": "'controller'"
								},
								{
									"type": "Identifier",
									"name": "scope"
								}
							]
						}
					}
				}
			}
		},
		"14": {
			"id": {
				"name": "findProviderDeps"
			},
			"params": {
				"0": {
					"name": "depsFn"
				}
			},
			"body": {
				"body": {
					"0": {
						"declarations": {
							"0": {
								"id": {
									"name": "depsFnBody"
								},
								"init": {
									"type": "CallExpression",
									"callee": {
										"type": "MemberExpression",
										"computed": false,
										"object": {
											"type": "Identifier",
											"name": "_"
										},
										"property": {
											"type": "Identifier",
											"name": "get"
										}
									},
									"arguments": [
										{
											"type": "Identifier",
											"name": "depsFn"
										},
										{
											"type": "Literal",
											"value": "body",
											"raw": "'body'"
										},
										{
											"type": "ObjectExpression",
											"properties": []
										}
									]
								}
							}
						}
					},
					"1": {
						"type": "IfStatement",
						"test": {
							"type": "BinaryExpression",
							"operator": "!==",
							"left": {
								"type": "MemberExpression",
								"computed": false,
								"object": {
									"type": "Identifier",
									"name": "depsFnBody"
								},
								"property": {
									"type": "Identifier",
									"name": "type"
								}
							},
							"right": {
								"type": "Literal",
								"value": "BlockStatement",
								"raw": "'BlockStatement'"
							}
						},
						"consequent": {
							"type": "BlockStatement",
							"body": [
								{
									"type": "ReturnStatement",
									"argument": {
										"type": "ArrayExpression",
										"elements": []
									}
								}
							]
						}
					},
					"2": {
						"type": "VariableDeclaration",
						"declarations": [
							{
								"type": "VariableDeclarator",
								"id": {
									"type": "Identifier",
									"name": "depsFnScope"
								},
								"init": {
									"type": "CallExpression",
									"callee": {
										"type": "Identifier",
										"name": "findScope"
									},
									"arguments": [
										{
											"type": "Identifier",
											"name": "depsFn"
										}
									]
								}
							}
						]
					},
					"3": {
						"type": "VariableDeclaration",
						"declarations": [
							{
								"type": "VariableDeclarator",
								"id": {
									"type": "Identifier",
									"name": "deps"
								},
								"init": {
									"type": "ArrayExpression",
									"elements": []
								}
							}
						]
					},
					"4": {
						"declarations": {
							"0": {
								"id": {
									"name": "depsFnBodyExpressions"
								},
								"init": {
									"arguments": {
										"0": {
											"name": "depsFnBody"
										},
										"1": {
											"value": "body",
											"raw": "'body'"
										}
									}
								}
							}
						}
					},
					"5": {
						"type": "ExpressionStatement",
						"expression": {
							"type": "CallExpression",
							"callee": {
								"type": "MemberExpression",
								"computed": false,
								"object": {
									"type": "Identifier",
									"name": "_"
								},
								"property": {
									"type": "Identifier",
									"name": "some"
								}
							},
							"arguments": [
								{
									"type": "Identifier",
									"name": "depsFnBodyExpressions"
								},
								{
									"type": "FunctionExpression",
									"id": null,
									"params": [
										{
											"type": "Identifier",
											"name": "bodyExpression"
										}
									],
									"body": {
										"type": "BlockStatement",
										"body": [
											{
												"type": "VariableDeclaration",
												"declarations": [
													{
														"type": "VariableDeclarator",
														"id": {
															"type": "Identifier",
															"name": "type"
														},
														"init": {
															"type": "CallExpression",
															"callee": {
																"type": "MemberExpression",
																"computed": false,
																"object": {
																	"type": "Identifier",
																	"name": "_"
																},
																"property": {
																	"type": "Identifier",
																	"name": "get"
																}
															},
															"arguments": [
																{
																	"type": "Identifier",
																	"name": "bodyExpression"
																},
																{
																	"type": "Literal",
																	"value": "type",
																	"raw": "'type'"
																}
															]
														}
													}
												],
												"kind": "var"
											},
											{
												"type": "VariableDeclaration",
												"declarations": [
													{
														"type": "VariableDeclarator",
														"id": {
															"type": "Identifier",
															"name": "expression"
														},
														"init": {
															"type": "CallExpression",
															"callee": {
																"type": "MemberExpression",
																"computed": false,
																"object": {
																	"type": "Identifier",
																	"name": "_"
																},
																"property": {
																	"type": "Identifier",
																	"name": "get"
																}
															},
															"arguments": [
																{
																	"type": "Identifier",
																	"name": "bodyExpression"
																},
																{
																	"type": "Literal",
																	"value": "expression",
																	"raw": "'expression'"
																},
																{
																	"type": "ObjectExpression",
																	"properties": []
																}
															]
														}
													}
												],
												"kind": "var"
											},
											{
												"type": "VariableDeclaration",
												"declarations": [
													{
														"type": "VariableDeclarator",
														"id": {
															"type": "Identifier",
															"name": "leftProp"
														},
														"init": {
															"type": "CallExpression",
															"callee": {
																"type": "MemberExpression",
																"computed": false,
																"object": {
																	"type": "Identifier",
																	"name": "_"
																},
																"property": {
																	"type": "Identifier",
																	"name": "get"
																}
															},
															"arguments": [
																{
																	"type": "Identifier",
																	"name": "expression"
																},
																{
																	"type": "Literal",
																	"value": "left.property",
																	"raw": "'left.property'"
																},
																{
																	"type": "ObjectExpression",
																	"properties": []
																}
															]
														}
													}
												],
												"kind": "var"
											},
											{
												"type": "VariableDeclaration",
												"declarations": [
													{
														"type": "VariableDeclarator",
														"id": {
															"type": "Identifier",
															"name": "right"
														},
														"init": {
															"type": "CallExpression",
															"callee": {
																"type": "MemberExpression",
																"computed": false,
																"object": {
																	"type": "Identifier",
																	"name": "_"
																},
																"property": {
																	"type": "Identifier",
																	"name": "get"
																}
															},
															"arguments": [
																{
																	"type": "Identifier",
																	"name": "expression"
																},
																{
																	"type": "Literal",
																	"value": "right",
																	"raw": "'right'"
																},
																{
																	"type": "ObjectExpression",
																	"properties": []
																}
															]
														}
													}
												],
												"kind": "var"
											},
											{
												"type": "IfStatement",
												"test": {
													"type": "LogicalExpression",
													"operator": "&&",
													"left": {
														"type": "BinaryExpression",
														"operator": "===",
														"left": {
															"type": "Identifier",
															"name": "type"
														},
														"right": {
															"type": "Literal",
															"value": "ExpressionStatement",
															"raw": "'ExpressionStatement'"
														}
													},
													"right": {
														"type": "BinaryExpression",
														"operator": "===",
														"left": {
															"type": "MemberExpression",
															"computed": false,
															"object": {
																"type": "Identifier",
																"name": "leftProp"
															},
															"property": {
																"type": "Identifier",
																"name": "name"
															}
														},
														"right": {
															"type": "Literal",
															"value": "$get",
															"raw": "'$get'"
														}
													}
												},
												"consequent": {
													"type": "BlockStatement",
													"body": [
														{
															"type": "IfStatement",
															"test": {
																"type": "BinaryExpression",
																"operator": "===",
																"left": {
																	"type": "MemberExpression",
																	"computed": false,
																	"object": {
																		"type": "Identifier",
																		"name": "right"
																	},
																	"property": {
																		"type": "Identifier",
																		"name": "type"
																	}
																},
																"right": {
																	"type": "Literal",
																	"value": "FunctionExpression",
																	"raw": "'FunctionExpression'"
																}
															},
															"consequent": {
																"type": "BlockStatement",
																"body": [
																	{
																		"type": "ExpressionStatement",
																		"expression": {
																			"type": "AssignmentExpression",
																			"operator": "=",
																			"left": {
																				"type": "Identifier",
																				"name": "deps"
																			},
																			"right": {
																				"type": "CallExpression",
																				"callee": {
																					"type": "Identifier",
																					"name": "extractDeps"
																				},
																				"arguments": [
																					{
																						"type": "MemberExpression",
																						"computed": false,
																						"object": {
																							"type": "Identifier",
																							"name": "right"
																						},
																						"property": {
																							"type": "Identifier",
																							"name": "params"
																						}
																					}
																				]
																			}
																		}
																	},
																	{
																		"type": "ReturnStatement",
																		"argument": {
																			"type": "Literal",
																			"value": true,
																			"raw": "true"
																		}
																	}
																]
															},
															"alternate": null
														},
														{
															"type": "IfStatement",
															"test": {
																"type": "BinaryExpression",
																"operator": "===",
																"left": {
																	"type": "MemberExpression",
																	"computed": false,
																	"object": {
																		"type": "Identifier",
																		"name": "right"
																	},
																	"property": {
																		"type": "Identifier",
																		"name": "type"
																	}
																},
																"right": {
																	"type": "Literal",
																	"value": "Identifier",
																	"raw": "'Identifier'"
																}
															},
															"consequent": {
																"type": "BlockStatement",
																"body": [
																	{
																		"type": "ExpressionStatement",
																		"expression": {
																			"type": "AssignmentExpression",
																			"operator": "=",
																			"left": {
																				"type": "Identifier",
																				"name": "deps"
																			},
																			"right": {
																				"type": "CallExpression",
																				"callee": {
																					"type": "Identifier",
																					"name": "extractVariableDeps"
																				},
																				"arguments": [
																					{
																						"type": "MemberExpression",
																						"computed": false,
																						"object": {
																							"type": "Identifier",
																							"name": "right"
																						},
																						"property": {
																							"type": "Identifier",
																							"name": "name"
																						}
																					},
																					{
																						"type": "Identifier",
																						"name": "depsFnScope"
																					}
																				]
																			}
																		}
																	},
																	{
																		"type": "ReturnStatement",
																		"argument": {
																			"type": "Literal",
																			"value": true,
																			"raw": "true"
																		}
																	}
																]
															},
															"alternate": null
														}
													]
												},
												"alternate": null
											},
											{
												"type": "VariableDeclaration",
												"declarations": [
													{
														"type": "VariableDeclarator",
														"id": {
															"type": "Identifier",
															"name": "argument"
														},
														"init": {
															"type": "CallExpression",
															"callee": {
																"type": "MemberExpression",
																"computed": false,
																"object": {
																	"type": "Identifier",
																	"name": "_"
																},
																"property": {
																	"type": "Identifier",
																	"name": "get"
																}
															},
															"arguments": [
																{
																	"type": "Identifier",
																	"name": "bodyExpression"
																},
																{
																	"type": "Literal",
																	"value": "argument",
																	"raw": "'argument'"
																},
																{
																	"type": "ObjectExpression",
																	"properties": []
																}
															]
														}
													}
												],
												"kind": "var"
											},
											{
												"type": "IfStatement",
												"test": {
													"type": "BinaryExpression",
													"operator": "===",
													"left": {
														"type": "Identifier",
														"name": "type"
													},
													"right": {
														"type": "Literal",
														"value": "ReturnStatement",
														"raw": "'ReturnStatement'"
													}
												},
												"consequent": {
													"type": "BlockStatement",
													"body": [
														{
															"type": "IfStatement",
															"test": {
																"type": "BinaryExpression",
																"operator": "===",
																"left": {
																	"type": "MemberExpression",
																	"computed": false,
																	"object": {
																		"type": "Identifier",
																		"name": "argument"
																	},
																	"property": {
																		"type": "Identifier",
																		"name": "type"
																	}
																},
																"right": {
																	"type": "Literal",
																	"value": "ObjectExpression",
																	"raw": "'ObjectExpression'"
																}
															},
															"consequent": {
																"type": "BlockStatement",
																"body": [
																	{
																		"type": "ExpressionStatement",
																		"expression": {
																			"type": "AssignmentExpression",
																			"operator": "=",
																			"left": {
																				"type": "Identifier",
																				"name": "deps"
																			},
																			"right": {
																				"type": "CallExpression",
																				"callee": {
																					"type": "Identifier",
																					"name": "extractObjectPropertyDeps"
																				},
																				"arguments": [
																					{
																						"type": "Identifier",
																						"name": "argument"
																					},
																					{
																						"type": "Literal",
																						"value": "$get",
																						"raw": "'$get'"
																					},
																					{
																						"type": "Identifier",
																						"name": "depsFnScope"
																					}
																				]
																			}
																		}
																	},
																	{
																		"type": "ReturnStatement",
																		"argument": {
																			"type": "Literal",
																			"value": true,
																			"raw": "true"
																		}
																	}
																]
															},
															"alternate": null
														},
														{
															"type": "IfStatement",
															"test": {
																"type": "BinaryExpression",
																"operator": "===",
																"left": {
																	"type": "MemberExpression",
																	"computed": false,
																	"object": {
																		"type": "Identifier",
																		"name": "argument"
																	},
																	"property": {
																		"type": "Identifier",
																		"name": "type"
																	}
																},
																"right": {
																	"type": "Literal",
																	"value": "Identifier",
																	"raw": "'Identifier'"
																}
															},
															"consequent": {
																"type": "BlockStatement",
																"body": [
																	{
																		"type": "VariableDeclaration",
																		"declarations": [
																			{
																				"type": "VariableDeclarator",
																				"id": {
																					"type": "Identifier",
																					"name": "varNode"
																				},
																				"init": {
																					"type": "CallExpression",
																					"callee": {
																						"type": "Identifier",
																						"name": "findVariable"
																					},
																					"arguments": [
																						{
																							"type": "MemberExpression",
																							"computed": false,
																							"object": {
																								"type": "Identifier",
																								"name": "argument"
																							},
																							"property": {
																								"type": "Identifier",
																								"name": "name"
																							}
																						},
																						{
																							"type": "Identifier",
																							"name": "depsFnScope"
																						}
																					]
																				}
																			}
																		],
																		"kind": "var"
																	},
																	{
																		"type": "IfStatement",
																		"test": {
																			"type": "LogicalExpression",
																			"operator": "&&",
																			"left": {
																				"type": "Identifier",
																				"name": "varNode"
																			},
																			"right": {
																				"type": "BinaryExpression",
																				"operator": "===",
																				"left": {
																					"type": "CallExpression",
																					"callee": {
																						"type": "MemberExpression",
																						"computed": false,
																						"object": {
																							"type": "Identifier",
																							"name": "_"
																						},
																						"property": {
																							"type": "Identifier",
																							"name": "get"
																						}
																					},
																					"arguments": [
																						{
																							"type": "Identifier",
																							"name": "varNode"
																						},
																						{
																							"type": "Literal",
																							"value": "init.type",
																							"raw": "'init.type'"
																						}
																					]
																				},
																				"right": {
																					"type": "Literal",
																					"value": "ObjectExpression",
																					"raw": "'ObjectExpression'"
																				}
																			}
																		},
																		"consequent": {
																			"type": "BlockStatement",
																			"body": [
																				{
																					"type": "ExpressionStatement",
																					"expression": {
																						"type": "AssignmentExpression",
																						"operator": "=",
																						"left": {
																							"type": "Identifier",
																							"name": "deps"
																						},
																						"right": {
																							"type": "CallExpression",
																							"callee": {
																								"type": "Identifier",
																								"name": "extractObjectPropertyDeps"
																							},
																							"arguments": [
																								{
																									"type": "MemberExpression",
																									"computed": false,
																									"object": {
																										"type": "Identifier",
																										"name": "varNode"
																									},
																									"property": {
																										"type": "Identifier",
																										"name": "init"
																									}
																								},
																								{
																									"type": "Literal",
																									"value": "$get",
																									"raw": "'$get'"
																								},
																								{
																									"type": "Identifier",
																									"name": "depsFnScope"
																								}
																							]
																						}
																					}
																				},
																				{
																					"type": "ReturnStatement",
																					"argument": {
																						"type": "Literal",
																						"value": true,
																						"raw": "true"
																					}
																				}
																			]
																		},
																		"alternate": null
																	}
																]
															},
															"alternate": null
														}
													]
												},
												"alternate": null
											}
										]
									},
									"generator": false,
									"expression": false,
									"async": false
								}
							]
						}
					},
					"6": {
						"type": "ReturnStatement",
						"argument": {
							"type": "Identifier",
							"name": "deps"
						}
					}
				}
			}
		},
		"15": {
			"id": {
				"name": "extractDeps"
			},
			"params": {
				"0": {
					"name": "params"
				}
			},
			"body": {
				"body": {
					"0": {
						"type": "IfStatement",
						"test": {
							"type": "UnaryExpression",
							"operator": "!",
							"argument": {
								"type": "CallExpression",
								"callee": {
									"type": "MemberExpression",
									"computed": false,
									"object": {
										"type": "Identifier",
										"name": "_"
									},
									"property": {
										"type": "Identifier",
										"name": "isArray"
									}
								},
								"arguments": [
									{
										"type": "Identifier",
										"name": "params"
									}
								]
							},
							"prefix": true
						},
						"consequent": {
							"type": "BlockStatement",
							"body": [
								{
									"type": "ReturnStatement",
									"argument": {
										"type": "ArrayExpression",
										"elements": []
									}
								}
							]
						}
					},
					"1": {
						"type": "VariableDeclaration",
						"declarations": [
							{
								"type": "VariableDeclarator",
								"id": {
									"type": "Identifier",
									"name": "deps"
								},
								"init": {
									"type": "ArrayExpression",
									"elements": []
								}
							}
						]
					},
					"2": {
						"type": "ExpressionStatement",
						"expression": {
							"type": "CallExpression",
							"callee": {
								"type": "MemberExpression",
								"computed": false,
								"object": {
									"type": "Identifier",
									"name": "_"
								},
								"property": {
									"type": "Identifier",
									"name": "forEach"
								}
							},
							"arguments": [
								{
									"type": "Identifier",
									"name": "params"
								},
								{
									"type": "FunctionExpression",
									"id": null,
									"params": [
										{
											"type": "Identifier",
											"name": "param"
										}
									],
									"body": {
										"type": "BlockStatement",
										"body": [
											{
												"type": "IfStatement",
												"test": {
													"type": "BinaryExpression",
													"operator": "===",
													"left": {
														"type": "MemberExpression",
														"computed": false,
														"object": {
															"type": "Identifier",
															"name": "param"
														},
														"property": {
															"type": "Identifier",
															"name": "type"
														}
													},
													"right": {
														"type": "Literal",
														"value": "Identifier",
														"raw": "'Identifier'"
													}
												},
												"consequent": {
													"type": "BlockStatement",
													"body": [
														{
															"type": "VariableDeclaration",
															"declarations": [
																{
																	"type": "VariableDeclarator",
																	"id": {
																		"type": "Identifier",
																		"name": "dep"
																	},
																	"init": {
																		"type": "ObjectExpression",
																		"properties": [
																			{
																				"type": "Property",
																				"key": {
																					"type": "Identifier",
																					"name": "name"
																				},
																				"computed": false,
																				"value": {
																					"type": "MemberExpression",
																					"computed": false,
																					"object": {
																						"type": "Identifier",
																						"name": "param"
																					},
																					"property": {
																						"type": "Identifier",
																						"name": "name"
																					}
																				},
																				"kind": "init",
																				"method": false,
																				"shorthand": false
																			}
																		]
																	}
																}
															],
															"kind": "var"
														},
														{
															"type": "ExpressionStatement",
															"expression": {
																"type": "CallExpression",
																"callee": {
																	"type": "MemberExpression",
																	"computed": false,
																	"object": {
																		"type": "Identifier",
																		"name": "deps"
																	},
																	"property": {
																		"type": "Identifier",
																		"name": "push"
																	}
																},
																"arguments": [
																	{
																		"type": "Identifier",
																		"name": "dep"
																	}
																]
															}
														}
													]
												},
												"alternate": null
											}
										]
									},
									"generator": false,
									"expression": false,
									"async": false
								}
							]
						}
					},
					"3": {
						"type": "ReturnStatement",
						"argument": {
							"type": "Identifier",
							"name": "deps"
						}
					}
				}
			}
		},
		"16": {
			"id": {
				"name": "findVariable"
			},
			"params": {
				"0": {
					"name": "varName"
				},
				"1": {
					"name": "scope"
				}
			},
			"body": {
				"body": {
					"0": {
						"declarations": {
							"0": {
								"id": {
									"name": "variable"
								}
							}
						}
					},
					"1": {
						"type": "VariableDeclaration",
						"declarations": [
							{
								"type": "VariableDeclarator",
								"id": {
									"type": "Identifier",
									"name": "currentScope"
								},
								"init": {
									"type": "Identifier",
									"name": "scope"
								}
							}
						]
					},
					"2": {
						"type": "WhileStatement",
						"test": {
							"type": "LogicalExpression",
							"operator": "&&",
							"left": {
								"type": "UnaryExpression",
								"operator": "!",
								"argument": {
									"type": "Identifier",
									"name": "variable"
								},
								"prefix": true
							},
							"right": {
								"type": "Identifier",
								"name": "currentScope"
							}
						},
						"body": {
							"type": "BlockStatement",
							"body": [
								{
									"type": "ExpressionStatement",
									"expression": {
										"type": "AssignmentExpression",
										"operator": "=",
										"left": {
											"type": "Identifier",
											"name": "variable"
										},
										"right": {
											"type": "CallExpression",
											"callee": {
												"type": "MemberExpression",
												"computed": false,
												"object": {
													"type": "Identifier",
													"name": "_"
												},
												"property": {
													"type": "Identifier",
													"name": "findWhere"
												}
											},
											"arguments": [
												{
													"type": "MemberExpression",
													"computed": false,
													"object": {
														"type": "Identifier",
														"name": "currentScope"
													},
													"property": {
														"type": "Identifier",
														"name": "variables"
													}
												},
												{
													"type": "ObjectExpression",
													"properties": [
														{
															"type": "Property",
															"key": {
																"type": "Identifier",
																"name": "name"
															},
															"computed": false,
															"value": {
																"type": "Identifier",
																"name": "varName"
															},
															"kind": "init",
															"method": false,
															"shorthand": false
														}
													]
												}
											]
										}
									}
								},
								{
									"type": "ExpressionStatement",
									"expression": {
										"type": "AssignmentExpression",
										"operator": "=",
										"left": {
											"type": "Identifier",
											"name": "currentScope"
										},
										"right": {
											"type": "MemberExpression",
											"computed": false,
											"object": {
												"type": "Identifier",
												"name": "currentScope"
											},
											"property": {
												"type": "Identifier",
												"name": "upper"
											}
										}
									}
								}
							]
						}
					},
					"3": {
						"type": "IfStatement",
						"test": {
							"type": "CallExpression",
							"callee": {
								"type": "MemberExpression",
								"computed": false,
								"object": {
									"type": "Identifier",
									"name": "_"
								},
								"property": {
									"type": "Identifier",
									"name": "isUndefined"
								}
							},
							"arguments": [
								{
									"type": "Identifier",
									"name": "variable"
								}
							]
						},
						"consequent": {
							"type": "BlockStatement",
							"body": [
								{
									"type": "ReturnStatement",
									"argument": {
										"type": "Identifier",
										"name": "variable"
									}
								}
							]
						}
					},
					"4": {
						"type": "VariableDeclaration",
						"declarations": [
							{
								"type": "VariableDeclarator",
								"id": {
									"type": "Identifier",
									"name": "node"
								},
								"init": {
									"type": "CallExpression",
									"callee": {
										"type": "MemberExpression",
										"computed": false,
										"object": {
											"type": "Identifier",
											"name": "_"
										},
										"property": {
											"type": "Identifier",
											"name": "get"
										}
									},
									"arguments": [
										{
											"type": "Identifier",
											"name": "variable"
										},
										{
											"type": "Literal",
											"value": "defs[0].node",
											"raw": "'defs[0].node'"
										}
									]
								}
							}
						]
					},
					"5": {
						"type": "ReturnStatement",
						"argument": {
							"type": "Identifier",
							"name": "node"
						}
					}
				}
			}
		},
		"17": {
			"id": {
				"name": "extractVariableDeps"
			},
			"params": {
				"0": {
					"name": "varName"
				},
				"1": {
					"type": "Identifier",
					"name": "scope"
				}
			},
			"body": {
				"body": {
					"0": {
						"declarations": {
							"0": {
								"id": {
									"name": "varNode"
								},
								"init": {
									"callee": {
										"type": "Identifier"
									},
									"arguments": {
										"0": {
											"name": "varName"
										},
										"1": {
											"type": "Identifier",
											"name": "scope"
										}
									}
								}
							}
						}
					},
					"1": {
						"type": "IfStatement",
						"test": {
							"type": "UnaryExpression",
							"operator": "!",
							"argument": {
								"type": "Identifier",
								"name": "varNode"
							},
							"prefix": true
						},
						"consequent": {
							"type": "BlockStatement",
							"body": [
								{
									"type": "ReturnStatement",
									"argument": {
										"type": "ArrayExpression",
										"elements": []
									}
								}
							]
						}
					},
					"2": {
						"type": "VariableDeclaration",
						"declarations": [
							{
								"type": "VariableDeclarator",
								"id": {
									"type": "Identifier",
									"name": "params"
								},
								"init": {
									"type": "ArrayExpression",
									"elements": []
								}
							}
						]
					},
					"3": {
						"type": "VariableDeclaration",
						"declarations": [
							{
								"type": "VariableDeclarator",
								"id": {
									"type": "Identifier",
									"name": "varType"
								},
								"init": {
									"type": "CallExpression",
									"callee": {
										"type": "MemberExpression",
										"computed": false,
										"object": {
											"type": "Identifier",
											"name": "_"
										},
										"property": {
											"type": "Identifier",
											"name": "get"
										}
									},
									"arguments": [
										{
											"type": "Identifier",
											"name": "varNode"
										},
										{
											"type": "Literal",
											"value": "type",
											"raw": "'type'"
										}
									]
								}
							}
						],
						"kind": "var"
					},
					"4": {
						"type": "IfStatement",
						"test": {
							"type": "BinaryExpression",
							"operator": "===",
							"left": {
								"type": "Identifier",
								"name": "varType"
							},
							"right": {
								"type": "Literal",
								"value": "FunctionDeclaration",
								"raw": "'FunctionDeclaration'"
							}
						},
						"consequent": {
							"type": "BlockStatement",
							"body": [
								{
									"type": "ExpressionStatement",
									"expression": {
										"type": "AssignmentExpression",
										"operator": "=",
										"left": {
											"type": "Identifier",
											"name": "params"
										},
										"right": {
											"type": "CallExpression",
											"callee": {
												"type": "MemberExpression",
												"computed": false,
												"object": {
													"type": "Identifier",
													"name": "_"
												},
												"property": {
													"type": "Identifier",
													"name": "get"
												}
											},
											"arguments": [
												{
													"type": "Identifier",
													"name": "varNode"
												},
												{
													"type": "Literal",
													"value": "params",
													"raw": "'params'"
												},
												{
													"type": "ArrayExpression",
													"elements": []
												}
											]
										}
									}
								}
							]
						},
						"alternate": null
					},
					"5": {
						"type": "IfStatement",
						"test": {
							"type": "BinaryExpression",
							"operator": "===",
							"left": {
								"type": "Identifier",
								"name": "varType"
							},
							"right": {
								"type": "Literal",
								"value": "VariableDeclarator",
								"raw": "'VariableDeclarator'"
							}
						},
						"consequent": {
							"type": "BlockStatement",
							"body": [
								{
									"type": "ExpressionStatement",
									"expression": {
										"type": "AssignmentExpression",
										"operator": "=",
										"left": {
											"type": "Identifier",
											"name": "params"
										},
										"right": {
											"type": "CallExpression",
											"callee": {
												"type": "MemberExpression",
												"computed": false,
												"object": {
													"type": "Identifier",
													"name": "_"
												},
												"property": {
													"type": "Identifier",
													"name": "get"
												}
											},
											"arguments": [
												{
													"type": "Identifier",
													"name": "varNode"
												},
												{
													"type": "Literal",
													"value": "init.params",
													"raw": "'init.params'"
												},
												{
													"type": "ArrayExpression",
													"elements": []
												}
											]
										}
									}
								}
							]
						},
						"alternate": null
					},
					"6": {
						"type": "VariableDeclaration",
						"declarations": [
							{
								"type": "VariableDeclarator",
								"id": {
									"type": "Identifier",
									"name": "deps"
								},
								"init": {
									"type": "CallExpression",
									"callee": {
										"type": "Identifier",
										"name": "extractDeps"
									},
									"arguments": [
										{
											"type": "Identifier",
											"name": "params"
										}
									]
								}
							}
						],
						"kind": "var"
					},
					"7": {
						"type": "ReturnStatement",
						"argument": {
							"type": "Identifier",
							"name": "deps"
						}
					}
				}
			}
		},
		"18": {
			"type": "FunctionDeclaration",
			"id": {
				"type": "Identifier",
				"name": "extractObjectPropertyDeps"
			},
			"params": [
				{
					"type": "Identifier",
					"name": "object"
				},
				{
					"type": "Identifier",
					"name": "propName"
				},
				{
					"type": "Identifier",
					"name": "scope"
				}
			],
			"body": {
				"type": "BlockStatement",
				"body": [
					{
						"type": "VariableDeclaration",
						"declarations": [
							{
								"type": "VariableDeclarator",
								"id": {
									"type": "Identifier",
									"name": "prop"
								},
								"init": {
									"type": "CallExpression",
									"callee": {
										"type": "MemberExpression",
										"computed": false,
										"object": {
											"type": "Identifier",
											"name": "_"
										},
										"property": {
											"type": "Identifier",
											"name": "find"
										}
									},
									"arguments": [
										{
											"type": "MemberExpression",
											"computed": false,
											"object": {
												"type": "Identifier",
												"name": "object"
											},
											"property": {
												"type": "Identifier",
												"name": "properties"
											}
										},
										{
											"type": "FunctionExpression",
											"id": null,
											"params": [
												{
													"type": "Identifier",
													"name": "property"
												}
											],
											"body": {
												"type": "BlockStatement",
												"body": [
													{
														"type": "ReturnStatement",
														"argument": {
															"type": "BinaryExpression",
															"operator": "===",
															"left": {
																"type": "CallExpression",
																"callee": {
																	"type": "MemberExpression",
																	"computed": false,
																	"object": {
																		"type": "Identifier",
																		"name": "_"
																	},
																	"property": {
																		"type": "Identifier",
																		"name": "get"
																	}
																},
																"arguments": [
																	{
																		"type": "Identifier",
																		"name": "property"
																	},
																	{
																		"type": "Literal",
																		"value": "key.name",
																		"raw": "'key.name'"
																	}
																]
															},
															"right": {
																"type": "Identifier",
																"name": "propName"
															}
														}
													}
												]
											},
											"generator": false,
											"expression": false,
											"async": false
										}
									]
								}
							}
						],
						"kind": "var"
					},
					{
						"type": "IfStatement",
						"test": {
							"type": "UnaryExpression",
							"operator": "!",
							"argument": {
								"type": "Identifier",
								"name": "prop"
							},
							"prefix": true
						},
						"consequent": {
							"type": "BlockStatement",
							"body": [
								{
									"type": "ReturnStatement",
									"argument": {
										"type": "ArrayExpression",
										"elements": []
									}
								}
							]
						},
						"alternate": null
					},
					{
						"type": "VariableDeclaration",
						"declarations": [
							{
								"type": "VariableDeclarator",
								"id": {
									"type": "Identifier",
									"name": "value"
								},
								"init": {
									"type": "CallExpression",
									"callee": {
										"type": "MemberExpression",
										"computed": false,
										"object": {
											"type": "Identifier",
											"name": "_"
										},
										"property": {
											"type": "Identifier",
											"name": "get"
										}
									},
									"arguments": [
										{
											"type": "Identifier",
											"name": "prop"
										},
										{
											"type": "Literal",
											"value": "value",
											"raw": "'value'"
										},
										{
											"type": "ObjectExpression",
											"properties": []
										}
									]
								}
							}
						],
						"kind": "var"
					},
					{
						"type": "VariableDeclaration",
						"declarations": [
							{
								"type": "VariableDeclarator",
								"id": {
									"type": "Identifier",
									"name": "deps"
								},
								"init": {
									"type": "ArrayExpression",
									"elements": []
								}
							}
						],
						"kind": "var"
					},
					{
						"type": "IfStatement",
						"test": {
							"type": "BinaryExpression",
							"operator": "===",
							"left": {
								"type": "MemberExpression",
								"computed": false,
								"object": {
									"type": "Identifier",
									"name": "value"
								},
								"property": {
									"type": "Identifier",
									"name": "type"
								}
							},
							"right": {
								"type": "Literal",
								"value": "FunctionExpression",
								"raw": "'FunctionExpression'"
							}
						},
						"consequent": {
							"type": "BlockStatement",
							"body": [
								{
									"type": "ExpressionStatement",
									"expression": {
										"type": "AssignmentExpression",
										"operator": "=",
										"left": {
											"type": "Identifier",
											"name": "deps"
										},
										"right": {
											"type": "CallExpression",
											"callee": {
												"type": "Identifier",
												"name": "extractDeps"
											},
											"arguments": [
												{
													"type": "MemberExpression",
													"computed": false,
													"object": {
														"type": "Identifier",
														"name": "value"
													},
													"property": {
														"type": "Identifier",
														"name": "params"
													}
												}
											]
										}
									}
								}
							]
						},
						"alternate": null
					},
					{
						"type": "IfStatement",
						"test": {
							"type": "BinaryExpression",
							"operator": "===",
							"left": {
								"type": "MemberExpression",
								"computed": false,
								"object": {
									"type": "Identifier",
									"name": "value"
								},
								"property": {
									"type": "Identifier",
									"name": "type"
								}
							},
							"right": {
								"type": "Literal",
								"value": "Identifier",
								"raw": "'Identifier'"
							}
						},
						"consequent": {
							"type": "BlockStatement",
							"body": [
								{
									"type": "ExpressionStatement",
									"expression": {
										"type": "AssignmentExpression",
										"operator": "=",
										"left": {
											"type": "Identifier",
											"name": "deps"
										},
										"right": {
											"type": "CallExpression",
											"callee": {
												"type": "Identifier",
												"name": "extractVariableDeps"
											},
											"arguments": [
												{
													"type": "MemberExpression",
													"computed": false,
													"object": {
														"type": "Identifier",
														"name": "value"
													},
													"property": {
														"type": "Identifier",
														"name": "name"
													}
												},
												{
													"type": "Identifier",
													"name": "scope"
												}
											]
										}
									}
								}
							]
						},
						"alternate": null
					},
					{
						"type": "ReturnStatement",
						"argument": {
							"type": "Identifier",
							"name": "deps"
						}
					}
				]
			},
			"generator": false,
			"expression": false,
			"async": false
		},
		"19": {
			"type": "FunctionDeclaration",
			"id": {
				"type": "Identifier",
				"name": "findScope"
			},
			"params": [
				{
					"type": "Identifier",
					"name": "ast"
				}
			],
			"body": {
				"type": "BlockStatement",
				"body": [
					{
						"type": "VariableDeclaration",
						"declarations": [
							{
								"type": "VariableDeclarator",
								"id": {
									"type": "Identifier",
									"name": "scopeManager"
								},
								"init": {
									"type": "CallExpression",
									"callee": {
										"type": "MemberExpression",
										"computed": false,
										"object": {
											"type": "Identifier",
											"name": "escope"
										},
										"property": {
											"type": "Identifier",
											"name": "analyze"
										}
									},
									"arguments": [
										{
											"type": "Identifier",
											"name": "ast"
										}
									]
								}
							}
						],
						"kind": "var"
					},
					{
						"type": "VariableDeclaration",
						"declarations": [
							{
								"type": "VariableDeclarator",
								"id": {
									"type": "Identifier",
									"name": "scope"
								},
								"init": {
									"type": "CallExpression",
									"callee": {
										"type": "MemberExpression",
										"computed": false,
										"object": {
											"type": "Identifier",
											"name": "scopeManager"
										},
										"property": {
											"type": "Identifier",
											"name": "acquire"
										}
									},
									"arguments": [
										{
											"type": "Identifier",
											"name": "ast"
										}
									]
								}
							}
						],
						"kind": "var"
					},
					{
						"type": "ReturnStatement",
						"argument": {
							"type": "Identifier",
							"name": "scope"
						}
					}
				]
			},
			"generator": false,
			"expression": false,
			"async": false
		}
	}
}