{
	"body": {
		"3": {
			"declarations": {
				"0": {
					"init": {
						"type": "CallExpression",
						"callee": {
							"type": "Identifier",
							"name": "require"
						},
						"arguments": [
							{
								"type": "Literal",
								"value": "escope",
								"raw": "'escope'"
							}
						]
					}
				}
			}
		},
		"4": {
			"declarations": {
				"0": {
					"init": {
						"type": "CallExpression",
						"callee": {
							"type": "Identifier",
							"name": "require"
						},
						"arguments": [
							{
								"type": "Literal",
								"value": "lodash",
								"raw": "'lodash'"
							}
						]
					}
				}
			}
		},
		"8": {
			"body": {
				"body": {
					"7": {
						"expression": {
							"arguments": {
								"1": {
									"body": {
										"body": {
											"8": {
												"declarations": {
													"0": {
														"init": {
															"properties": {
																"3": {
																	"type": "Property",
																	"key": {
																		"type": "Identifier",
																		"name": "deps"
																	},
																	"computed": false,
																	"value": {
																		"type": "Identifier",
																		"name": "deps"
																	},
																	"kind": "init",
																	"method": false,
																	"shorthand": false
																}
															}
														}
													}
												}
											},
											"9": {
												"type": "ExpressionStatement",
												"expression": {
													"type": "CallExpression",
													"callee": {
														"type": "MemberExpression",
														"computed": false,
														"object": {
															"type": "Identifier",
															"name": "units"
														},
														"property": {
															"type": "Identifier",
															"name": "unshift"
														}
													},
													"arguments": [
														{
															"type": "Identifier",
															"name": "unit"
														}
													]
												}
											}
										}
									}
								}
							}
						}
					}
				}
			}
		},
		"9": {
			"body": {
				"body": {
					"1": {
						"declarations": {
							"0": {
								"init": {
									"arguments": {
										"2": {
											"type": "ObjectExpression",
											"properties": []
										}
									}
								}
							}
						}
					}
				}
			}
		},
		"11": {
			"body": {
				"body": {
					"2": {
						"alternate": {
							"consequent": {
								"body": {
									"0": {
										"alternate": {
											"consequent": {
												"body": {
													"2": {
														"type": "IfStatement",
														"test": {
															"type": "Identifier",
															"name": "varNode"
														},
														"consequent": {
															"type": "BlockStatement",
															"body": [
																{
																	"type": "ExpressionStatement",
																	"expression": {
																		"type": "AssignmentExpression",
																		"operator": "=",
																		"left": {
																			"type": "MemberExpression",
																			"computed": false,
																			"object": {
																				"type": "Identifier",
																				"name": "module"
																			},
																			"property": {
																				"type": "Identifier",
																				"name": "name"
																			}
																		},
																		"right": {
																			"type": "CallExpression",
																			"callee": {
																				"type": "MemberExpression",
																				"computed": false,
																				"object": {
																					"type": "Identifier",
																					"name": "_"
																				},
																				"property": {
																					"type": "Identifier",
																					"name": "get"
																				}
																			},
																			"arguments": [
																				{
																					"type": "Identifier",
																					"name": "varNode"
																				},
																				{
																					"type": "Literal",
																					"value": "init.arguments[0].value",
																					"raw": "'init.arguments[0].value'"
																				}
																			]
																		}
																	}
																}
															]
														},
														"alternate": null
													}
												}
											}
										}
									}
								}
							}
						}
					}
				}
			}
		},
		"12": {
			"body": {
				"body": {
					"0": {
						"declarations": {
							"0": {
								"init": {
									"type": "ArrayExpression",
									"elements": [
										{
											"type": "Literal",
											"value": "filter",
											"raw": "'filter'"
										},
										{
											"type": "Literal",
											"value": "value",
											"raw": "'value'"
										},
										{
											"type": "Literal",
											"value": "constant",
											"raw": "'constant'"
										}
									]
								}
							}
						}
					},
					"4": {
						"test": {
							"left": {
								"type": "Identifier"
							},
							"right": {
								"value": "component",
								"raw": "'component'"
							}
						},
						"consequent": {
							"body": {
								"0": {
									"type": "ReturnStatement",
									"argument": {
										"type": "CallExpression",
										"callee": {
											"type": "Identifier",
											"name": "findComponentDeps"
										},
										"arguments": [
											{
												"type": "Identifier",
												"name": "depsArg"
											},
											{
												"type": "Identifier",
												"name": "scope"
											}
										]
									}
								}
							}
						}
					},
					"5": {
						"test": {
							"right": {
								"value": "ArrayExpression",
								"raw": "'ArrayExpression'"
							}
						},
						"consequent": {
							"body": {
								"0": {
									"type": "VariableDeclaration",
									"declarations": [
										{
											"type": "VariableDeclarator",
											"id": {
												"type": "Identifier",
												"name": "lastDepsArg"
											},
											"init": {
												"type": "LogicalExpression",
												"operator": "||",
												"left": {
													"type": "CallExpression",
													"callee": {
														"type": "MemberExpression",
														"computed": false,
														"object": {
															"type": "Identifier",
															"name": "_"
														},
														"property": {
															"type": "Identifier",
															"name": "last"
														}
													},
													"arguments": [
														{
															"type": "MemberExpression",
															"computed": false,
															"object": {
																"type": "Identifier",
																"name": "depsArg"
															},
															"property": {
																"type": "Identifier",
																"name": "elements"
															}
														}
													]
												},
												"right": {
													"type": "ObjectExpression",
													"properties": []
												}
											}
										}
									]
								},
								"1": {
									"type": "IfStatement",
									"test": {
										"type": "BinaryExpression",
										"operator": "===",
										"left": {
											"type": "MemberExpression",
											"computed": false,
											"object": {
												"type": "Identifier",
												"name": "lastDepsArg"
											},
											"property": {
												"type": "Identifier",
												"name": "type"
											}
										},
										"right": {
											"type": "Literal",
											"value": "FunctionExpression",
											"raw": "'FunctionExpression'"
										}
									},
									"consequent": {
										"type": "BlockStatement",
										"body": [
											{
												"type": "ReturnStatement",
												"argument": {
													"type": "CallExpression",
													"callee": {
														"type": "Identifier",
														"name": "extractDeps"
													},
													"arguments": [
														{
															"type": "MemberExpression",
															"computed": false,
															"object": {
																"type": "Identifier",
																"name": "lastDepsArg"
															},
															"property": {
																"type": "Identifier",
																"name": "params"
															}
														}
													]
												}
											}
										]
									},
									"alternate": null
								}
							}
						}
					},
					"6": {
						"test": {
							"right": {
								"value": "Identifier",
								"raw": "'Identifier'"
							}
						},
						"consequent": {
							"body": {
								"0": {
									"type": "ReturnStatement",
									"argument": {
										"type": "CallExpression",
										"callee": {
											"type": "Identifier",
											"name": "extractVariableDeps"
										},
										"arguments": [
											{
												"type": "MemberExpression",
												"computed": false,
												"object": {
													"type": "Identifier",
													"name": "depsArg"
												},
												"property": {
													"type": "Identifier",
													"name": "name"
												}
											},
											{
												"type": "Identifier",
												"name": "scope"
											}
										]
									}
								}
							}
						}
					},
					"7": {
						"type": "IfStatement",
						"test": {
							"type": "BinaryExpression",
							"operator": "===",
							"left": {
								"type": "MemberExpression",
								"computed": false,
								"object": {
									"type": "Identifier",
									"name": "depsArg"
								},
								"property": {
									"type": "Identifier",
									"name": "type"
								}
							},
							"right": {
								"type": "Literal",
								"value": "FunctionExpression",
								"raw": "'FunctionExpression'"
							}
						},
						"consequent": {
							"type": "BlockStatement",
							"body": [
								{
									"type": "IfStatement",
									"test": {
										"type": "BinaryExpression",
										"operator": "!==",
										"left": {
											"type": "Identifier",
											"name": "type"
										},
										"right": {
											"type": "Literal",
											"value": "provider",
											"raw": "'provider'"
										}
									},
									"consequent": {
										"type": "BlockStatement",
										"body": [
											{
												"type": "ReturnStatement",
												"argument": {
													"type": "CallExpression",
													"callee": {
														"type": "Identifier",
														"name": "extractDeps"
													},
													"arguments": [
														{
															"type": "MemberExpression",
															"computed": false,
															"object": {
																"type": "Identifier",
																"name": "depsArg"
															},
															"property": {
																"type": "Identifier",
																"name": "params"
															}
														}
													]
												}
											}
										]
									},
									"alternate": null
								},
								{
									"type": "ReturnStatement",
									"argument": {
										"type": "CallExpression",
										"callee": {
											"type": "Identifier",
											"name": "findProviderDeps"
										},
										"arguments": [
											{
												"type": "Identifier",
												"name": "depsArg"
											}
										]
									}
								}
							]
						}
					},
					"8": {
						"type": "ReturnStatement",
						"argument": {
							"type": "Identifier",
							"name": "deps"
						}
					}
				}
			}
		},
		"13": {
			"body": {
				"body": {
					"0": {
						"consequent": {
							"body": {
								"0": {
									"type": "ExpressionStatement",
									"expression": {
										"type": "AssignmentExpression",
										"operator": "=",
										"left": {
											"type": "Identifier",
											"name": "object"
										},
										"right": {
											"type": "CallExpression",
											"callee": {
												"type": "MemberExpression",
												"computed": false,
												"object": {
													"type": "Identifier",
													"name": "_"
												},
												"property": {
													"type": "Identifier",
													"name": "get"
												}
											},
											"arguments": [
												{
													"type": "CallExpression",
													"callee": {
														"type": "Identifier",
														"name": "findVariable"
													},
													"arguments": [
														{
															"type": "MemberExpression",
															"computed": false,
															"object": {
																"type": "Identifier",
																"name": "object"
															},
															"property": {
																"type": "Identifier",
																"name": "name"
															}
														},
														{
															"type": "Identifier",
															"name": "scope"
														}
													]
												},
												{
													"type": "Literal",
													"value": "init",
													"raw": "'init'"
												},
												{
													"type": "ObjectExpression",
													"properties": []
												}
											]
										}
									}
								}
							}
						}
					},
					"1": {
						"consequent": {
							"body": {
								"0": {
									"type": "ReturnStatement",
									"argument": {
										"type": "ArrayExpression",
										"elements": []
									}
								}
							}
						}
					},
					"2": {
						"argument": {
							"arguments": {
								"2": {
									"type": "Identifier",
									"name": "scope"
								}
							}
						}
					}
				}
			}
		},
		"14": {
			"body": {
				"body": {
					"5": {
						"expression": {
							"arguments": {
								"1": {
									"body": {
										"body": {
											"4": {
												"consequent": {
													"body": {
														"0": {
															"consequent": {
																"body": {
																	"1": {
																		"argument": {
																			"type": "Literal",
																			"value": true,
																			"raw": "true"
																		}
																	}
																}
															}
														}
													}
												}
											},
											"6": {
												"consequent": {
													"body": {
														"0": {
															"consequent": {
																"body": {
																	"0": {
																		"expression": {
																			"right": {
																				"arguments": {
																					"2": {
																						"type": "Identifier",
																						"name": "depsFnScope"
																					}
																				}
																			}
																		}
																	}
																}
															}
														}
													}
												}
											}
										}
									}
								}
							}
						}
					}
				}
			}
		}
	}
}