{
	"body": {
		"6": {
			"declarations": {
				"0": {
					"init": {
						"arguments": {
							"0": {
								"type": "Literal",
								"value": "./error/UserError",
								"raw": "'./error/UserError'"
							}
						}
					}
				}
			}
		},
		"11": {
			"body": {
				"body": {
					"2": {
						"consequent": {
							"body": {
								"0": {
									"argument": {
										"type": "CallExpression",
										"callee": {
											"type": "Identifier",
											"name": "findModule"
										},
										"arguments": [
											{
												"type": "Identifier",
												"name": "calleeObj"
											},
											{
												"type": "Identifier",
												"name": "scope"
											}
										]
									}
								}
							}
						},
						"alternate": {
							"consequent": {
								"body": {
									"0": {
										"alternate": {
											"consequent": {
												"body": {
													"1": {
														"declarations": {
															"0": {
																"init": {
																	"type": "CallExpression",
																	"callee": {
																		"type": "Identifier",
																		"name": "findVariable"
																	},
																	"arguments": [
																		{
																			"type": "Identifier",
																			"name": "varName"
																		},
																		{
																			"type": "Identifier",
																			"name": "scope"
																		}
																	]
																}
															}
														}
													}
												}
											}
										}
									}
								}
							}
						}
					}
				}
			}
		},
		"14": {
			"body": {
				"body": {
					"5": {
						"expression": {
							"arguments": {
								"1": {
									"body": {
										"body": {
											"1": {
												"declarations": {
													"0": {
														"init": {
															"arguments": {
																"2": {
																	"type": "ObjectExpression",
																	"properties": []
																}
															}
														}
													}
												}
											}
										}
									}
								}
							}
						}
					}
				}
			}
		},
		"16": {
			"body": {
				"body": {
					"4": {
						"declarations": {
							"0": {
								"init": {
									"arguments": {
										"1": {
											"type": "Literal",
											"value": "defs[0].node",
											"raw": "'defs[0].node'"
										}
									}
								}
							}
						}
					}
				}
			}
		}
	}
}