{
	"body": {
		"8": {
			"body": {
				"body": {
					"2": {
						"declarations": {
							"0": {
								"init": {
									"arguments": {
										"0": {
											"type": "Identifier",
											"name": "ast"
										}
									}
								}
							}
						}
					},
					"5": {
						"expression": {
							"arguments": {
								"1": {
									"properties": {
										"0": {
											"value": {
												"body": {
													"body": {
														"0": {
															"consequent": {
																"body": {
																	"0": {
																		"declarations": {
																			"0": {
																				"init": {
																					"arguments": {
																						"2": {
																							"type": "ObjectExpression",
																							"properties": []
																						}
																					}
																				}
																			}
																		}
																	}
																}
															}
														}
													}
												}
											}
										}
									}
								}
							}
						}
					}
				}
			}
		},
		"11": {
			"body": {
				"body": {
					"2": {
						"alternate": {
							"consequent": {
								"body": {
									"0": {
										"consequent": {
											"body": {
												"0": {
													"type": "ExpressionStatement",
													"expression": {
														"type": "AssignmentExpression",
														"operator": "=",
														"left": {
															"type": "MemberExpression",
															"computed": false,
															"object": {
																"type": "Identifier",
																"name": "module"
															},
															"property": {
																"type": "Identifier",
																"name": "name"
															}
														},
														"right": {
															"type": "CallExpression",
															"callee": {
																"type": "MemberExpression",
																"computed": false,
																"object": {
																	"type": "Identifier",
																	"name": "_"
																},
																"property": {
																	"type": "Identifier",
																	"name": "get"
																}
															},
															"arguments": [
																{
																	"type": "Identifier",
																	"name": "callExpression"
																},
																{
																	"type": "Literal",
																	"value": "arguments[0].value",
																	"raw": "'arguments[0].value'"
																}
															]
														}
													}
												}
											}
										}
									}
								}
							}
						}
					}
				}
			}
		}
	}
}