{
	"body": {
		"12": {
			"body": {
				"body": {
					"7": {
						"consequent": {
							"body": {
								"1": {
									"argument": {
										"arguments": {
											"0": {
												"type": "Identifier",
												"name": "depsArg"
											}
										}
									}
								}
							}
						}
					}
				}
			}
		},
		"17": {
			"body": {
				"body": {
					"2": {
						"declarations": {
							"0": {
								"id": {
									"name": "params"
								},
								"init": {
									"type": "ArrayExpression"
								}
							}
						}
					},
					"3": {
						"type": "VariableDeclaration",
						"declarations": [
							{
								"type": "VariableDeclarator",
								"id": {
									"type": "Identifier",
									"name": "varType"
								},
								"init": {
									"type": "CallExpression",
									"callee": {
										"type": "MemberExpression",
										"computed": false,
										"object": {
											"type": "Identifier",
											"name": "_"
										},
										"property": {
											"type": "Identifier",
											"name": "get"
										}
									},
									"arguments": [
										{
											"type": "Identifier",
											"name": "varNode"
										},
										{
											"type": "Literal",
											"value": "type",
											"raw": "'type'"
										}
									]
								}
							}
						]
					},
					"4": {
						"test": {
							"right": {
								"value": "FunctionDeclaration",
								"raw": "'FunctionDeclaration'"
							}
						},
						"consequent": {
							"body": {
								"0": {
									"expression": {
										"right": {
											"arguments": {
												"1": {
													"value": "params",
													"raw": "'params'"
												}
											}
										}
									}
								}
							}
						}
					},
					"5": {
						"type": "IfStatement",
						"test": {
							"type": "BinaryExpression",
							"operator": "===",
							"left": {
								"type": "Identifier",
								"name": "varType"
							},
							"right": {
								"type": "Literal",
								"value": "VariableDeclarator",
								"raw": "'VariableDeclarator'"
							}
						},
						"consequent": {
							"type": "BlockStatement",
							"body": [
								{
									"type": "ExpressionStatement",
									"expression": {
										"type": "AssignmentExpression",
										"operator": "=",
										"left": {
											"type": "Identifier",
											"name": "params"
										},
										"right": {
											"type": "CallExpression",
											"callee": {
												"type": "MemberExpression",
												"computed": false,
												"object": {
													"type": "Identifier",
													"name": "_"
												},
												"property": {
													"type": "Identifier",
													"name": "get"
												}
											},
											"arguments": [
												{
													"type": "Identifier",
													"name": "varNode"
												},
												{
													"type": "Literal",
													"value": "init.params",
													"raw": "'init.params'"
												},
												{
													"type": "ArrayExpression",
													"elements": []
												}
											]
										}
									}
								}
							]
						}
					},
					"6": {
						"type": "VariableDeclaration",
						"declarations": [
							{
								"type": "VariableDeclarator",
								"id": {
									"type": "Identifier",
									"name": "deps"
								},
								"init": {
									"type": "CallExpression",
									"callee": {
										"type": "Identifier",
										"name": "extractDeps"
									},
									"arguments": [
										{
											"type": "Identifier",
											"name": "params"
										}
									]
								}
							}
						]
					},
					"7": {
						"type": "ReturnStatement",
						"argument": {
							"type": "Identifier",
							"name": "deps"
						}
					}
				}
			}
		},
		"18": {
			"body": {
				"body": {
					"5": {
						"consequent": {
							"body": {
								"0": {
									"type": "ExpressionStatement",
									"expression": {
										"type": "AssignmentExpression",
										"operator": "=",
										"left": {
											"type": "Identifier",
											"name": "deps"
										},
										"right": {
											"type": "CallExpression",
											"callee": {
												"type": "Identifier",
												"name": "extractVariableDeps"
											},
											"arguments": [
												{
													"type": "MemberExpression",
													"computed": false,
													"object": {
														"type": "Identifier",
														"name": "value"
													},
													"property": {
														"type": "Identifier",
														"name": "name"
													}
												},
												{
													"type": "Identifier",
													"name": "scope"
												}
											]
										}
									}
								}
							}
						}
					}
				}
			}
		},
		"19": {
			"body": {
				"body": {
					"1": {
						"declarations": {
							"0": {
								"init": {
									"type": "CallExpression",
									"callee": {
										"type": "MemberExpression",
										"computed": false,
										"object": {
											"type": "Identifier",
											"name": "scopeManager"
										},
										"property": {
											"type": "Identifier",
											"name": "acquire"
										}
									},
									"arguments": [
										{
											"type": "Identifier",
											"name": "ast"
										}
									]
								}
							}
						}
					}
				}
			}
		}
	}
}