{
	"body": {
		"4": {
			"declarations": {
				"0": {
					"init": {
						"arguments": {
							"0": {
								"type": "Literal",
								"value": "lodash",
								"raw": "'lodash'"
							}
						}
					}
				}
			}
		},
		"8": {
			"body": {
				"body": {
					"5": {
						"expression": {
							"arguments": {
								"1": {
									"properties": {
										"0": {
											"value": {
												"body": {
													"body": {
														"1": {
															"consequent": {
																"body": {
																	"0": {
																		"expression": {
																			"right": {
																				"arguments": {
																					"0": {
																						"type": "Identifier",
																						"name": "node"
																					}
																				}
																			}
																		}
																	}
																}
															}
														}
													}
												}
											}
										}
									}
								}
							}
						}
					},
					"7": {
						"expression": {
							"arguments": {
								"1": {
									"body": {
										"body": {
											"7": {
												"test": {
													"arguments": {
														"1": {
															"type": "ObjectExpression",
															"properties": [
																{
																	"type": "Property",
																	"key": {
																		"type": "Identifier",
																		"name": "name"
																	},
																	"computed": false,
																	"value": {
																		"type": "Identifier",
																		"name": "name"
																	},
																	"kind": "init",
																	"method": false,
																	"shorthand": false
																}
															]
														}
													}
												}
											}
										}
									}
								}
							}
						}
					}
				}
			}
		},
		"18": {
			"body": {
				"body": {
					"5": {
						"consequent": {
							"body": {
								"0": {
									"expression": {
										"right": {
											"arguments": {
												"1": {
													"type": "Identifier",
													"name": "scope"
												}
											}
										}
									}
								}
							}
						}
					}
				}
			}
		}
	}
}