{
	"body": {
		"1": {
			"declarations": {
				"0": {
					"init": {
						"type": "CallExpression",
						"callee": {
							"type": "Identifier",
							"name": "require"
						},
						"arguments": [
							{
								"type": "Literal",
								"value": "esprima",
								"raw": "'esprima'"
							}
						]
					}
				}
			}
		},
		"8": {
			"body": {
				"body": {
					"5": {
						"expression": {
							"arguments": {
								"1": {
									"properties": {
										"0": {
											"value": {
												"body": {
													"body": {
														"0": {
															"consequent": {
																"body": {
																	"0": {
																		"declarations": {
																			"0": {
																				"init": {
																					"arguments": {
																						"2": {
																							"type": "ObjectExpression",
																							"properties": []
																						}
																					}
																				}
																			}
																		}
																	}
																}
															}
														}
													}
												}
											}
										}
									}
								}
							}
						}
					},
					"7": {
						"expression": {
							"arguments": {
								"1": {
									"body": {
										"body": {
											"4": {
												"declarations": {
													"0": {
														"init": {
															"arguments": {
																"1": {
																	"type": "MemberExpression",
																	"computed": false,
																	"object": {
																		"type": "Identifier",
																		"name": "call"
																	},
																	"property": {
																		"type": "Identifier",
																		"name": "scope"
																	}
																}
															}
														}
													}
												}
											},
											"8": {
												"declarations": {
													"0": {
														"init": {
															"properties": {
																"1": {
																	"key": {
																		"name": "type"
																	},
																	"value": {
																		"name": "type"
																	}
																},
																"2": {
																	"key": {
																		"name": "module"
																	},
																	"value": {
																		"name": "module"
																	}
																},
																"3": {
																	"type": "Property",
																	"key": {
																		"type": "Identifier",
																		"name": "deps"
																	},
																	"computed": false,
																	"value": {
																		"type": "Identifier",
																		"name": "deps"
																	},
																	"kind": "init",
																	"method": false,
																	"shorthand": false
																}
															}
														}
													}
												}
											}
										}
									}
								}
							}
						}
					}
				}
			}
		},
		"9": {
			"body": {
				"body": {
					"3": {
						"type": "ReturnStatement",
						"argument": {
							"type": "Identifier",
							"name": "name"
						}
					}
				}
			}
		},
		"11": {
			"params": {
				"1": {
					"type": "Identifier",
					"name": "scope"
				}
			},
			"body": {
				"body": {
					"1": {
						"declarations": {
							"1": {
								"type": "VariableDeclarator",
								"id": {
									"type": "Identifier",
									"name": "calleeProp"
								},
								"init": {
									"type": "CallExpression",
									"callee": {
										"type": "MemberExpression",
										"computed": false,
										"object": {
											"type": "Identifier",
											"name": "_"
										},
										"property": {
											"type": "Identifier",
											"name": "get"
										}
									},
									"arguments": [
										{
											"type": "Identifier",
											"name": "callExpression"
										},
										{
											"type": "Literal",
											"value": "callee.property",
											"raw": "'callee.property'"
										},
										{
											"type": "ObjectExpression",
											"properties": []
										}
									]
								}
							}
						}
					}
				}
			}
		},
		"16": {
			"body": {
				"body": {
					"3": {
						"consequent": {
							"body": {
								"0": {
									"type": "ReturnStatement",
									"argument": {
										"type": "Identifier",
										"name": "variable"
									}
								}
							}
						}
					}
				}
			}
		},
		"17": {
			"body": {
				"body": {
					"0": {
						"declarations": {
							"0": {
								"init": {
									"type": "CallExpression",
									"callee": {
										"type": "Identifier",
										"name": "findVariable"
									},
									"arguments": [
										{
											"type": "Identifier",
											"name": "varName"
										},
										{
											"type": "Identifier",
											"name": "scope"
										}
									]
								}
							}
						}
					},
					"5": {
						"consequent": {
							"body": {
								"0": {
									"expression": {
										"right": {
											"arguments": {
												"2": {
													"type": "ArrayExpression",
													"elements": []
												}
											}
										}
									}
								}
							}
						}
					}
				}
			}
		}
	}
}