{
	"body": {
		"12": {
			"body": {
				"body": {
					"6": {
						"consequent": {
							"body": {
								"0": {
									"argument": {
										"arguments": {
											"1": {
												"type": "Identifier",
												"name": "scope"
											}
										}
									}
								}
							}
						}
					}
				}
			}
		},
		"13": {
			"params": {
				"1": {
					"type": "Identifier",
					"name": "scope"
				}
			}
		},
		"14": {
			"body": {
				"body": {
					"5": {
						"expression": {
							"arguments": {
								"1": {
									"body": {
										"body": {
											"6": {
												"consequent": {
													"body": {
														"1": {
															"consequent": {
																"body": {
																	"1": {
																		"consequent": {
																			"body": {
																				"1": {
																					"type": "ReturnStatement",
																					"argument": {
																						"type": "Literal",
																						"value": true,
																						"raw": "true"
																					}
																				}
																			}
																		}
																	}
																}
															}
														}
													}
												}
											}
										}
									}
								}
							}
						}
					}
				}
			}
		},
		"15": {
			"body": {
				"body": {
					"2": {
						"expression": {
							"arguments": {
								"1": {
									"body": {
										"body": {
											"0": {
												"consequent": {
													"body": {
														"1": {
															"type": "ExpressionStatement",
															"expression": {
																"type": "CallExpression",
																"callee": {
																	"type": "MemberExpression",
																	"computed": false,
																	"object": {
																		"type": "Identifier",
																		"name": "deps"
																	},
																	"property": {
																		"type": "Identifier",
																		"name": "push"
																	}
																},
																"arguments": [
																	{
																		"type": "Identifier",
																		"name": "dep"
																	}
																]
															}
														}
													}
												}
											}
										}
									}
								}
							}
						}
					}
				}
			}
		},
		"17": {
			"body": {
				"body": {
					"5": {
						"consequent": {
							"body": {
								"0": {
									"expression": {
										"right": {
											"arguments": {
												"2": {
													"type": "ArrayExpression",
													"elements": []
												}
											}
										}
									}
								}
							}
						}
					}
				}
			}
		}
	}
}