{
	"body": {
		"8": {
			"body": {
				"body": {
					"7": {
						"expression": {
							"arguments": {
								"1": {
									"body": {
										"body": {
											"3": {
												"consequent": {
													"body": {
														"0": {
															"type": "ReturnStatement",
															"argument": null
														}
													}
												}
											}
										}
									}
								}
							}
						}
					}
				}
			}
		},
		"18": {
			"body": {
				"body": {
					"0": {
						"declarations": {
							"0": {
								"init": {
									"arguments": {
										"1": {
											"type": "FunctionExpression",
											"id": null,
											"params": [
												{
													"type": "Identifier",
													"name": "property"
												}
											],
											"body": {
												"type": "BlockStatement",
												"body": [
													{
														"type": "ReturnStatement",
														"argument": {
															"type": "BinaryExpression",
															"operator": "===",
															"left": {
																"type": "CallExpression",
																"callee": {
																	"type": "MemberExpression",
																	"computed": false,
																	"object": {
																		"type": "Identifier",
																		"name": "_"
																	},
																	"property": {
																		"type": "Identifier",
																		"name": "get"
																	}
																},
																"arguments": [
																	{
																		"type": "Identifier",
																		"name": "property"
																	},
																	{
																		"type": "Literal",
																		"value": "key.name",
																		"raw": "'key.name'"
																	}
																]
															},
															"right": {
																"type": "Identifier",
																"name": "propName"
															}
														}
													}
												]
											},
											"generator": false,
											"expression": false,
											"async": false
										}
									}
								}
							}
						}
					}
				}
			}
		}
	}
}