{
	"body": {
		"18": {
			"body": {
				"body": {
					"5": {
						"consequent": {
							"body": {
								"0": {
									"type": "ExpressionStatement",
									"expression": {
										"type": "AssignmentExpression",
										"operator": "=",
										"left": {
											"type": "Identifier",
											"name": "deps"
										},
										"right": {
											"type": "CallExpression",
											"callee": {
												"type": "Identifier",
												"name": "extractVariableDeps"
											},
											"arguments": [
												{
													"type": "MemberExpression",
													"computed": false,
													"object": {
														"type": "Identifier",
														"name": "value"
													},
													"property": {
														"type": "Identifier",
														"name": "name"
													}
												},
												{
													"type": "Identifier",
													"name": "scope"
												}
											]
										}
									}
								}
							}
						}
					}
				}
			}
		}
	}
}