{
	"body": {
		"8": {
			"body": {
				"body": {
					"5": {
						"expression": {
							"arguments": {
								"1": {
									"properties": {
										"0": {
											"value": {
												"body": {
													"body": {
														"0": {
															"consequent": {
																"body": {
																	"1": {
																		"consequent": {
																			"body": {
																				"0": {
																					"type": "ExpressionStatement",
																					"expression": {
																						"type": "CallExpression",
																						"callee": {
																							"type": "MemberExpression",
																							"computed": false,
																							"object": {
																								"type": "Identifier",
																								"name": "calls"
																							},
																							"property": {
																								"type": "Identifier",
																								"name": "push"
																							}
																						},
																						"arguments": [
																							{
																								"type": "ObjectExpression",
																								"properties": [
																									{
																										"type": "Property",
																										"key": {
																											"type": "Identifier",
																											"name": "node"
																										},
																										"computed": false,
																										"value": {
																											"type": "Identifier",
																											"name": "node"
																										},
																										"kind": "init",
																										"method": false,
																										"shorthand": false
																									},
																									{
																										"type": "Property",
																										"key": {
																											"type": "Identifier",
																											"name": "scope"
																										},
																										"computed": false,
																										"value": {
																											"type": "Identifier",
																											"name": "currentScope"
																										},
																										"kind": "init",
																										"method": false,
																										"shorthand": false
																									}
																								]
																							}
																						]
																					}
																				}
																			}
																		}
																	}
																}
															}
														}
													}
												}
											}
										}
									}
								}
							}
						}
					}
				}
			}
		},
		"12": {
			"body": {
				"body": {
					"1": {
						"consequent": {
							"body": {
								"0": {
									"argument": {
										"type": "ArrayExpression",
										"elements": []
									}
								}
							}
						}
					}
				}
			}
		},
		"17": {
			"body": {
				"body": {
					"1": {
						"consequent": {
							"body": {
								"0": {
									"argument": {
										"type": "ArrayExpression",
										"elements": []
									}
								}
							}
						}
					}
				}
			}
		},
		"18": {
			"body": {
				"body": {
					"2": {
						"declarations": {
							"0": {
								"init": {
									"arguments": {
										"1": {
											"type": "Literal"
										},
										"2": {
											"type": "ObjectExpression",
											"properties": []
										}
									}
								}
							}
						}
					},
					"6": {
						"type": "ReturnStatement",
						"argument": {
							"type": "Identifier",
							"name": "deps"
						}
					}
				}
			}
		}
	}
}