{
	"body": {
		"8": {
			"body": {
				"body": {
					"1": {
						"block": {
							"body": {
								"0": {
									"expression": {
										"right": {
											"arguments": {
												"0": {
													"type": "Identifier",
													"name": "source"
												}
											}
										}
									}
								}
							}
						}
					}
				}
			}
		},
		"11": {
			"body": {
				"body": {
					"2": {
						"alternate": {
							"consequent": {
								"body": {
									"0": {
										"alternate": {
											"consequent": {
												"body": {
													"1": {
														"declarations": {
															"0": {
																"init": {
																	"arguments": {
																		"1": {
																			"type": "Identifier",
																			"name": "scope"
																		}
																	}
																}
															}
														}
													}
												}
											}
										}
									}
								}
							}
						}
					}
				}
			}
		},
		"12": {
			"body": {
				"body": {
					"5": {
						"consequent": {
							"body": {
								"0": {
									"declarations": {
										"0": {
											"init": {
												"left": {
													"arguments": {
														"0": {
															"type": "MemberExpression",
															"computed": false,
															"object": {
																"type": "Identifier",
																"name": "depsArg"
															},
															"property": {
																"type": "Identifier",
																"name": "elements"
															}
														}
													}
												}
											}
										}
									}
								}
							}
						}
					}
				}
			}
		},
		"14": {
			"body": {
				"body": {
					"5": {
						"expression": {
							"arguments": {
								"1": {
									"body": {
										"body": {
											"4": {
												"type": "IfStatement",
												"test": {
													"type": "LogicalExpression",
													"operator": "&&",
													"left": {
														"type": "BinaryExpression",
														"operator": "===",
														"left": {
															"type": "Identifier",
															"name": "type"
														},
														"right": {
															"type": "Literal",
															"value": "ExpressionStatement",
															"raw": "'ExpressionStatement'"
														}
													},
													"right": {
														"type": "BinaryExpression",
														"operator": "===",
														"left": {
															"type": "MemberExpression",
															"computed": false,
															"object": {
																"type": "Identifier",
																"name": "leftProp"
															},
															"property": {
																"type": "Identifier",
																"name": "name"
															}
														},
														"right": {
															"type": "Literal",
															"value": "$get",
															"raw": "'$get'"
														}
													}
												},
												"consequent": {
													"type": "BlockStatement",
													"body": [
														{
															"type": "IfStatement",
															"test": {
																"type": "BinaryExpression",
																"operator": "===",
																"left": {
																	"type": "MemberExpression",
																	"computed": false,
																	"object": {
																		"type": "Identifier",
																		"name": "right"
																	},
																	"property": {
																		"type": "Identifier",
																		"name": "type"
																	}
																},
																"right": {
																	"type": "Literal",
																	"value": "FunctionExpression",
																	"raw": "'FunctionExpression'"
																}
															},
															"consequent": {
																"type": "BlockStatement",
																"body": [
																	{
																		"type": "ExpressionStatement",
																		"expression": {
																			"type": "AssignmentExpression",
																			"operator": "=",
																			"left": {
																				"type": "Identifier",
																				"name": "deps"
																			},
																			"right": {
																				"type": "CallExpression",
																				"callee": {
																					"type": "Identifier",
																					"name": "extractDeps"
																				},
																				"arguments": [
																					{
																						"type": "MemberExpression",
																						"computed": false,
																						"object": {
																							"type": "Identifier",
																							"name": "right"
																						},
																						"property": {
																							"type": "Identifier",
																							"name": "params"
																						}
																					}
																				]
																			}
																		}
																	},
																	{
																		"type": "ReturnStatement",
																		"argument": {
																			"type": "Literal",
																			"value": true,
																			"raw": "true"
																		}
																	}
																]
															},
															"alternate": null
														},
														{
															"type": "IfStatement",
															"test": {
																"type": "BinaryExpression",
																"operator": "===",
																"left": {
																	"type": "MemberExpression",
																	"computed": false,
																	"object": {
																		"type": "Identifier",
																		"name": "right"
																	},
																	"property": {
																		"type": "Identifier",
																		"name": "type"
																	}
																},
																"right": {
																	"type": "Literal",
																	"value": "Identifier",
																	"raw": "'Identifier'"
																}
															},
															"consequent": {
																"type": "BlockStatement",
																"body": [
																	{
																		"type": "ExpressionStatement",
																		"expression": {
																			"type": "AssignmentExpression",
																			"operator": "=",
																			"left": {
																				"type": "Identifier",
																				"name": "deps"
																			},
																			"right": {
																				"type": "CallExpression",
																				"callee": {
																					"type": "Identifier",
																					"name": "extractVariableDeps"
																				},
																				"arguments": [
																					{
																						"type": "MemberExpression",
																						"computed": false,
																						"object": {
																							"type": "Identifier",
																							"name": "right"
																						},
																						"property": {
																							"type": "Identifier",
																							"name": "name"
																						}
																					},
																					{
																						"type": "Identifier",
																						"name": "depsFnScope"
																					}
																				]
																			}
																		}
																	},
																	{
																		"type": "ReturnStatement",
																		"argument": {
																			"type": "Literal",
																			"value": true,
																			"raw": "true"
																		}
																	}
																]
															},
															"alternate": null
														}
													]
												}
											},
											"5": {
												"type": "VariableDeclaration",
												"declarations": [
													{
														"type": "VariableDeclarator",
														"id": {
															"type": "Identifier",
															"name": "argument"
														},
														"init": {
															"type": "CallExpression",
															"callee": {
																"type": "MemberExpression",
																"computed": false,
																"object": {
																	"type": "Identifier",
																	"name": "_"
																},
																"property": {
																	"type": "Identifier",
																	"name": "get"
																}
															},
															"arguments": [
																{
																	"type": "Identifier",
																	"name": "bodyExpression"
																},
																{
																	"type": "Literal",
																	"value": "argument",
																	"raw": "'argument'"
																},
																{
																	"type": "ObjectExpression",
																	"properties": []
																}
															]
														}
													}
												]
											},
											"6": {
												"type": "IfStatement",
												"test": {
													"type": "BinaryExpression",
													"operator": "===",
													"left": {
														"type": "Identifier",
														"name": "type"
													},
													"right": {
														"type": "Literal",
														"value": "ReturnStatement",
														"raw": "'ReturnStatement'"
													}
												},
												"consequent": {
													"type": "BlockStatement",
													"body": [
														{
															"type": "IfStatement",
															"test": {
																"type": "BinaryExpression",
																"operator": "===",
																"left": {
																	"type": "MemberExpression",
																	"computed": false,
																	"object": {
																		"type": "Identifier",
																		"name": "argument"
																	},
																	"property": {
																		"type": "Identifier",
																		"name": "type"
																	}
																},
																"right": {
																	"type": "Literal",
																	"value": "ObjectExpression",
																	"raw": "'ObjectExpression'"
																}
															},
															"consequent": {
																"type": "BlockStatement",
																"body": [
																	{
																		"type": "ExpressionStatement",
																		"expression": {
																			"type": "AssignmentExpression",
																			"operator": "=",
																			"left": {
																				"type": "Identifier",
																				"name": "deps"
																			},
																			"right": {
																				"type": "CallExpression",
																				"callee": {
																					"type": "Identifier",
																					"name": "extractObjectPropertyDeps"
																				},
																				"arguments": [
																					{
																						"type": "Identifier",
																						"name": "argument"
																					},
																					{
																						"type": "Literal",
																						"value": "$get",
																						"raw": "'$get'"
																					},
																					{
																						"type": "Identifier",
																						"name": "depsFnScope"
																					}
																				]
																			}
																		}
																	},
																	{
																		"type": "ReturnStatement",
																		"argument": {
																			"type": "Literal",
																			"value": true,
																			"raw": "true"
																		}
																	}
																]
															},
															"alternate": null
														},
														{
															"type": "IfStatement",
															"test": {
																"type": "BinaryExpression",
																"operator": "===",
																"left": {
																	"type": "MemberExpression",
																	"computed": false,
																	"object": {
																		"type": "Identifier",
																		"name": "argument"
																	},
																	"property": {
																		"type": "Identifier",
																		"name": "type"
																	}
																},
																"right": {
																	"type": "Literal",
																	"value": "Identifier",
																	"raw": "'Identifier'"
																}
															},
															"consequent": {
																"type": "BlockStatement",
																"body": [
																	{
																		"type": "VariableDeclaration",
																		"declarations": [
																			{
																				"type": "VariableDeclarator",
																				"id": {
																					"type": "Identifier",
																					"name": "varNode"
																				},
																				"init": {
																					"type": "CallExpression",
																					"callee": {
																						"type": "Identifier",
																						"name": "findVariable"
																					},
																					"arguments": [
																						{
																							"type": "MemberExpression",
																							"computed": false,
																							"object": {
																								"type": "Identifier",
																								"name": "argument"
																							},
																							"property": {
																								"type": "Identifier",
																								"name": "name"
																							}
																						},
																						{
																							"type": "Identifier",
																							"name": "depsFnScope"
																						}
																					]
																				}
																			}
																		],
																		"kind": "var"
																	},
																	{
																		"type": "IfStatement",
																		"test": {
																			"type": "LogicalExpression",
																			"operator": "&&",
																			"left": {
																				"type": "Identifier",
																				"name": "varNode"
																			},
																			"right": {
																				"type": "BinaryExpression",
																				"operator": "===",
																				"left": {
																					"type": "CallExpression",
																					"callee": {
																						"type": "MemberExpression",
																						"computed": false,
																						"object": {
																							"type": "Identifier",
																							"name": "_"
																						},
																						"property": {
																							"type": "Identifier",
																							"name": "get"
																						}
																					},
																					"arguments": [
																						{
																							"type": "Identifier",
																							"name": "varNode"
																						},
																						{
																							"type": "Literal",
																							"value": "init.type",
																							"raw": "'init.type'"
																						}
																					]
																				},
																				"right": {
																					"type": "Literal",
																					"value": "ObjectExpression",
																					"raw": "'ObjectExpression'"
																				}
																			}
																		},
																		"consequent": {
																			"type": "BlockStatement",
																			"body": [
																				{
																					"type": "ExpressionStatement",
																					"expression": {
																						"type": "AssignmentExpression",
																						"operator": "=",
																						"left": {
																							"type": "Identifier",
																							"name": "deps"
																						},
																						"right": {
																							"type": "CallExpression",
																							"callee": {
																								"type": "Identifier",
																								"name": "extractObjectPropertyDeps"
																							},
																							"arguments": [
																								{
																									"type": "MemberExpression",
																									"computed": false,
																									"object": {
																										"type": "Identifier",
																										"name": "varNode"
																									},
																									"property": {
																										"type": "Identifier",
																										"name": "init"
																									}
																								},
																								{
																									"type": "Literal",
																									"value": "$get",
																									"raw": "'$get'"
																								},
																								{
																									"type": "Identifier",
																									"name": "depsFnScope"
																								}
																							]
																						}
																					}
																				},
																				{
																					"type": "ReturnStatement",
																					"argument": {
																						"type": "Literal",
																						"value": true,
																						"raw": "true"
																					}
																				}
																			]
																		},
																		"alternate": null
																	}
																]
															},
															"alternate": null
														}
													]
												},
												"alternate": null
											}
										}
									}
								}
							}
						}
					}
				}
			}
		},
		"17": {
			"body": {
				"body": {
					"1": {
						"type": "IfStatement",
						"test": {
							"type": "UnaryExpression",
							"operator": "!",
							"argument": {
								"type": "Identifier",
								"name": "varNode"
							},
							"prefix": true
						},
						"consequent": {
							"type": "BlockStatement",
							"body": [
								{
									"type": "ReturnStatement",
									"argument": {
										"type": "ArrayExpression",
										"elements": []
									}
								}
							]
						}
					},
					"2": {
						"declarations": {
							"0": {
								"id": {
									"name": "params"
								},
								"init": {
									"type": "ArrayExpression"
								}
							}
						}
					},
					"3": {
						"type": "VariableDeclaration",
						"declarations": [
							{
								"type": "VariableDeclarator",
								"id": {
									"type": "Identifier",
									"name": "varType"
								},
								"init": {
									"type": "CallExpression",
									"callee": {
										"type": "MemberExpression",
										"computed": false,
										"object": {
											"type": "Identifier",
											"name": "_"
										},
										"property": {
											"type": "Identifier",
											"name": "get"
										}
									},
									"arguments": [
										{
											"type": "Identifier",
											"name": "varNode"
										},
										{
											"type": "Literal",
											"value": "type",
											"raw": "'type'"
										}
									]
								}
							}
						]
					},
					"4": {
						"test": {
							"right": {
								"value": "FunctionDeclaration",
								"raw": "'FunctionDeclaration'"
							}
						},
						"consequent": {
							"body": {
								"0": {
									"expression": {
										"right": {
											"arguments": {
												"1": {
													"value": "params",
													"raw": "'params'"
												}
											}
										}
									}
								}
							}
						}
					},
					"5": {
						"type": "IfStatement",
						"test": {
							"type": "BinaryExpression",
							"operator": "===",
							"left": {
								"type": "Identifier",
								"name": "varType"
							},
							"right": {
								"type": "Literal",
								"value": "VariableDeclarator",
								"raw": "'VariableDeclarator'"
							}
						},
						"consequent": {
							"type": "BlockStatement",
							"body": [
								{
									"type": "ExpressionStatement",
									"expression": {
										"type": "AssignmentExpression",
										"operator": "=",
										"left": {
											"type": "Identifier",
											"name": "params"
										},
										"right": {
											"type": "CallExpression",
											"callee": {
												"type": "MemberExpression",
												"computed": false,
												"object": {
													"type": "Identifier",
													"name": "_"
												},
												"property": {
													"type": "Identifier",
													"name": "get"
												}
											},
											"arguments": [
												{
													"type": "Identifier",
													"name": "varNode"
												},
												{
													"type": "Literal",
													"value": "init.params",
													"raw": "'init.params'"
												},
												{
													"type": "ArrayExpression",
													"elements": []
												}
											]
										}
									}
								}
							]
						}
					},
					"6": {
						"type": "VariableDeclaration",
						"declarations": [
							{
								"type": "VariableDeclarator",
								"id": {
									"type": "Identifier",
									"name": "deps"
								},
								"init": {
									"type": "CallExpression",
									"callee": {
										"type": "Identifier",
										"name": "extractDeps"
									},
									"arguments": [
										{
											"type": "Identifier",
											"name": "params"
										}
									]
								}
							}
						]
					},
					"7": {
						"type": "ReturnStatement",
						"argument": {
							"type": "Identifier",
							"name": "deps"
						}
					}
				}
			}
		},
		"18": {
			"body": {
				"body": {
					"3": {
						"type": "VariableDeclaration",
						"declarations": [
							{
								"type": "VariableDeclarator",
								"id": {
									"type": "Identifier",
									"name": "deps"
								},
								"init": {
									"type": "ArrayExpression",
									"elements": []
								}
							}
						]
					},
					"4": {
						"test": {
							"right": {
								"value": "FunctionExpression",
								"raw": "'FunctionExpression'"
							}
						},
						"consequent": {
							"body": {
								"0": {
									"expression": {
										"right": {
											"callee": {
												"name": "extractDeps"
											},
											"arguments": {
												"0": {
													"property": {
														"name": "params"
													}
												}
											}
										}
									}
								}
							}
						}
					},
					"5": {
						"type": "IfStatement",
						"test": {
							"type": "BinaryExpression",
							"operator": "===",
							"left": {
								"type": "MemberExpression",
								"computed": false,
								"object": {
									"type": "Identifier",
									"name": "value"
								},
								"property": {
									"type": "Identifier",
									"name": "type"
								}
							},
							"right": {
								"type": "Literal",
								"value": "Identifier",
								"raw": "'Identifier'"
							}
						},
						"consequent": {
							"type": "BlockStatement",
							"body": [
								{
									"type": "ExpressionStatement",
									"expression": {
										"type": "AssignmentExpression",
										"operator": "=",
										"left": {
											"type": "Identifier",
											"name": "deps"
										},
										"right": {
											"type": "CallExpression",
											"callee": {
												"type": "Identifier",
												"name": "extractVariableDeps"
											},
											"arguments": [
												{
													"type": "MemberExpression",
													"computed": false,
													"object": {
														"type": "Identifier",
														"name": "value"
													},
													"property": {
														"type": "Identifier",
														"name": "name"
													}
												},
												{
													"type": "Identifier",
													"name": "scope"
												}
											]
										}
									}
								}
							]
						}
					},
					"6": {
						"type": "ReturnStatement",
						"argument": {
							"type": "Identifier",
							"name": "deps"
						}
					}
				}
			}
		}
	}
}