{
	"body": {
		"8": {
			"body": {
				"body": {
					"5": {
						"expression": {
							"arguments": {
								"1": {
									"properties": {
										"0": {
											"value": {
												"body": {
													"body": {
														"0": {
															"consequent": {
																"body": {
																	"0": {
																		"declarations": {
																			"0": {
																				"init": {
																					"arguments": {
																						"2": {
																							"type": "ObjectExpression",
																							"properties": []
																						}
																					}
																				}
																			}
																		}
																	}
																}
															}
														}
													}
												}
											}
										}
									}
								}
							}
						}
					},
					"7": {
						"expression": {
							"arguments": {
								"1": {
									"body": {
										"body": {
											"1": {
												"test": {
													"arguments": {
														"0": {
															"type": "Identifier",
															"name": "name"
														}
													}
												}
											}
										}
									}
								}
							}
						}
					}
				}
			}
		},
		"14": {
			"body": {
				"body": {
					"5": {
						"expression": {
							"arguments": {
								"1": {
									"body": {
										"body": {
											"6": {
												"consequent": {
													"body": {
														"1": {
															"consequent": {
																"body": {
																	"1": {
																		"consequent": {
																			"body": {
																				"1": {
																					"type": "ReturnStatement",
																					"argument": {
																						"type": "Literal",
																						"value": true,
																						"raw": "true"
																					}
																				}
																			}
																		}
																	}
																}
															}
														}
													}
												}
											}
										}
									}
								}
							}
						}
					}
				}
			}
		},
		"16": {
			"body": {
				"body": {
					"4": {
						"declarations": {
							"0": {
								"init": {
									"type": "CallExpression",
									"callee": {
										"type": "MemberExpression",
										"computed": false,
										"object": {
											"type": "Identifier",
											"name": "_"
										},
										"property": {
											"type": "Identifier",
											"name": "get"
										}
									},
									"arguments": [
										{
											"type": "Identifier",
											"name": "variable"
										},
										{
											"type": "Literal",
											"value": "defs[0].node",
											"raw": "'defs[0].node'"
										}
									]
								}
							}
						}
					}
				}
			}
		},
		"18": {
			"body": {
				"body": {
					"0": {
						"declarations": {
							"0": {
								"init": {
									"arguments": {
										"1": {
											"body": {
												"body": {
													"0": {
														"argument": {
															"type": "BinaryExpression",
															"operator": "===",
															"left": {
																"type": "CallExpression",
																"callee": {
																	"type": "MemberExpression",
																	"computed": false,
																	"object": {
																		"type": "Identifier",
																		"name": "_"
																	},
																	"property": {
																		"type": "Identifier",
																		"name": "get"
																	}
																},
																"arguments": [
																	{
																		"type": "Identifier",
																		"name": "property"
																	},
																	{
																		"type": "Literal",
																		"value": "key.name",
																		"raw": "'key.name'"
																	}
																]
															},
															"right": {
																"type": "Identifier",
																"name": "propName"
															}
														}
													}
												}
											}
										}
									}
								}
							}
						}
					}
				}
			}
		}
	}
}