{
	"body": {
		"8": {
			"body": {
				"body": {
					"7": {
						"expression": {
							"arguments": {
								"1": {
									"body": {
										"body": {
											"4": {
												"declarations": {
													"0": {
														"init": {
															"arguments": {
																"1": {
																	"type": "MemberExpression",
																	"computed": false,
																	"object": {
																		"type": "Identifier",
																		"name": "call"
																	},
																	"property": {
																		"type": "Identifier",
																		"name": "scope"
																	}
																}
															}
														}
													}
												}
											},
											"6": {
												"declarations": {
													"0": {
														"init": {
															"arguments": {
																"2": {
																	"type": "Identifier",
																	"name": "type"
																}
															}
														}
													}
												}
											}
										}
									}
								}
							}
						}
					}
				}
			}
		},
		"11": {
			"body": {
				"body": {
					"1": {
						"declarations": {
							"0": {
								"init": {
									"arguments": {
										"2": {
											"type": "ObjectExpression",
											"properties": []
										}
									}
								}
							}
						}
					}
				}
			}
		},
		"14": {
			"body": {
				"body": {
					"5": {
						"expression": {
							"arguments": {
								"1": {
									"body": {
										"body": {
											"6": {
												"consequent": {
													"body": {
														"0": {
															"consequent": {
																"body": {
																	"1": {
																		"type": "ReturnStatement",
																		"argument": {
																			"type": "Literal",
																			"value": true,
																			"raw": "true"
																		}
																	}
																}
															}
														},
														"1": {
															"consequent": {
																"body": {
																	"0": {
																		"declarations": {
																			"0": {
																				"init": {
																					"arguments": {
																						"1": {
																							"type": "Identifier",
																							"name": "depsFnScope"
																						}
																					}
																				}
																			}
																		}
																	}
																}
															}
														}
													}
												}
											}
										}
									}
								}
							}
						}
					}
				}
			}
		},
		"16": {
			"body": {
				"body": {
					"3": {
						"test": {
							"arguments": {
								"0": {
									"type": "Identifier",
									"name": "variable"
								}
							}
						}
					}
				}
			}
		},
		"18": {
			"body": {
				"body": {
					"6": {
						"argument": {
							"type": "Identifier",
							"name": "deps"
						}
					}
				}
			}
		}
	}
}