{
	"body": {
		"8": {
			"body": {
				"body": {
					"5": {
						"expression": {
							"arguments": {
								"1": {
									"properties": {
										"0": {
											"value": {
												"body": {
													"body": {
														"0": {
															"consequent": {
																"body": {
																	"1": {
																		"consequent": {
																			"body": {
																				"0": {
																					"expression": {
																						"arguments": {
																							"0": {
																								"type": "ObjectExpression",
																								"properties": [
																									{
																										"type": "Property",
																										"key": {
																											"type": "Identifier",
																											"name": "node"
																										},
																										"computed": false,
																										"value": {
																											"type": "Identifier",
																											"name": "node"
																										},
																										"kind": "init",
																										"method": false,
																										"shorthand": false
																									},
																									{
																										"type": "Property",
																										"key": {
																											"type": "Identifier",
																											"name": "scope"
																										},
																										"computed": false,
																										"value": {
																											"type": "Identifier",
																											"name": "currentScope"
																										},
																										"kind": "init",
																										"method": false,
																										"shorthand": false
																									}
																								]
																							}
																						}
																					}
																				}
																			}
																		}
																	}
																}
															}
														}
													}
												}
											}
										}
									}
								}
							}
						}
					}
				}
			}
		},
		"13": {
			"body": {
				"body": {
					"2": {
						"argument": {
							"type": "CallExpression",
							"callee": {
								"type": "Identifier",
								"name": "extractObjectPropertyDeps"
							},
							"arguments": [
								{
									"type": "Identifier",
									"name": "object"
								},
								{
									"type": "Literal",
									"value": "controller",
									"raw": "'controller'"
								},
								{
									"type": "Identifier",
									"name": "scope"
								}
							]
						}
					}
				}
			}
		},
		"14": {
			"body": {
				"body": {
					"5": {
						"expression": {
							"arguments": {
								"1": {
									"body": {
										"body": {
											"6": {
												"consequent": {
													"body": {
														"0": {
															"consequent": {
																"body": {
																	"1": {
																		"type": "ReturnStatement",
																		"argument": {
																			"type": "Literal",
																			"value": true,
																			"raw": "true"
																		}
																	}
																}
															}
														},
														"1": {
															"consequent": {
																"body": {
																	"0": {
																		"declarations": {
																			"0": {
																				"init": {
																					"arguments": {
																						"1": {
																							"type": "Identifier",
																							"name": "depsFnScope"
																						}
																					}
																				}
																			}
																		}
																	}
																}
															}
														}
													}
												}
											}
										}
									}
								}
							}
						}
					}
				}
			}
		},
		"16": {
			"body": {
				"body": {
					"2": {
						"type": "WhileStatement",
						"test": {
							"type": "LogicalExpression",
							"left": {
								"type": "UnaryExpression",
								"operator": "!",
								"argument": {
									"type": "Identifier",
									"name": "variable"
								},
								"prefix": true
							},
							"right": {
								"type": "Identifier",
								"name": "currentScope"
							}
						},
						"body": {
							"type": "BlockStatement",
							"body": [
								{
									"type": "ExpressionStatement",
									"expression": {
										"type": "AssignmentExpression",
										"operator": "=",
										"left": {
											"type": "Identifier",
											"name": "variable"
										},
										"right": {
											"type": "CallExpression",
											"callee": {
												"type": "MemberExpression",
												"computed": false,
												"object": {
													"type": "Identifier",
													"name": "_"
												},
												"property": {
													"type": "Identifier",
													"name": "findWhere"
												}
											},
											"arguments": [
												{
													"type": "MemberExpression",
													"computed": false,
													"object": {
														"type": "Identifier",
														"name": "currentScope"
													},
													"property": {
														"type": "Identifier",
														"name": "variables"
													}
												},
												{
													"type": "ObjectExpression",
													"properties": [
														{
															"type": "Property",
															"key": {
																"type": "Identifier",
																"name": "name"
															},
															"computed": false,
															"value": {
																"type": "Identifier",
																"name": "varName"
															},
															"kind": "init",
															"method": false,
															"shorthand": false
														}
													]
												}
											]
										}
									}
								},
								{
									"type": "ExpressionStatement",
									"expression": {
										"type": "AssignmentExpression",
										"operator": "=",
										"left": {
											"type": "Identifier",
											"name": "currentScope"
										},
										"right": {
											"type": "MemberExpression",
											"computed": false,
											"object": {
												"type": "Identifier",
												"name": "currentScope"
											},
											"property": {
												"type": "Identifier",
												"name": "upper"
											}
										}
									}
								}
							]
						}
					},
					"3": {
						"type": "IfStatement",
						"test": {
							"type": "CallExpression",
							"callee": {
								"type": "MemberExpression",
								"computed": false,
								"object": {
									"type": "Identifier",
									"name": "_"
								},
								"property": {
									"type": "Identifier",
									"name": "isUndefined"
								}
							},
							"arguments": [
								{
									"type": "Identifier",
									"name": "variable"
								}
							]
						},
						"consequent": {
							"type": "BlockStatement",
							"body": [
								{
									"type": "ReturnStatement",
									"argument": {
										"type": "Identifier",
										"name": "variable"
									}
								}
							]
						}
					},
					"4": {
						"type": "VariableDeclaration",
						"declarations": [
							{
								"type": "VariableDeclarator",
								"id": {
									"type": "Identifier",
									"name": "node"
								},
								"init": {
									"type": "CallExpression",
									"callee": {
										"type": "MemberExpression",
										"computed": false,
										"object": {
											"type": "Identifier",
											"name": "_"
										},
										"property": {
											"type": "Identifier",
											"name": "get"
										}
									},
									"arguments": [
										{
											"type": "Identifier",
											"name": "variable"
										},
										{
											"type": "Literal",
											"value": "defs[0].node",
											"raw": "'defs[0].node'"
										}
									]
								}
							}
						]
					},
					"5": {
						"type": "ReturnStatement",
						"argument": {
							"type": "Identifier",
							"name": "node"
						}
					}
				}
			}
		},
		"18": {
			"params": {
				"2": {
					"type": "Identifier",
					"name": "scope"
				}
			},
			"body": {
				"body": {
					"4": {
						"consequent": {
							"body": {
								"0": {
									"type": "ExpressionStatement",
									"expression": {
										"type": "AssignmentExpression",
										"operator": "=",
										"left": {
											"type": "Identifier",
											"name": "deps"
										},
										"right": {
											"type": "CallExpression",
											"callee": {
												"type": "Identifier",
												"name": "extractDeps"
											},
											"arguments": [
												{
													"type": "MemberExpression",
													"computed": false,
													"object": {
														"type": "Identifier",
														"name": "value"
													},
													"property": {
														"type": "Identifier",
														"name": "params"
													}
												}
											]
										}
									}
								}
							}
						}
					}
				}
			}
		}
	}
}