{
	"body": {
		"11": {
			"body": {
				"body": {
					"0": {
						"declarations": {
							"0": {
								"init": {
									"type": "ObjectExpression",
									"properties": []
								}
							}
						}
					}
				}
			}
		},
		"14": {
			"body": {
				"body": {
					"5": {
						"expression": {
							"arguments": {
								"1": {
									"body": {
										"body": {
											"6": {
												"consequent": {
													"body": {
														"1": {
															"consequent": {
																"body": {
																	"1": {
																		"consequent": {
																			"body": {
																				"0": {
																					"expression": {
																						"right": {
																							"arguments": {
																								"2": {
																									"type": "Identifier",
																									"name": "depsFnScope"
																								}
																							}
																						}
																					}
																				}
																			}
																		}
																	}
																}
															}
														}
													}
												}
											}
										}
									}
								}
							}
						}
					}
				}
			}
		}
	}
}