{
	"body": {
		"8": {
			"body": {
				"body": {
					"5": {
						"expression": {
							"arguments": {
								"1": {
									"properties": {
										"0": {
											"value": {
												"body": {
													"body": {
														"1": {
															"type": "IfStatement",
															"test": {
																"type": "CallExpression",
																"callee": {
																	"type": "MemberExpression",
																	"computed": false,
																	"object": {
																		"type": "Literal",
																		"value": {},
																		"raw": "/Function/",
																		"regex": {
																			"pattern": "Function",
																			"flags": ""
																		}
																	},
																	"property": {
																		"type": "Identifier",
																		"name": "test"
																	}
																},
																"arguments": [
																	{
																		"type": "MemberExpression",
																		"computed": false,
																		"object": {
																			"type": "Identifier",
																			"name": "node"
																		},
																		"property": {
																			"type": "Identifier",
																			"name": "type"
																		}
																	}
																]
															},
															"consequent": {
																"type": "BlockStatement",
																"body": [
																	{
																		"type": "ExpressionStatement",
																		"expression": {
																			"type": "AssignmentExpression",
																			"operator": "=",
																			"left": {
																				"type": "Identifier",
																				"name": "currentScope"
																			},
																			"right": {
																				"type": "CallExpression",
																				"callee": {
																					"type": "MemberExpression",
																					"computed": false,
																					"object": {
																						"type": "Identifier",
																						"name": "scopeManager"
																					},
																					"property": {
																						"type": "Identifier",
																						"name": "acquire"
																					}
																				},
																				"arguments": [
																					{
																						"type": "Identifier",
																						"name": "node"
																					}
																				]
																			}
																		}
																	}
																]
															},
															"alternate": null
														}
													}
												}
											}
										}
									}
								}
							}
						}
					}
				}
			}
		},
		"11": {
			"params": {
				"1": {
					"type": "Identifier",
					"name": "scope"
				}
			}
		},
		"13": {
			"body": {
				"body": {
					"2": {
						"type": "ReturnStatement",
						"argument": {
							"type": "CallExpression",
							"callee": {
								"type": "Identifier",
								"name": "extractObjectPropertyDeps"
							},
							"arguments": [
								{
									"type": "Identifier",
									"name": "object"
								},
								{
									"type": "Literal",
									"value": "controller",
									"raw": "'controller'"
								},
								{
									"type": "Identifier",
									"name": "scope"
								}
							]
						}
					}
				}
			}
		}
	}
}