{
	"body": {
		"8": {
			"body": {
				"body": {
					"5": {
						"expression": {
							"arguments": {
								"1": {
									"type": "ObjectExpression",
									"properties": [
										{
											"type": "Property",
											"key": {
												"type": "Identifier",
												"name": "enter"
											},
											"computed": false,
											"value": {
												"type": "FunctionExpression",
												"id": null,
												"params": [
													{
														"type": "Identifier",
														"name": "node"
													}
												],
												"body": {
													"type": "BlockStatement",
													"body": [
														{
															"type": "IfStatement",
															"test": {
																"type": "BinaryExpression",
																"operator": "===",
																"left": {
																	"type": "MemberExpression",
																	"computed": false,
																	"object": {
																		"type": "Identifier",
																		"name": "node"
																	},
																	"property": {
																		"type": "Identifier",
																		"name": "type"
																	}
																},
																"right": {
																	"type": "Literal",
																	"value": "CallExpression",
																	"raw": "'CallExpression'"
																}
															},
															"consequent": {
																"type": "BlockStatement",
																"body": [
																	{
																		"type": "VariableDeclaration",
																		"declarations": [
																			{
																				"type": "VariableDeclarator",
																				"id": {
																					"type": "Identifier",
																					"name": "calleeProp"
																				},
																				"init": {
																					"type": "CallExpression",
																					"callee": {
																						"type": "MemberExpression",
																						"computed": false,
																						"object": {
																							"type": "Identifier",
																							"name": "_"
																						},
																						"property": {
																							"type": "Identifier",
																							"name": "get"
																						}
																					},
																					"arguments": [
																						{
																							"type": "Identifier",
																							"name": "node"
																						},
																						{
																							"type": "Literal",
																							"value": "callee.property",
																							"raw": "'callee.property'"
																						},
																						{
																							"type": "ObjectExpression",
																							"properties": []
																						}
																					]
																				}
																			}
																		],
																		"kind": "var"
																	},
																	{
																		"type": "IfStatement",
																		"test": {
																			"type": "CallExpression",
																			"callee": {
																				"type": "MemberExpression",
																				"computed": false,
																				"object": {
																					"type": "Identifier",
																					"name": "_"
																				},
																				"property": {
																					"type": "Identifier",
																					"name": "contains"
																				}
																			},
																			"arguments": [
																				{
																					"type": "MemberExpression",
																					"computed": false,
																					"object": {
																						"type": "MemberExpression",
																						"computed": false,
																						"object": {
																							"type": "Identifier",
																							"name": "config"
																						},
																						"property": {
																							"type": "Identifier",
																							"name": "units"
																						}
																					},
																					"property": {
																						"type": "Identifier",
																						"name": "process"
																					}
																				},
																				{
																					"type": "MemberExpression",
																					"computed": false,
																					"object": {
																						"type": "Identifier",
																						"name": "calleeProp"
																					},
																					"property": {
																						"type": "Identifier",
																						"name": "name"
																					}
																				}
																			]
																		},
																		"consequent": {
																			"type": "BlockStatement",
																			"body": [
																				{
																					"type": "ExpressionStatement",
																					"expression": {
																						"type": "CallExpression",
																						"callee": {
																							"type": "MemberExpression",
																							"computed": false,
																							"object": {
																								"type": "Identifier",
																								"name": "calls"
																							},
																							"property": {
																								"type": "Identifier",
																								"name": "push"
																							}
																						},
																						"arguments": [
																							{
																								"type": "ObjectExpression",
																								"properties": [
																									{
																										"type": "Property",
																										"key": {
																											"type": "Identifier",
																											"name": "node"
																										},
																										"computed": false,
																										"value": {
																											"type": "Identifier",
																											"name": "node"
																										},
																										"kind": "init",
																										"method": false,
																										"shorthand": false
																									},
																									{
																										"type": "Property",
																										"key": {
																											"type": "Identifier",
																											"name": "scope"
																										},
																										"computed": false,
																										"value": {
																											"type": "Identifier",
																											"name": "currentScope"
																										},
																										"kind": "init",
																										"method": false,
																										"shorthand": false
																									}
																								]
																							}
																						]
																					}
																				}
																			]
																		},
																		"alternate": null
																	}
																]
															},
															"alternate": null
														},
														{
															"type": "IfStatement",
															"test": {
																"type": "CallExpression",
																"callee": {
																	"type": "MemberExpression",
																	"computed": false,
																	"object": {
																		"type": "Literal",
																		"value": {},
																		"raw": "/Function/",
																		"regex": {
																			"pattern": "Function",
																			"flags": ""
																		}
																	},
																	"property": {
																		"type": "Identifier",
																		"name": "test"
																	}
																},
																"arguments": [
																	{
																		"type": "MemberExpression",
																		"computed": false,
																		"object": {
																			"type": "Identifier",
																			"name": "node"
																		},
																		"property": {
																			"type": "Identifier",
																			"name": "type"
																		}
																	}
																]
															},
															"consequent": {
																"type": "BlockStatement",
																"body": [
																	{
																		"type": "ExpressionStatement",
																		"expression": {
																			"type": "AssignmentExpression",
																			"operator": "=",
																			"left": {
																				"type": "Identifier",
																				"name": "currentScope"
																			},
																			"right": {
																				"type": "CallExpression",
																				"callee": {
																					"type": "MemberExpression",
																					"computed": false,
																					"object": {
																						"type": "Identifier",
																						"name": "scopeManager"
																					},
																					"property": {
																						"type": "Identifier",
																						"name": "acquire"
																					}
																				},
																				"arguments": [
																					{
																						"type": "Identifier",
																						"name": "node"
																					}
																				]
																			}
																		}
																	}
																]
															},
															"alternate": null
														}
													]
												},
												"generator": false,
												"expression": false,
												"async": false
											},
											"kind": "init",
											"method": false,
											"shorthand": false
										},
										{
											"type": "Property",
											"key": {
												"type": "Identifier",
												"name": "leave"
											},
											"computed": false,
											"value": {
												"type": "FunctionExpression",
												"id": null,
												"params": [
													{
														"type": "Identifier",
														"name": "node"
													}
												],
												"body": {
													"type": "BlockStatement",
													"body": [
														{
															"type": "IfStatement",
															"test": {
																"type": "CallExpression",
																"callee": {
																	"type": "MemberExpression",
																	"computed": false,
																	"object": {
																		"type": "Literal",
																		"value": {},
																		"raw": "/Function/",
																		"regex": {
																			"pattern": "Function",
																			"flags": ""
																		}
																	},
																	"property": {
																		"type": "Identifier",
																		"name": "test"
																	}
																},
																"arguments": [
																	{
																		"type": "MemberExpression",
																		"computed": false,
																		"object": {
																			"type": "Identifier",
																			"name": "node"
																		},
																		"property": {
																			"type": "Identifier",
																			"name": "type"
																		}
																	}
																]
															},
															"consequent": {
																"type": "BlockStatement",
																"body": [
																	{
																		"type": "ExpressionStatement",
																		"expression": {
																			"type": "AssignmentExpression",
																			"operator": "=",
																			"left": {
																				"type": "Identifier",
																				"name": "currentScope"
																			},
																			"right": {
																				"type": "MemberExpression",
																				"computed": false,
																				"object": {
																					"type": "Identifier",
																					"name": "currentScope"
																				},
																				"property": {
																					"type": "Identifier",
																					"name": "upper"
																				}
																			}
																		}
																	}
																]
															},
															"alternate": null
														}
													]
												},
												"generator": false,
												"expression": false,
												"async": false
											},
											"kind": "init",
											"method": false,
											"shorthand": false
										}
									]
								}
							}
						}
					}
				}
			}
		},
		"14": {
			"body": {
				"body": {
					"1": {
						"consequent": {
							"body": {
								"0": {
									"argument": {
										"type": "ArrayExpression",
										"elements": []
									}
								}
							}
						}
					}
				}
			}
		}
	}
}