{
	"body": {
		"12": {
			"body": {
				"body": {
					"5": {
						"consequent": {
							"body": {
								"1": {
									"consequent": {
										"body": {
											"0": {
												"type": "ReturnStatement",
												"argument": {
													"type": "CallExpression",
													"callee": {
														"type": "Identifier",
														"name": "extractDeps"
													},
													"arguments": [
														{
															"type": "MemberExpression",
															"computed": false,
															"object": {
																"type": "Identifier",
																"name": "lastDepsArg"
															},
															"property": {
																"type": "Identifier",
																"name": "params"
															}
														}
													]
												}
											}
										}
									}
								}
							}
						}
					}
				}
			}
		},
		"14": {
			"body": {
				"body": {
					"5": {
						"expression": {
							"arguments": {
								"1": {
									"body": {
										"body": {
											"0": {
												"declarations": {
													"0": {
														"init": {
															"type": "CallExpression",
															"callee": {
																"type": "MemberExpression",
																"computed": false,
																"object": {
																	"type": "Identifier",
																	"name": "_"
																},
																"property": {
																	"type": "Identifier",
																	"name": "get"
																}
															},
															"arguments": [
																{
																	"type": "Identifier",
																	"name": "bodyExpression"
																},
																{
																	"type": "Literal",
																	"value": "type",
																	"raw": "'type'"
																}
															]
														}
													}
												}
											},
											"2": {
												"declarations": {
													"0": {
														"init": {
															"arguments": {
																"2": {
																	"type": "ObjectExpression",
																	"properties": []
																}
															}
														}
													}
												}
											}
										}
									}
								}
							}
						}
					}
				}
			}
		},
		"15": {
			"params": {
				"0": {
					"type": "Identifier",
					"name": "params"
				}
			}
		},
		"18": {
			"body": {
				"body": {
					"0": {
						"declarations": {
							"0": {
								"init": {
									"arguments": {
										"1": {
											"body": {
												"body": {
													"0": {
														"type": "ReturnStatement",
														"argument": {
															"type": "BinaryExpression",
															"operator": "===",
															"left": {
																"type": "CallExpression",
																"callee": {
																	"type": "MemberExpression",
																	"computed": false,
																	"object": {
																		"type": "Identifier",
																		"name": "_"
																	},
																	"property": {
																		"type": "Identifier",
																		"name": "get"
																	}
																},
																"arguments": [
																	{
																		"type": "Identifier",
																		"name": "property"
																	},
																	{
																		"type": "Literal",
																		"value": "key.name",
																		"raw": "'key.name'"
																	}
																]
															},
															"right": {
																"type": "Identifier",
																"name": "propName"
															}
														}
													}
												}
											}
										}
									}
								}
							}
						}
					}
				}
			}
		}
	}
}