{
	"body": {
		"8": {
			"body": {
				"body": {
					"7": {
						"expression": {
							"arguments": {
								"1": {
									"body": {
										"body": {
											"4": {
												"type": "VariableDeclaration",
												"declarations": [
													{
														"type": "VariableDeclarator",
														"id": {
															"type": "Identifier",
															"name": "module"
														},
														"init": {
															"type": "CallExpression",
															"callee": {
																"type": "Identifier",
																"name": "findModule"
															},
															"arguments": [
																{
																	"type": "MemberExpression",
																	"computed": false,
																	"object": {
																		"type": "Identifier",
																		"name": "call"
																	},
																	"property": {
																		"type": "Identifier",
																		"name": "node"
																	}
																},
																{
																	"type": "MemberExpression",
																	"computed": false,
																	"object": {
																		"type": "Identifier",
																		"name": "call"
																	},
																	"property": {
																		"type": "Identifier",
																		"name": "scope"
																	}
																}
															]
														}
													}
												]
											},
											"5": {
												"type": "IfStatement",
												"test": {
													"type": "CallExpression",
													"callee": {
														"type": "MemberExpression",
														"computed": false,
														"object": {
															"type": "Identifier",
															"name": "_"
														},
														"property": {
															"type": "Identifier",
															"name": "isUndefined"
														}
													},
													"arguments": [
														{
															"type": "MemberExpression",
															"computed": false,
															"object": {
																"type": "Identifier",
																"name": "module"
															},
															"property": {
																"type": "Identifier",
																"name": "name"
															}
														}
													]
												},
												"consequent": {
													"type": "BlockStatement",
													"body": [
														{
															"type": "ReturnStatement",
															"argument": null
														}
													]
												}
											},
											"6": {
												"type": "VariableDeclaration",
												"declarations": [
													{
														"type": "VariableDeclarator",
														"id": {
															"type": "Identifier",
															"name": "deps"
														},
														"init": {
															"type": "CallExpression",
															"callee": {
																"type": "Identifier",
																"name": "findDeps"
															},
															"arguments": [
																{
																	"type": "MemberExpression",
																	"computed": false,
																	"object": {
																		"type": "Identifier",
																		"name": "call"
																	},
																	"property": {
																		"type": "Identifier",
																		"name": "node"
																	}
																},
																{
																	"type": "MemberExpression",
																	"computed": false,
																	"object": {
																		"type": "Identifier",
																		"name": "call"
																	},
																	"property": {
																		"type": "Identifier",
																		"name": "scope"
																	}
																},
																{
																	"type": "Identifier",
																	"name": "type"
																}
															]
														}
													}
												]
											},
											"7": {
												"type": "IfStatement",
												"test": {
													"type": "CallExpression",
													"callee": {
														"type": "MemberExpression",
														"computed": false,
														"object": {
															"type": "Identifier",
															"name": "_"
														},
														"property": {
															"type": "Identifier",
															"name": "findWhere"
														}
													},
													"arguments": [
														{
															"type": "Identifier",
															"name": "deps"
														},
														{
															"type": "ObjectExpression",
															"properties": [
																{
																	"type": "Property",
																	"key": {
																		"type": "Identifier",
																		"name": "name"
																	},
																	"computed": false,
																	"value": {
																		"type": "Identifier",
																		"name": "name"
																	},
																	"kind": "init",
																	"method": false,
																	"shorthand": false
																}
															]
														}
													]
												},
												"consequent": {
													"type": "BlockStatement",
													"body": [
														{
															"type": "ThrowStatement",
															"argument": {
																"type": "NewExpression",
																"callee": {
																	"type": "Identifier",
																	"name": "UserError"
																},
																"arguments": [
																	{
																		"type": "BinaryExpression",
																		"operator": "+",
																		"left": {
																			"type": "BinaryExpression",
																			"operator": "+",
																			"left": {
																				"type": "BinaryExpression",
																				"operator": "+",
																				"left": {
																					"type": "BinaryExpression",
																					"operator": "+",
																					"left": {
																						"type": "Literal",
																						"value": "Circular dependency for ",
																						"raw": "'Circular dependency for '"
																					},
																					"right": {
																						"type": "Identifier",
																						"name": "type"
																					}
																				},
																				"right": {
																					"type": "Literal",
																					"value": " \"",
																					"raw": "' \"'"
																				}
																			},
																			"right": {
																				"type": "Identifier",
																				"name": "name"
																			}
																		},
																		"right": {
																			"type": "Literal",
																			"value": "\".",
																			"raw": "'\".'"
																		}
																	}
																]
															}
														}
													]
												}
											},
											"8": {
												"type": "VariableDeclaration",
												"declarations": [
													{
														"type": "VariableDeclarator",
														"id": {
															"type": "Identifier",
															"name": "unit"
														},
														"init": {
															"type": "ObjectExpression",
															"properties": [
																{
																	"type": "Property",
																	"key": {
																		"type": "Identifier",
																		"name": "name"
																	},
																	"computed": false,
																	"value": {
																		"type": "Identifier",
																		"name": "name"
																	},
																	"kind": "init",
																	"method": false,
																	"shorthand": false
																},
																{
																	"type": "Property",
																	"key": {
																		"type": "Identifier",
																		"name": "type"
																	},
																	"computed": false,
																	"value": {
																		"type": "Identifier",
																		"name": "type"
																	},
																	"kind": "init",
																	"method": false,
																	"shorthand": false
																},
																{
																	"type": "Property",
																	"key": {
																		"type": "Identifier",
																		"name": "module"
																	},
																	"computed": false,
																	"value": {
																		"type": "Identifier",
																		"name": "module"
																	},
																	"kind": "init",
																	"method": false,
																	"shorthand": false
																},
																{
																	"type": "Property",
																	"key": {
																		"type": "Identifier",
																		"name": "deps"
																	},
																	"computed": false,
																	"value": {
																		"type": "Identifier",
																		"name": "deps"
																	},
																	"kind": "init",
																	"method": false,
																	"shorthand": false
																}
															]
														}
													}
												]
											},
											"9": {
												"type": "ExpressionStatement",
												"expression": {
													"type": "CallExpression",
													"callee": {
														"type": "MemberExpression",
														"computed": false,
														"object": {
															"type": "Identifier",
															"name": "units"
														},
														"property": {
															"type": "Identifier",
															"name": "unshift"
														}
													},
													"arguments": [
														{
															"type": "Identifier",
															"name": "unit"
														}
													]
												}
											}
										}
									}
								}
							}
						}
					}
				}
			}
		},
		"12": {
			"body": {
				"body": {
					"6": {
						"consequent": {
							"body": {
								"0": {
									"argument": {
										"type": "CallExpression",
										"callee": {
											"type": "Identifier",
											"name": "extractVariableDeps"
										},
										"arguments": [
											{
												"type": "MemberExpression",
												"computed": false,
												"object": {
													"type": "Identifier",
													"name": "depsArg"
												},
												"property": {
													"type": "Identifier",
													"name": "name"
												}
											},
											{
												"type": "Identifier",
												"name": "scope"
											}
										]
									}
								}
							}
						}
					}
				}
			}
		},
		"16": {
			"body": {
				"body": {
					"3": {
						"type": "IfStatement",
						"test": {
							"type": "CallExpression",
							"callee": {
								"type": "MemberExpression",
								"computed": false,
								"object": {
									"type": "Identifier",
									"name": "_"
								},
								"property": {
									"type": "Identifier",
									"name": "isUndefined"
								}
							},
							"arguments": [
								{
									"type": "Identifier",
									"name": "variable"
								}
							]
						},
						"consequent": {
							"type": "BlockStatement",
							"body": [
								{
									"type": "ReturnStatement",
									"argument": {
										"type": "Identifier",
										"name": "variable"
									}
								}
							]
						}
					},
					"4": {
						"type": "VariableDeclaration",
						"declarations": [
							{
								"type": "VariableDeclarator",
								"id": {
									"type": "Identifier",
									"name": "node"
								},
								"init": {
									"type": "CallExpression",
									"callee": {
										"type": "MemberExpression",
										"computed": false,
										"object": {
											"type": "Identifier",
											"name": "_"
										},
										"property": {
											"type": "Identifier",
											"name": "get"
										}
									},
									"arguments": [
										{
											"type": "Identifier",
											"name": "variable"
										},
										{
											"type": "Literal",
											"value": "defs[0].node",
											"raw": "'defs[0].node'"
										}
									]
								}
							}
						]
					},
					"5": {
						"type": "ReturnStatement",
						"argument": {
							"type": "Identifier",
							"name": "node"
						}
					}
				}
			}
		},
		"18": {
			"params": {
				"2": {
					"type": "Identifier",
					"name": "scope"
				}
			}
		}
	}
}