{
	"body": {
		"13": {
			"body": {
				"body": {
					"2": {
						"argument": {
							"arguments": {
								"1": {
									"type": "Literal"
								},
								"2": {
									"type": "Identifier",
									"name": "scope"
								}
							}
						}
					}
				}
			}
		},
		"14": {
			"body": {
				"body": {
					"5": {
						"expression": {
							"arguments": {
								"1": {
									"body": {
										"body": {
											"3": {
												"declarations": {
													"0": {
														"init": {
															"arguments": {
																"2": {
																	"type": "ObjectExpression",
																	"properties": []
																}
															}
														}
													}
												}
											}
										}
									}
								}
							}
						}
					}
				}
			}
		}
	}
}