{
	"body": {
		"2": {
			"declarations": {
				"0": {
					"init": {
						"arguments": {
							"0": {
								"type": "Literal",
								"value": "estraverse",
								"raw": "'estraverse'"
							}
						}
					}
				}
			}
		},
		"8": {
			"body": {
				"body": {
					"5": {
						"expression": {
							"arguments": {
								"1": {
									"properties": {
										"0": {
											"value": {
												"body": {
													"body": {
														"0": {
															"consequent": {
																"body": {
																	"0": {
																		"declarations": {
																			"0": {
																				"init": {
																					"arguments": {
																						"2": {
																							"type": "ObjectExpression",
																							"properties": []
																						}
																					}
																				}
																			}
																		}
																	}
																}
															}
														}
													}
												}
											}
										}
									}
								}
							}
						}
					},
					"7": {
						"expression": {
							"arguments": {
								"1": {
									"body": {
										"body": {
											"2": {
												"type": "VariableDeclaration",
												"declarations": [
													{
														"type": "VariableDeclarator",
														"id": {
															"type": "Identifier",
															"name": "type"
														},
														"init": {
															"type": "CallExpression",
															"callee": {
																"type": "Identifier",
																"name": "findType"
															},
															"arguments": [
																{
																	"type": "MemberExpression",
																	"computed": false,
																	"object": {
																		"type": "Identifier",
																		"name": "call"
																	},
																	"property": {
																		"type": "Identifier",
																		"name": "node"
																	}
																},
																{
																	"type": "MemberExpression",
																	"computed": false,
																	"object": {
																		"type": "Identifier",
																		"name": "call"
																	},
																	"property": {
																		"type": "Identifier",
																		"name": "scope"
																	}
																}
															]
														}
													}
												]
											},
											"3": {
												"type": "IfStatement",
												"test": {
													"type": "CallExpression",
													"callee": {
														"type": "MemberExpression",
														"computed": false,
														"object": {
															"type": "Identifier",
															"name": "_"
														},
														"property": {
															"type": "Identifier",
															"name": "isUndefined"
														}
													},
													"arguments": [
														{
															"type": "Identifier",
															"name": "type"
														}
													]
												},
												"consequent": {
													"type": "BlockStatement",
													"body": [
														{
															"type": "ReturnStatement",
															"argument": null
														}
													]
												}
											},
											"4": {
												"type": "VariableDeclaration",
												"declarations": [
													{
														"type": "VariableDeclarator",
														"id": {
															"type": "Identifier",
															"name": "module"
														},
														"init": {
															"type": "CallExpression",
															"callee": {
																"type": "Identifier",
																"name": "findModule"
															},
															"arguments": [
																{
																	"type": "MemberExpression",
																	"computed": false,
																	"object": {
																		"type": "Identifier",
																		"name": "call"
																	},
																	"property": {
																		"type": "Identifier",
																		"name": "node"
																	}
																},
																{
																	"type": "MemberExpression",
																	"computed": false,
																	"object": {
																		"type": "Identifier",
																		"name": "call"
																	},
																	"property": {
																		"type": "Identifier",
																		"name": "scope"
																	}
																}
															]
														}
													}
												]
											},
											"5": {
												"type": "IfStatement",
												"test": {
													"type": "CallExpression",
													"callee": {
														"type": "MemberExpression",
														"computed": false,
														"object": {
															"type": "Identifier",
															"name": "_"
														},
														"property": {
															"type": "Identifier",
															"name": "isUndefined"
														}
													},
													"arguments": [
														{
															"type": "MemberExpression",
															"computed": false,
															"object": {
																"type": "Identifier",
																"name": "module"
															},
															"property": {
																"type": "Identifier",
																"name": "name"
															}
														}
													]
												},
												"consequent": {
													"type": "BlockStatement",
													"body": [
														{
															"type": "ReturnStatement",
															"argument": null
														}
													]
												}
											},
											"6": {
												"type": "VariableDeclaration",
												"declarations": [
													{
														"type": "VariableDeclarator",
														"id": {
															"type": "Identifier",
															"name": "deps"
														},
														"init": {
															"type": "CallExpression",
															"callee": {
																"type": "Identifier",
																"name": "findDeps"
															},
															"arguments": [
																{
																	"type": "MemberExpression",
																	"computed": false,
																	"object": {
																		"type": "Identifier",
																		"name": "call"
																	},
																	"property": {
																		"type": "Identifier",
																		"name": "node"
																	}
																},
																{
																	"type": "MemberExpression",
																	"computed": false,
																	"object": {
																		"type": "Identifier",
																		"name": "call"
																	},
																	"property": {
																		"type": "Identifier",
																		"name": "scope"
																	}
																},
																{
																	"type": "Identifier",
																	"name": "type"
																}
															]
														}
													}
												]
											},
											"7": {
												"type": "IfStatement",
												"test": {
													"type": "CallExpression",
													"callee": {
														"type": "MemberExpression",
														"computed": false,
														"object": {
															"type": "Identifier",
															"name": "_"
														},
														"property": {
															"type": "Identifier",
															"name": "findWhere"
														}
													},
													"arguments": [
														{
															"type": "Identifier",
															"name": "deps"
														},
														{
															"type": "ObjectExpression",
															"properties": [
																{
																	"type": "Property",
																	"key": {
																		"type": "Identifier",
																		"name": "name"
																	},
																	"computed": false,
																	"value": {
																		"type": "Identifier",
																		"name": "name"
																	},
																	"kind": "init",
																	"method": false,
																	"shorthand": false
																}
															]
														}
													]
												},
												"consequent": {
													"type": "BlockStatement",
													"body": [
														{
															"type": "ThrowStatement",
															"argument": {
																"type": "NewExpression",
																"callee": {
																	"type": "Identifier",
																	"name": "UserError"
																},
																"arguments": [
																	{
																		"type": "BinaryExpression",
																		"operator": "+",
																		"left": {
																			"type": "BinaryExpression",
																			"operator": "+",
																			"left": {
																				"type": "BinaryExpression",
																				"operator": "+",
																				"left": {
																					"type": "BinaryExpression",
																					"operator": "+",
																					"left": {
																						"type": "Literal",
																						"value": "Circular dependency for ",
																						"raw": "'Circular dependency for '"
																					},
																					"right": {
																						"type": "Identifier",
																						"name": "type"
																					}
																				},
																				"right": {
																					"type": "Literal",
																					"value": " \"",
																					"raw": "' \"'"
																				}
																			},
																			"right": {
																				"type": "Identifier",
																				"name": "name"
																			}
																		},
																		"right": {
																			"type": "Literal",
																			"value": "\".",
																			"raw": "'\".'"
																		}
																	}
																]
															}
														}
													]
												}
											},
											"8": {
												"type": "VariableDeclaration",
												"declarations": [
													{
														"type": "VariableDeclarator",
														"id": {
															"type": "Identifier",
															"name": "unit"
														},
														"init": {
															"type": "ObjectExpression",
															"properties": [
																{
																	"type": "Property",
																	"key": {
																		"type": "Identifier",
																		"name": "name"
																	},
																	"computed": false,
																	"value": {
																		"type": "Identifier",
																		"name": "name"
																	},
																	"kind": "init",
																	"method": false,
																	"shorthand": false
																},
																{
																	"type": "Property",
																	"key": {
																		"type": "Identifier",
																		"name": "type"
																	},
																	"computed": false,
																	"value": {
																		"type": "Identifier",
																		"name": "type"
																	},
																	"kind": "init",
																	"method": false,
																	"shorthand": false
																},
																{
																	"type": "Property",
																	"key": {
																		"type": "Identifier",
																		"name": "module"
																	},
																	"computed": false,
																	"value": {
																		"type": "Identifier",
																		"name": "module"
																	},
																	"kind": "init",
																	"method": false,
																	"shorthand": false
																},
																{
																	"type": "Property",
																	"key": {
																		"type": "Identifier",
																		"name": "deps"
																	},
																	"computed": false,
																	"value": {
																		"type": "Identifier",
																		"name": "deps"
																	},
																	"kind": "init",
																	"method": false,
																	"shorthand": false
																}
															]
														}
													}
												]
											},
											"9": {
												"type": "ExpressionStatement",
												"expression": {
													"type": "CallExpression",
													"callee": {
														"type": "MemberExpression",
														"computed": false,
														"object": {
															"type": "Identifier",
															"name": "units"
														},
														"property": {
															"type": "Identifier",
															"name": "unshift"
														}
													},
													"arguments": [
														{
															"type": "Identifier",
															"name": "unit"
														}
													]
												}
											}
										}
									}
								}
							}
						}
					}
				}
			}
		},
		"10": {
			"body": {
				"body": {
					"0": {
						"type": "ReturnStatement",
						"argument": {
							"type": "CallExpression",
							"callee": {
								"type": "MemberExpression",
								"computed": false,
								"object": {
									"type": "Identifier",
									"name": "_"
								},
								"property": {
									"type": "Identifier",
									"name": "get"
								}
							},
							"arguments": [
								{
									"type": "Identifier",
									"name": "callExpression"
								},
								{
									"type": "Literal",
									"value": "callee.property.name",
									"raw": "'callee.property.name'"
								}
							]
						}
					}
				}
			}
		},
		"11": {
			"body": {
				"body": {
					"2": {
						"alternate": {
							"consequent": {
								"body": {
									"0": {
										"alternate": {
											"consequent": {
												"body": {
													"1": {
														"declarations": {
															"0": {
																"init": {
																	"type": "CallExpression",
																	"callee": {
																		"type": "Identifier",
																		"name": "findVariable"
																	},
																	"arguments": [
																		{
																			"type": "Identifier",
																			"name": "varName"
																		},
																		{
																			"type": "Identifier",
																			"name": "scope"
																		}
																	]
																}
															}
														}
													}
												}
											}
										}
									}
								}
							}
						}
					}
				}
			}
		},
		"14": {
			"body": {
				"body": {
					"5": {
						"expression": {
							"arguments": {
								"1": {
									"params": {
										"0": {
											"type": "Identifier",
											"name": "bodyExpression"
										}
									}
								}
							}
						}
					}
				}
			}
		},
		"17": {
			"body": {
				"body": {
					"3": {
						"type": "VariableDeclaration",
						"declarations": [
							{
								"type": "VariableDeclarator",
								"id": {
									"type": "Identifier",
									"name": "varType"
								},
								"init": {
									"type": "CallExpression",
									"callee": {
										"type": "MemberExpression",
										"computed": false,
										"object": {
											"type": "Identifier",
											"name": "_"
										},
										"property": {
											"type": "Identifier",
											"name": "get"
										}
									},
									"arguments": [
										{
											"type": "Identifier",
											"name": "varNode"
										},
										{
											"type": "Literal",
											"value": "type",
											"raw": "'type'"
										}
									]
								}
							}
						]
					},
					"4": {
						"test": {
							"right": {
								"value": "FunctionDeclaration",
								"raw": "'FunctionDeclaration'"
							}
						},
						"consequent": {
							"body": {
								"0": {
									"expression": {
										"right": {
											"arguments": {
												"1": {
													"value": "params",
													"raw": "'params'"
												}
											}
										}
									}
								}
							}
						}
					},
					"5": {
						"type": "IfStatement",
						"test": {
							"type": "BinaryExpression",
							"operator": "===",
							"left": {
								"type": "Identifier",
								"name": "varType"
							},
							"right": {
								"type": "Literal",
								"value": "VariableDeclarator",
								"raw": "'VariableDeclarator'"
							}
						},
						"consequent": {
							"type": "BlockStatement",
							"body": [
								{
									"type": "ExpressionStatement",
									"expression": {
										"type": "AssignmentExpression",
										"operator": "=",
										"left": {
											"type": "Identifier",
											"name": "params"
										},
										"right": {
											"type": "CallExpression",
											"callee": {
												"type": "MemberExpression",
												"computed": false,
												"object": {
													"type": "Identifier",
													"name": "_"
												},
												"property": {
													"type": "Identifier",
													"name": "get"
												}
											},
											"arguments": [
												{
													"type": "Identifier",
													"name": "varNode"
												},
												{
													"type": "Literal",
													"value": "init.params",
													"raw": "'init.params'"
												},
												{
													"type": "ArrayExpression",
													"elements": []
												}
											]
										}
									}
								}
							]
						}
					},
					"6": {
						"type": "VariableDeclaration",
						"declarations": [
							{
								"type": "VariableDeclarator",
								"id": {
									"type": "Identifier",
									"name": "deps"
								},
								"init": {
									"type": "CallExpression",
									"callee": {
										"type": "Identifier",
										"name": "extractDeps"
									},
									"arguments": [
										{
											"type": "Identifier",
											"name": "params"
										}
									]
								}
							}
						]
					},
					"7": {
						"type": "ReturnStatement",
						"argument": {
							"type": "Identifier",
							"name": "deps"
						}
					}
				}
			}
		},
		"18": {
			"body": {
				"body": {
					"0": {
						"declarations": {
							"0": {
								"init": {
									"arguments": {
										"1": {
											"type": "FunctionExpression",
											"id": null,
											"params": [
												{
													"type": "Identifier",
													"name": "property"
												}
											],
											"body": {
												"type": "BlockStatement",
												"body": [
													{
														"type": "ReturnStatement",
														"argument": {
															"type": "BinaryExpression",
															"operator": "===",
															"left": {
																"type": "CallExpression",
																"callee": {
																	"type": "MemberExpression",
																	"computed": false,
																	"object": {
																		"type": "Identifier",
																		"name": "_"
																	},
																	"property": {
																		"type": "Identifier",
																		"name": "get"
																	}
																},
																"arguments": [
																	{
																		"type": "Identifier",
																		"name": "property"
																	},
																	{
																		"type": "Literal",
																		"value": "key.name",
																		"raw": "'key.name'"
																	}
																]
															},
															"right": {
																"type": "Identifier",
																"name": "propName"
															}
														}
													}
												]
											},
											"generator": false,
											"expression": false,
											"async": false
										}
									}
								}
							}
						}
					}
				}
			}
		}
	}
}