{
	"body": {
		"12": {
			"body": {
				"body": {
					"0": {
						"declarations": {
							"0": {
								"init": {
									"type": "ArrayExpression",
									"elements": [
										{
											"type": "Literal",
											"value": "filter",
											"raw": "'filter'"
										},
										{
											"type": "Literal",
											"value": "value",
											"raw": "'value'"
										},
										{
											"type": "Literal",
											"value": "constant",
											"raw": "'constant'"
										}
									]
								}
							}
						}
					},
					"1": {
						"consequent": {
							"body": {
								"0": {
									"type": "ReturnStatement",
									"argument": {
										"type": "ArrayExpression",
										"elements": []
									}
								}
							}
						}
					}
				}
			}
		},
		"14": {
			"body": {
				"body": {
					"5": {
						"expression": {
							"arguments": {
								"1": {
									"body": {
										"body": {
											"4": {
												"consequent": {
													"body": {
														"0": {
															"consequent": {
																"body": {
																	"0": {
																		"expression": {
																			"right": {
																				"arguments": {
																					"0": {
																						"type": "MemberExpression",
																						"computed": false,
																						"object": {
																							"type": "Identifier",
																							"name": "right"
																						},
																						"property": {
																							"type": "Identifier",
																							"name": "params"
																						}
																					}
																				}
																			}
																		}
																	}
																}
															}
														}
													}
												}
											}
										}
									}
								}
							}
						}
					}
				}
			}
		},
		"17": {
			"body": {
				"body": {
					"7": {
						"argument": {
							"type": "Identifier",
							"name": "deps"
						}
					}
				}
			}
		}
	}
}