{
	"body": {
		"11": {
			"body": {
				"body": {
					"3": {
						"type": "ReturnStatement",
						"argument": {
							"type": "Identifier",
							"name": "module"
						}
					}
				}
			}
		},
		"14": {
			"body": {
				"body": {
					"5": {
						"expression": {
							"arguments": {
								"1": {
									"body": {
										"body": {
											"5": {
												"declarations": {
													"0": {
														"init": {
															"arguments": {
																"2": {
																	"type": "ObjectExpression",
																	"properties": []
																}
															}
														}
													}
												}
											}
										}
									}
								}
							}
						}
					}
				}
			}
		}
	}
}