{
	"body": {
		"8": {
			"body": {
				"body": {
					"7": {
						"expression": {
							"arguments": {
								"1": {
									"body": {
										"body": {
											"8": {
												"declarations": {
													"0": {
														"init": {
															"properties": {
																"1": {
																	"key": {
																		"name": "type"
																	},
																	"value": {
																		"name": "type"
																	}
																},
																"2": {
																	"key": {
																		"name": "module"
																	},
																	"value": {
																		"name": "module"
																	}
																},
																"3": {
																	"type": "Property",
																	"key": {
																		"type": "Identifier",
																		"name": "deps"
																	},
																	"computed": false,
																	"value": {
																		"type": "Identifier",
																		"name": "deps"
																	},
																	"kind": "init",
																	"method": false,
																	"shorthand": false
																}
															}
														}
													}
												}
											}
										}
									}
								}
							}
						}
					}
				}
			}
		},
		"14": {
			"body": {
				"body": {
					"5": {
						"expression": {
							"arguments": {
								"1": {
									"body": {
										"body": {
											"4": {
												"consequent": {
													"body": {
														"1": {
															"consequent": {
																"body": {
																	"1": {
																		"type": "ReturnStatement",
																		"argument": {
																			"type": "Literal",
																			"value": true,
																			"raw": "true"
																		}
																	}
																}
															}
														}
													}
												}
											},
											"6": {
												"consequent": {
													"body": {
														"0": {
															"consequent": {
																"body": {
																	"1": {
																		"type": "ReturnStatement",
																		"argument": {
																			"type": "Literal",
																			"value": true,
																			"raw": "true"
																		}
																	}
																}
															}
														}
													}
												}
											}
										}
									}
								}
							}
						}
					}
				}
			}
		},
		"18": {
			"body": {
				"body": {
					"2": {
						"declarations": {
							"0": {
								"id": {
									"name": "value"
								},
								"init": {
									"type": "CallExpression",
									"callee": {
										"type": "MemberExpression",
										"computed": false,
										"object": {
											"type": "Identifier",
											"name": "_"
										},
										"property": {
											"type": "Identifier",
											"name": "get"
										}
									},
									"arguments": [
										{
											"type": "Identifier",
											"name": "prop"
										},
										{
											"type": "Literal",
											"value": "value",
											"raw": "'value'"
										},
										{
											"type": "ObjectExpression",
											"properties": []
										}
									]
								}
							}
						}
					},
					"3": {
						"type": "VariableDeclaration",
						"declarations": [
							{
								"type": "VariableDeclarator",
								"id": {
									"type": "Identifier",
									"name": "deps"
								},
								"init": {
									"type": "ArrayExpression",
									"elements": []
								}
							}
						]
					},
					"4": {
						"test": {
							"right": {
								"value": "FunctionExpression",
								"raw": "'FunctionExpression'"
							}
						},
						"consequent": {
							"body": {
								"0": {
									"expression": {
										"right": {
											"callee": {
												"name": "extractDeps"
											},
											"arguments": {
												"0": {
													"property": {
														"name": "params"
													}
												}
											}
										}
									}
								}
							}
						}
					},
					"5": {
						"type": "IfStatement",
						"test": {
							"type": "BinaryExpression",
							"operator": "===",
							"left": {
								"type": "MemberExpression",
								"computed": false,
								"object": {
									"type": "Identifier",
									"name": "value"
								},
								"property": {
									"type": "Identifier",
									"name": "type"
								}
							},
							"right": {
								"type": "Literal",
								"value": "Identifier",
								"raw": "'Identifier'"
							}
						},
						"consequent": {
							"type": "BlockStatement",
							"body": [
								{
									"type": "ExpressionStatement",
									"expression": {
										"type": "AssignmentExpression",
										"operator": "=",
										"left": {
											"type": "Identifier",
											"name": "deps"
										},
										"right": {
											"type": "CallExpression",
											"callee": {
												"type": "Identifier",
												"name": "extractVariableDeps"
											},
											"arguments": [
												{
													"type": "MemberExpression",
													"computed": false,
													"object": {
														"type": "Identifier",
														"name": "value"
													},
													"property": {
														"type": "Identifier",
														"name": "name"
													}
												},
												{
													"type": "Identifier",
													"name": "scope"
												}
											]
										}
									}
								}
							]
						}
					},
					"6": {
						"type": "ReturnStatement",
						"argument": {
							"type": "Identifier",
							"name": "deps"
						}
					}
				}
			}
		}
	}
}