{
	"body": {
		"4": {
			"declarations": {
				"0": {
					"init": {
						"arguments": {
							"0": {
								"type": "Literal",
								"value": "lodash",
								"raw": "'lodash'"
							}
						}
					}
				}
			}
		},
		"8": {
			"body": {
				"body": {
					"3": {
						"declarations": {
							"0": {
								"init": {
									"arguments": {
										"0": {
											"type": "Identifier",
											"name": "ast"
										}
									}
								}
							}
						}
					},
					"7": {
						"expression": {
							"arguments": {
								"1": {
									"type": "FunctionExpression",
									"id": null,
									"params": [
										{
											"type": "Identifier",
											"name": "call"
										}
									],
									"body": {
										"type": "BlockStatement",
										"body": [
											{
												"type": "VariableDeclaration",
												"declarations": [
													{
														"type": "VariableDeclarator",
														"id": {
															"type": "Identifier",
															"name": "name"
														},
														"init": {
															"type": "CallExpression",
															"callee": {
																"type": "Identifier",
																"name": "findName"
															},
															"arguments": [
																{
																	"type": "MemberExpression",
																	"computed": false,
																	"object": {
																		"type": "Identifier",
																		"name": "call"
																	},
																	"property": {
																		"type": "Identifier",
																		"name": "node"
																	}
																},
																{
																	"type": "MemberExpression",
																	"computed": false,
																	"object": {
																		"type": "Identifier",
																		"name": "call"
																	},
																	"property": {
																		"type": "Identifier",
																		"name": "scope"
																	}
																}
															]
														}
													}
												],
												"kind": "var"
											},
											{
												"type": "IfStatement",
												"test": {
													"type": "CallExpression",
													"callee": {
														"type": "MemberExpression",
														"computed": false,
														"object": {
															"type": "Identifier",
															"name": "_"
														},
														"property": {
															"type": "Identifier",
															"name": "isUndefined"
														}
													},
													"arguments": [
														{
															"type": "Identifier",
															"name": "name"
														}
													]
												},
												"consequent": {
													"type": "BlockStatement",
													"body": [
														{
															"type": "ReturnStatement",
															"argument": null
														}
													]
												},
												"alternate": null
											},
											{
												"type": "VariableDeclaration",
												"declarations": [
													{
														"type": "VariableDeclarator",
														"id": {
															"type": "Identifier",
															"name": "type"
														},
														"init": {
															"type": "CallExpression",
															"callee": {
																"type": "Identifier",
																"name": "findType"
															},
															"arguments": [
																{
																	"type": "MemberExpression",
																	"computed": false,
																	"object": {
																		"type": "Identifier",
																		"name": "call"
																	},
																	"property": {
																		"type": "Identifier",
																		"name": "node"
																	}
																},
																{
																	"type": "MemberExpression",
																	"computed": false,
																	"object": {
																		"type": "Identifier",
																		"name": "call"
																	},
																	"property": {
																		"type": "Identifier",
																		"name": "scope"
																	}
																}
															]
														}
													}
												],
												"kind": "var"
											},
											{
												"type": "IfStatement",
												"test": {
													"type": "CallExpression",
													"callee": {
														"type": "MemberExpression",
														"computed": false,
														"object": {
															"type": "Identifier",
															"name": "_"
														},
														"property": {
															"type": "Identifier",
															"name": "isUndefined"
														}
													},
													"arguments": [
														{
															"type": "Identifier",
															"name": "type"
														}
													]
												},
												"consequent": {
													"type": "BlockStatement",
													"body": [
														{
															"type": "ReturnStatement",
															"argument": null
														}
													]
												},
												"alternate": null
											},
											{
												"type": "VariableDeclaration",
												"declarations": [
													{
														"type": "VariableDeclarator",
														"id": {
															"type": "Identifier",
															"name": "module"
														},
														"init": {
															"type": "CallExpression",
															"callee": {
																"type": "Identifier",
																"name": "findModule"
															},
															"arguments": [
																{
																	"type": "MemberExpression",
																	"computed": false,
																	"object": {
																		"type": "Identifier",
																		"name": "call"
																	},
																	"property": {
																		"type": "Identifier",
																		"name": "node"
																	}
																},
																{
																	"type": "MemberExpression",
																	"computed": false,
																	"object": {
																		"type": "Identifier",
																		"name": "call"
																	},
																	"property": {
																		"type": "Identifier",
																		"name": "scope"
																	}
																}
															]
														}
													}
												],
												"kind": "var"
											},
											{
												"type": "IfStatement",
												"test": {
													"type": "CallExpression",
													"callee": {
														"type": "MemberExpression",
														"computed": false,
														"object": {
															"type": "Identifier",
															"name": "_"
														},
														"property": {
															"type": "Identifier",
															"name": "isUndefined"
														}
													},
													"arguments": [
														{
															"type": "MemberExpression",
															"computed": false,
															"object": {
																"type": "Identifier",
																"name": "module"
															},
															"property": {
																"type": "Identifier",
																"name": "name"
															}
														}
													]
												},
												"consequent": {
													"type": "BlockStatement",
													"body": [
														{
															"type": "ReturnStatement",
															"argument": null
														}
													]
												},
												"alternate": null
											},
											{
												"type": "VariableDeclaration",
												"declarations": [
													{
														"type": "VariableDeclarator",
														"id": {
															"type": "Identifier",
															"name": "deps"
														},
														"init": {
															"type": "CallExpression",
															"callee": {
																"type": "Identifier",
																"name": "findDeps"
															},
															"arguments": [
																{
																	"type": "MemberExpression",
																	"computed": false,
																	"object": {
																		"type": "Identifier",
																		"name": "call"
																	},
																	"property": {
																		"type": "Identifier",
																		"name": "node"
																	}
																},
																{
																	"type": "MemberExpression",
																	"computed": false,
																	"object": {
																		"type": "Identifier",
																		"name": "call"
																	},
																	"property": {
																		"type": "Identifier",
																		"name": "scope"
																	}
																},
																{
																	"type": "Identifier",
																	"name": "type"
																}
															]
														}
													}
												],
												"kind": "var"
											},
											{
												"type": "IfStatement",
												"test": {
													"type": "CallExpression",
													"callee": {
														"type": "MemberExpression",
														"computed": false,
														"object": {
															"type": "Identifier",
															"name": "_"
														},
														"property": {
															"type": "Identifier",
															"name": "findWhere"
														}
													},
													"arguments": [
														{
															"type": "Identifier",
															"name": "deps"
														},
														{
															"type": "ObjectExpression",
															"properties": [
																{
																	"type": "Property",
																	"key": {
																		"type": "Identifier",
																		"name": "name"
																	},
																	"computed": false,
																	"value": {
																		"type": "Identifier",
																		"name": "name"
																	},
																	"kind": "init",
																	"method": false,
																	"shorthand": false
																}
															]
														}
													]
												},
												"consequent": {
													"type": "BlockStatement",
													"body": [
														{
															"type": "ThrowStatement",
															"argument": {
																"type": "NewExpression",
																"callee": {
																	"type": "Identifier",
																	"name": "UserError"
																},
																"arguments": [
																	{
																		"type": "BinaryExpression",
																		"operator": "+",
																		"left": {
																			"type": "BinaryExpression",
																			"operator": "+",
																			"left": {
																				"type": "BinaryExpression",
																				"operator": "+",
																				"left": {
																					"type": "BinaryExpression",
																					"operator": "+",
																					"left": {
																						"type": "Literal",
																						"value": "Circular dependency for ",
																						"raw": "'Circular dependency for '"
																					},
																					"right": {
																						"type": "Identifier",
																						"name": "type"
																					}
																				},
																				"right": {
																					"type": "Literal",
																					"value": " \"",
																					"raw": "' \"'"
																				}
																			},
																			"right": {
																				"type": "Identifier",
																				"name": "name"
																			}
																		},
																		"right": {
																			"type": "Literal",
																			"value": "\".",
																			"raw": "'\".'"
																		}
																	}
																]
															}
														}
													]
												},
												"alternate": null
											},
											{
												"type": "VariableDeclaration",
												"declarations": [
													{
														"type": "VariableDeclarator",
														"id": {
															"type": "Identifier",
															"name": "unit"
														},
														"init": {
															"type": "ObjectExpression",
															"properties": [
																{
																	"type": "Property",
																	"key": {
																		"type": "Identifier",
																		"name": "name"
																	},
																	"computed": false,
																	"value": {
																		"type": "Identifier",
																		"name": "name"
																	},
																	"kind": "init",
																	"method": false,
																	"shorthand": false
																},
																{
																	"type": "Property",
																	"key": {
																		"type": "Identifier",
																		"name": "type"
																	},
																	"computed": false,
																	"value": {
																		"type": "Identifier",
																		"name": "type"
																	},
																	"kind": "init",
																	"method": false,
																	"shorthand": false
																},
																{
																	"type": "Property",
																	"key": {
																		"type": "Identifier",
																		"name": "module"
																	},
																	"computed": false,
																	"value": {
																		"type": "Identifier",
																		"name": "module"
																	},
																	"kind": "init",
																	"method": false,
																	"shorthand": false
																},
																{
																	"type": "Property",
																	"key": {
																		"type": "Identifier",
																		"name": "deps"
																	},
																	"computed": false,
																	"value": {
																		"type": "Identifier",
																		"name": "deps"
																	},
																	"kind": "init",
																	"method": false,
																	"shorthand": false
																}
															]
														}
													}
												],
												"kind": "var"
											},
											{
												"type": "ExpressionStatement",
												"expression": {
													"type": "CallExpression",
													"callee": {
														"type": "MemberExpression",
														"computed": false,
														"object": {
															"type": "Identifier",
															"name": "units"
														},
														"property": {
															"type": "Identifier",
															"name": "unshift"
														}
													},
													"arguments": [
														{
															"type": "Identifier",
															"name": "unit"
														}
													]
												}
											}
										]
									},
									"generator": false,
									"expression": false,
									"async": false
								}
							}
						}
					}
				}
			}
		},
		"9": {
			"body": {
				"body": {
					"1": {
						"declarations": {
							"0": {
								"init": {
									"arguments": {
										"2": {
											"type": "ObjectExpression",
											"properties": []
										}
									}
								}
							}
						}
					}
				}
			}
		},
		"12": {
			"body": {
				"body": {
					"4": {
						"consequent": {
							"body": {
								"0": {
									"argument": {
										"type": "CallExpression",
										"callee": {
											"type": "Identifier",
											"name": "findComponentDeps"
										},
										"arguments": [
											{
												"type": "Identifier",
												"name": "depsArg"
											},
											{
												"type": "Identifier",
												"name": "scope"
											}
										]
									}
								}
							}
						}
					}
				}
			}
		},
		"14": {
			"body": {
				"body": {
					"4": {
						"declarations": {
							"0": {
								"init": {
									"arguments": {
										"1": {
											"type": "Literal",
											"value": "body",
											"raw": "'body'"
										}
									}
								}
							}
						}
					},
					"5": {
						"type": "ExpressionStatement",
						"expression": {
							"type": "CallExpression",
							"callee": {
								"type": "MemberExpression",
								"computed": false,
								"object": {
									"type": "Identifier",
									"name": "_"
								},
								"property": {
									"type": "Identifier",
									"name": "some"
								}
							},
							"arguments": [
								{
									"type": "Identifier",
									"name": "depsFnBodyExpressions"
								},
								{
									"type": "FunctionExpression",
									"id": null,
									"params": [
										{
											"type": "Identifier",
											"name": "bodyExpression"
										}
									],
									"body": {
										"type": "BlockStatement",
										"body": [
											{
												"type": "VariableDeclaration",
												"declarations": [
													{
														"type": "VariableDeclarator",
														"id": {
															"type": "Identifier",
															"name": "type"
														},
														"init": {
															"type": "CallExpression",
															"callee": {
																"type": "MemberExpression",
																"computed": false,
																"object": {
																	"type": "Identifier",
																	"name": "_"
																},
																"property": {
																	"type": "Identifier",
																	"name": "get"
																}
															},
															"arguments": [
																{
																	"type": "Identifier",
																	"name": "bodyExpression"
																},
																{
																	"type": "Literal",
																	"value": "type",
																	"raw": "'type'"
																}
															]
														}
													}
												],
												"kind": "var"
											},
											{
												"type": "VariableDeclaration",
												"declarations": [
													{
														"type": "VariableDeclarator",
														"id": {
															"type": "Identifier",
															"name": "expression"
														},
														"init": {
															"type": "CallExpression",
															"callee": {
																"type": "MemberExpression",
																"computed": false,
																"object": {
																	"type": "Identifier",
																	"name": "_"
																},
																"property": {
																	"type": "Identifier",
																	"name": "get"
																}
															},
															"arguments": [
																{
																	"type": "Identifier",
																	"name": "bodyExpression"
																},
																{
																	"type": "Literal",
																	"value": "expression",
																	"raw": "'expression'"
																},
																{
																	"type": "ObjectExpression",
																	"properties": []
																}
															]
														}
													}
												],
												"kind": "var"
											},
											{
												"type": "VariableDeclaration",
												"declarations": [
													{
														"type": "VariableDeclarator",
														"id": {
															"type": "Identifier",
															"name": "leftProp"
														},
														"init": {
															"type": "CallExpression",
															"callee": {
																"type": "MemberExpression",
																"computed": false,
																"object": {
																	"type": "Identifier",
																	"name": "_"
																},
																"property": {
																	"type": "Identifier",
																	"name": "get"
																}
															},
															"arguments": [
																{
																	"type": "Identifier",
																	"name": "expression"
																},
																{
																	"type": "Literal",
																	"value": "left.property",
																	"raw": "'left.property'"
																},
																{
																	"type": "ObjectExpression",
																	"properties": []
																}
															]
														}
													}
												],
												"kind": "var"
											},
											{
												"type": "VariableDeclaration",
												"declarations": [
													{
														"type": "VariableDeclarator",
														"id": {
															"type": "Identifier",
															"name": "right"
														},
														"init": {
															"type": "CallExpression",
															"callee": {
																"type": "MemberExpression",
																"computed": false,
																"object": {
																	"type": "Identifier",
																	"name": "_"
																},
																"property": {
																	"type": "Identifier",
																	"name": "get"
																}
															},
															"arguments": [
																{
																	"type": "Identifier",
																	"name": "expression"
																},
																{
																	"type": "Literal",
																	"value": "right",
																	"raw": "'right'"
																},
																{
																	"type": "ObjectExpression",
																	"properties": []
																}
															]
														}
													}
												],
												"kind": "var"
											},
											{
												"type": "IfStatement",
												"test": {
													"type": "LogicalExpression",
													"operator": "&&",
													"left": {
														"type": "BinaryExpression",
														"operator": "===",
														"left": {
															"type": "Identifier",
															"name": "type"
														},
														"right": {
															"type": "Literal",
															"value": "ExpressionStatement",
															"raw": "'ExpressionStatement'"
														}
													},
													"right": {
														"type": "BinaryExpression",
														"operator": "===",
														"left": {
															"type": "MemberExpression",
															"computed": false,
															"object": {
																"type": "Identifier",
																"name": "leftProp"
															},
															"property": {
																"type": "Identifier",
																"name": "name"
															}
														},
														"right": {
															"type": "Literal",
															"value": "$get",
															"raw": "'$get'"
														}
													}
												},
												"consequent": {
													"type": "BlockStatement",
													"body": [
														{
															"type": "IfStatement",
															"test": {
																"type": "BinaryExpression",
																"operator": "===",
																"left": {
																	"type": "MemberExpression",
																	"computed": false,
																	"object": {
																		"type": "Identifier",
																		"name": "right"
																	},
																	"property": {
																		"type": "Identifier",
																		"name": "type"
																	}
																},
																"right": {
																	"type": "Literal",
																	"value": "FunctionExpression",
																	"raw": "'FunctionExpression'"
																}
															},
															"consequent": {
																"type": "BlockStatement",
																"body": [
																	{
																		"type": "ExpressionStatement",
																		"expression": {
																			"type": "AssignmentExpression",
																			"operator": "=",
																			"left": {
																				"type": "Identifier",
																				"name": "deps"
																			},
																			"right": {
																				"type": "CallExpression",
																				"callee": {
																					"type": "Identifier",
																					"name": "extractDeps"
																				},
																				"arguments": [
																					{
																						"type": "MemberExpression",
																						"computed": false,
																						"object": {
																							"type": "Identifier",
																							"name": "right"
																						},
																						"property": {
																							"type": "Identifier",
																							"name": "params"
																						}
																					}
																				]
																			}
																		}
																	},
																	{
																		"type": "ReturnStatement",
																		"argument": {
																			"type": "Literal",
																			"value": true,
																			"raw": "true"
																		}
																	}
																]
															},
															"alternate": null
														},
														{
															"type": "IfStatement",
															"test": {
																"type": "BinaryExpression",
																"operator": "===",
																"left": {
																	"type": "MemberExpression",
																	"computed": false,
																	"object": {
																		"type": "Identifier",
																		"name": "right"
																	},
																	"property": {
																		"type": "Identifier",
																		"name": "type"
																	}
																},
																"right": {
																	"type": "Literal",
																	"value": "Identifier",
																	"raw": "'Identifier'"
																}
															},
															"consequent": {
																"type": "BlockStatement",
																"body": [
																	{
																		"type": "ExpressionStatement",
																		"expression": {
																			"type": "AssignmentExpression",
																			"operator": "=",
																			"left": {
																				"type": "Identifier",
																				"name": "deps"
																			},
																			"right": {
																				"type": "CallExpression",
																				"callee": {
																					"type": "Identifier",
																					"name": "extractVariableDeps"
																				},
																				"arguments": [
																					{
																						"type": "MemberExpression",
																						"computed": false,
																						"object": {
																							"type": "Identifier",
																							"name": "right"
																						},
																						"property": {
																							"type": "Identifier",
																							"name": "name"
																						}
																					},
																					{
																						"type": "Identifier",
																						"name": "depsFnScope"
																					}
																				]
																			}
																		}
																	},
																	{
																		"type": "ReturnStatement",
																		"argument": {
																			"type": "Literal",
																			"value": true,
																			"raw": "true"
																		}
																	}
																]
															},
															"alternate": null
														}
													]
												},
												"alternate": null
											},
											{
												"type": "VariableDeclaration",
												"declarations": [
													{
														"type": "VariableDeclarator",
														"id": {
															"type": "Identifier",
															"name": "argument"
														},
														"init": {
															"type": "CallExpression",
															"callee": {
																"type": "MemberExpression",
																"computed": false,
																"object": {
																	"type": "Identifier",
																	"name": "_"
																},
																"property": {
																	"type": "Identifier",
																	"name": "get"
																}
															},
															"arguments": [
																{
																	"type": "Identifier",
																	"name": "bodyExpression"
																},
																{
																	"type": "Literal",
																	"value": "argument",
																	"raw": "'argument'"
																},
																{
																	"type": "ObjectExpression",
																	"properties": []
																}
															]
														}
													}
												],
												"kind": "var"
											},
											{
												"type": "IfStatement",
												"test": {
													"type": "BinaryExpression",
													"operator": "===",
													"left": {
														"type": "Identifier",
														"name": "type"
													},
													"right": {
														"type": "Literal",
														"value": "ReturnStatement",
														"raw": "'ReturnStatement'"
													}
												},
												"consequent": {
													"type": "BlockStatement",
													"body": [
														{
															"type": "IfStatement",
															"test": {
																"type": "BinaryExpression",
																"operator": "===",
																"left": {
																	"type": "MemberExpression",
																	"computed": false,
																	"object": {
																		"type": "Identifier",
																		"name": "argument"
																	},
																	"property": {
																		"type": "Identifier",
																		"name": "type"
																	}
																},
																"right": {
																	"type": "Literal",
																	"value": "ObjectExpression",
																	"raw": "'ObjectExpression'"
																}
															},
															"consequent": {
																"type": "BlockStatement",
																"body": [
																	{
																		"type": "ExpressionStatement",
																		"expression": {
																			"type": "AssignmentExpression",
																			"operator": "=",
																			"left": {
																				"type": "Identifier",
																				"name": "deps"
																			},
																			"right": {
																				"type": "CallExpression",
																				"callee": {
																					"type": "Identifier",
																					"name": "extractObjectPropertyDeps"
																				},
																				"arguments": [
																					{
																						"type": "Identifier",
																						"name": "argument"
																					},
																					{
																						"type": "Literal",
																						"value": "$get",
																						"raw": "'$get'"
																					},
																					{
																						"type": "Identifier",
																						"name": "depsFnScope"
																					}
																				]
																			}
																		}
																	},
																	{
																		"type": "ReturnStatement",
																		"argument": {
																			"type": "Literal",
																			"value": true,
																			"raw": "true"
																		}
																	}
																]
															},
															"alternate": null
														},
														{
															"type": "IfStatement",
															"test": {
																"type": "BinaryExpression",
																"operator": "===",
																"left": {
																	"type": "MemberExpression",
																	"computed": false,
																	"object": {
																		"type": "Identifier",
																		"name": "argument"
																	},
																	"property": {
																		"type": "Identifier",
																		"name": "type"
																	}
																},
																"right": {
																	"type": "Literal",
																	"value": "Identifier",
																	"raw": "'Identifier'"
																}
															},
															"consequent": {
																"type": "BlockStatement",
																"body": [
																	{
																		"type": "VariableDeclaration",
																		"declarations": [
																			{
																				"type": "VariableDeclarator",
																				"id": {
																					"type": "Identifier",
																					"name": "varNode"
																				},
																				"init": {
																					"type": "CallExpression",
																					"callee": {
																						"type": "Identifier",
																						"name": "findVariable"
																					},
																					"arguments": [
																						{
																							"type": "MemberExpression",
																							"computed": false,
																							"object": {
																								"type": "Identifier",
																								"name": "argument"
																							},
																							"property": {
																								"type": "Identifier",
																								"name": "name"
																							}
																						},
																						{
																							"type": "Identifier",
																							"name": "depsFnScope"
																						}
																					]
																				}
																			}
																		],
																		"kind": "var"
																	},
																	{
																		"type": "IfStatement",
																		"test": {
																			"type": "LogicalExpression",
																			"operator": "&&",
																			"left": {
																				"type": "Identifier",
																				"name": "varNode"
																			},
																			"right": {
																				"type": "BinaryExpression",
																				"operator": "===",
																				"left": {
																					"type": "CallExpression",
																					"callee": {
																						"type": "MemberExpression",
																						"computed": false,
																						"object": {
																							"type": "Identifier",
																							"name": "_"
																						},
																						"property": {
																							"type": "Identifier",
																							"name": "get"
																						}
																					},
																					"arguments": [
																						{
																							"type": "Identifier",
																							"name": "varNode"
																						},
																						{
																							"type": "Literal",
																							"value": "init.type",
																							"raw": "'init.type'"
																						}
																					]
																				},
																				"right": {
																					"type": "Literal",
																					"value": "ObjectExpression",
																					"raw": "'ObjectExpression'"
																				}
																			}
																		},
																		"consequent": {
																			"type": "BlockStatement",
																			"body": [
																				{
																					"type": "ExpressionStatement",
																					"expression": {
																						"type": "AssignmentExpression",
																						"operator": "=",
																						"left": {
																							"type": "Identifier",
																							"name": "deps"
																						},
																						"right": {
																							"type": "CallExpression",
																							"callee": {
																								"type": "Identifier",
																								"name": "extractObjectPropertyDeps"
																							},
																							"arguments": [
																								{
																									"type": "MemberExpression",
																									"computed": false,
																									"object": {
																										"type": "Identifier",
																										"name": "varNode"
																									},
																									"property": {
																										"type": "Identifier",
																										"name": "init"
																									}
																								},
																								{
																									"type": "Literal",
																									"value": "$get",
																									"raw": "'$get'"
																								},
																								{
																									"type": "Identifier",
																									"name": "depsFnScope"
																								}
																							]
																						}
																					}
																				},
																				{
																					"type": "ReturnStatement",
																					"argument": {
																						"type": "Literal",
																						"value": true,
																						"raw": "true"
																					}
																				}
																			]
																		},
																		"alternate": null
																	}
																]
															},
															"alternate": null
														}
													]
												},
												"alternate": null
											}
										]
									},
									"generator": false,
									"expression": false,
									"async": false
								}
							]
						}
					},
					"6": {
						"type": "ReturnStatement",
						"argument": {
							"type": "Identifier",
							"name": "deps"
						}
					}
				}
			}
		},
		"15": {
			"body": {
				"body": {
					"0": {
						"consequent": {
							"body": {
								"0": {
									"argument": {
										"type": "ArrayExpression",
										"elements": []
									}
								}
							}
						}
					}
				}
			}
		},
		"16": {
			"body": {
				"body": {
					"4": {
						"declarations": {
							"0": {
								"init": {
									"type": "CallExpression",
									"callee": {
										"type": "MemberExpression",
										"computed": false,
										"object": {
											"type": "Identifier",
											"name": "_"
										},
										"property": {
											"type": "Identifier",
											"name": "get"
										}
									},
									"arguments": [
										{
											"type": "Identifier",
											"name": "variable"
										},
										{
											"type": "Literal",
											"value": "defs[0].node",
											"raw": "'defs[0].node'"
										}
									]
								}
							}
						}
					}
				}
			}
		},
		"17": {
			"params": {
				"1": {
					"type": "Identifier",
					"name": "scope"
				}
			},
			"body": {
				"body": {
					"1": {
						"consequent": {
							"body": {
								"0": {
									"type": "ReturnStatement",
									"argument": {
										"type": "ArrayExpression",
										"elements": []
									}
								}
							}
						}
					},
					"3": {
						"declarations": {
							"0": {
								"init": {
									"arguments": {
										"1": {
											"type": "Literal",
											"value": "type",
											"raw": "'type'"
										}
									}
								}
							}
						}
					},
					"5": {
						"consequent": {
							"body": {
								"0": {
									"expression": {
										"right": {
											"arguments": {
												"2": {
													"type": "ArrayExpression",
													"elements": []
												}
											}
										}
									}
								}
							}
						}
					}
				}
			}
		},
		"19": {
			"type": "FunctionDeclaration",
			"id": {
				"type": "Identifier",
				"name": "findScope"
			},
			"params": [
				{
					"type": "Identifier",
					"name": "ast"
				}
			],
			"body": {
				"type": "BlockStatement",
				"body": [
					{
						"type": "VariableDeclaration",
						"declarations": [
							{
								"type": "VariableDeclarator",
								"id": {
									"type": "Identifier",
									"name": "scopeManager"
								},
								"init": {
									"type": "CallExpression",
									"callee": {
										"type": "MemberExpression",
										"computed": false,
										"object": {
											"type": "Identifier",
											"name": "escope"
										},
										"property": {
											"type": "Identifier",
											"name": "analyze"
										}
									},
									"arguments": [
										{
											"type": "Identifier",
											"name": "ast"
										}
									]
								}
							}
						],
						"kind": "var"
					},
					{
						"type": "VariableDeclaration",
						"declarations": [
							{
								"type": "VariableDeclarator",
								"id": {
									"type": "Identifier",
									"name": "scope"
								},
								"init": {
									"type": "CallExpression",
									"callee": {
										"type": "MemberExpression",
										"computed": false,
										"object": {
											"type": "Identifier",
											"name": "scopeManager"
										},
										"property": {
											"type": "Identifier",
											"name": "acquire"
										}
									},
									"arguments": [
										{
											"type": "Identifier",
											"name": "ast"
										}
									]
								}
							}
						],
						"kind": "var"
					},
					{
						"type": "ReturnStatement",
						"argument": {
							"type": "Identifier",
							"name": "scope"
						}
					}
				]
			},
			"generator": false,
			"expression": false,
			"async": false
		}
	}
}