{
	"body": {
		"15": {
			"body": {
				"body": {
					"2": {
						"expression": {
							"arguments": {
								"1": {
									"body": {
										"body": {
											"0": {
												"consequent": {
													"body": {
														"1": {
															"type": "ExpressionStatement",
															"expression": {
																"type": "CallExpression",
																"callee": {
																	"type": "MemberExpression",
																	"computed": false,
																	"object": {
																		"type": "Identifier",
																		"name": "deps"
																	},
																	"property": {
																		"type": "Identifier",
																		"name": "push"
																	}
																},
																"arguments": [
																	{
																		"type": "Identifier",
																		"name": "dep"
																	}
																]
															}
														}
													}
												}
											}
										}
									}
								}
							}
						}
					}
				}
			}
		},
		"17": {
			"body": {
				"body": {
					"4": {
						"consequent": {
							"body": {
								"0": {
									"expression": {
										"right": {
											"arguments": {
												"1": {
													"type": "Literal"
												},
												"2": {
													"type": "ArrayExpression",
													"elements": []
												}
											}
										}
									}
								}
							}
						}
					}
				}
			}
		}
	}
}