{
	"body": {
		"8": {
			"body": {
				"body": {
					"1": {
						"handler": {
							"body": {
								"body": {
									"0": {
										"type": "ThrowStatement",
										"argument": {
											"type": "NewExpression",
											"callee": {
												"type": "Identifier",
												"name": "UserError"
											},
											"arguments": [
												{
													"type": "Literal",
													"value": "Source file is not valid.",
													"raw": "'Source file is not valid.'"
												},
												{
													"type": "Identifier",
													"name": "err"
												}
											]
										}
									}
								}
							}
						}
					}
				}
			}
		},
		"14": {
			"body": {
				"body": {
					"5": {
						"expression": {
							"arguments": {
								"1": {
									"body": {
										"body": {
											"3": {
												"declarations": {
													"0": {
														"init": {
															"arguments": {
																"1": {
																	"type": "Literal"
																},
																"2": {
																	"type": "ObjectExpression",
																	"properties": []
																}
															}
														}
													}
												}
											},
											"4": {
												"consequent": {
													"body": {
														"1": {
															"consequent": {
																"body": {
																	"0": {
																		"expression": {
																			"right": {
																				"arguments": {
																					"1": {
																						"type": "Identifier",
																						"name": "depsFnScope"
																					}
																				}
																			}
																		}
																	}
																}
															}
														}
													}
												}
											}
										}
									}
								}
							}
						}
					}
				}
			}
		}
	}
}