{
	"body": {
		"14": {
			"body": {
				"body": {
					"5": {
						"expression": {
							"arguments": {
								"1": {
									"params": {
										"0": {
											"type": "Identifier",
											"name": "bodyExpression"
										}
									}
								}
							}
						}
					}
				}
			}
		},
		"15": {
			"body": {
				"body": {
					"0": {
						"consequent": {
							"body": {
								"0": {
									"argument": {
										"type": "ArrayExpression",
										"elements": []
									}
								}
							}
						}
					}
				}
			}
		},
		"16": {
			"body": {
				"body": {
					"5": {
						"type": "ReturnStatement",
						"argument": {
							"type": "Identifier",
							"name": "node"
						}
					}
				}
			}
		},
		"17": {
			"body": {
				"body": {
					"3": {
						"declarations": {
							"0": {
								"init": {
									"arguments": {
										"1": {
											"type": "Literal",
											"value": "type",
											"raw": "'type'"
										}
									}
								}
							}
						}
					}
				}
			}
		}
	}
}