{
	"body": {
		"28": {
			"expression": {
				"right": {
					"body": {
						"body": {
							"0": {
								"declarations": {
									"0": {
										"init": {
											"right": {
												"arguments": {
													"2": {
														"type": "Literal",
														"value": 15,
														"raw": "15"
													}
												}
											}
										}
									}
								}
							}
						}
					}
				}
			}
		},
		"36": {
			"expression": {
				"right": {
					"body": {
						"body": {
							"4": {
								"body": {
									"body": {
										"0": {
											"body": {
												"body": {
													"0": {
														"declarations": {
															"0": {
																"init": {
																	"type": "CallExpression",
																	"callee": {
																		"type": "MemberExpression",
																		"computed": false,
																		"object": {
																			"type": "MemberExpression",
																			"computed": true,
																			"object": {
																				"type": "Identifier",
																				"name": "ints"
																			},
																			"property": {
																				"type": "UpdateExpression",
																				"operator": "++",
																				"argument": {
																					"type": "Identifier",
																					"name": "pos"
																				},
																				"prefix": false
																			}
																		},
																		"property": {
																			"type": "Identifier",
																			"name": "toString"
																		}
																	},
																	"arguments": [
																		{
																			"type": "Literal",
																			"value": 16,
																			"raw": "16"
																		}
																	]
																}
															}
														}
													}
												}
											}
										}
									}
								}
							}
						}
					}
				}
			}
		},
		"37": {
			"expression": {
				"right": {
					"body": {
						"body": {
							"1": {
								"update": {
									"type": "UpdateExpression",
									"operator": "++",
									"argument": {
										"type": "Identifier",
										"name": "i"
									},
									"prefix": false
								},
								"body": {
									"body": {
										"0": {
											"expression": {
												"right": {
													"arguments": {
														"0": {
															"type": "Identifier",
															"name": "i"
														}
													}
												}
											}
										}
									}
								}
							}
						}
					}
				}
			}
		}
	}
}