{
	"body": {
		"10": {
			"expression": {
				"right": {
					"arguments": {
						"0": {
							"type": "Literal",
							"value": 40,
							"raw": "40"
						}
					}
				}
			}
		},
		"36": {
			"expression": {
				"right": {
					"body": {
						"body": {
							"4": {
								"body": {
									"body": {
										"0": {
											"init": {
												"declarations": {
													"0": {
														"init": {
															"type": "Literal",
															"value": 0,
															"raw": "0"
														}
													}
												}
											}
										}
									}
								}
							},
							"5": {
								"type": "ReturnStatement",
								"argument": {
									"type": "CallExpression",
									"callee": {
										"type": "MemberExpression",
										"computed": false,
										"object": {
											"type": "Identifier",
											"name": "UUIDjs"
										},
										"property": {
											"type": "Identifier",
											"name": "fromURN"
										}
									},
									"arguments": [
										{
											"type": "Identifier",
											"name": "str"
										}
									]
								}
							}
						}
					}
				}
			}
		},
		"37": {
			"expression": {
				"right": {
					"body": {
						"body": {
							"1": {
								"body": {
									"body": {
										"1": {
											"type": "IfStatement",
											"test": {
												"type": "LogicalExpression",
												"operator": "||",
												"left": {
													"type": "BinaryExpression",
													"operator": ">",
													"left": {
														"type": "MemberExpression",
														"computed": true,
														"object": {
															"type": "Identifier",
															"name": "ints"
														},
														"property": {
															"type": "Identifier",
															"name": "i"
														}
													},
													"right": {
														"type": "Literal",
														"value": 255,
														"raw": "255"
													}
												},
												"right": {
													"type": "BinaryExpression",
													"operator": "<",
													"left": {
														"type": "MemberExpression",
														"computed": true,
														"object": {
															"type": "Identifier",
															"name": "ints"
														},
														"property": {
															"type": "Identifier",
															"name": "i"
														}
													},
													"right": {
														"type": "Literal",
														"value": 0,
														"raw": "0"
													}
												}
											},
											"consequent": {
												"type": "BlockStatement",
												"body": [
													{
														"type": "ThrowStatement",
														"argument": {
															"type": "NewExpression",
															"callee": {
																"type": "Identifier",
																"name": "Error"
															},
															"arguments": [
																{
																	"type": "Literal",
																	"value": "Unexpected byte in binary data.",
																	"raw": "'Unexpected byte in binary data.'"
																}
															]
														}
													}
												]
											},
											"alternate": null
										}
									}
								}
							}
						}
					}
				}
			}
		}
	}
}