{
	"body": {
		"30": {
			"expression": {
				"right": {
					"body": {
						"body": {
							"6": {
								"alternate": {
									"consequent": {
										"body": {
											"0": {
												"type": "ExpressionStatement",
												"expression": {
													"type": "AssignmentExpression",
													"operator": "+=",
													"left": {
														"type": "Identifier",
														"name": "tick"
													},
													"right": {
														"type": "BinaryExpression",
														"operator": "+",
														"left": {
															"type": "Literal",
															"value": 1,
															"raw": "1"
														},
														"right": {
															"type": "CallExpression",
															"callee": {
																"type": "MemberExpression",
																"computed": false,
																"object": {
																	"type": "Identifier",
																	"name": "UUIDjs"
																},
																"property": {
																	"type": "Identifier",
																	"name": "randomUI04"
																}
															},
															"arguments": []
														}
													}
												}
											}
										}
									}
								}
							}
						}
					}
				}
			}
		},
		"36": {
			"expression": {
				"right": {
					"body": {
						"body": {
							"4": {
								"body": {
									"body": {
										"0": {
											"init": {
												"type": "VariableDeclaration",
												"declarations": [
													{
														"type": "VariableDeclarator",
														"id": {
															"type": "Identifier",
															"name": "j"
														},
														"init": {
															"type": "Literal",
															"value": 0,
															"raw": "0"
														}
													}
												],
												"kind": "var"
											}
										}
									}
								}
							}
						}
					}
				}
			}
		}
	}
}