{
	"body": {
		"27": {
			"expression": {
				"right": {
					"body": {
						"body": {
							"1": {
								"consequent": {
									"body": {
										"0": {
											"type": "ReturnStatement",
											"argument": {
												"type": "Literal",
												"value": false,
												"raw": "false"
											}
										}
									}
								}
							}
						}
					}
				}
			}
		},
		"35": {
			"expression": {
				"right": {
					"body": {
						"body": {
							"1": {
								"consequent": {
									"body": {
										"0": {
											"argument": {
												"arguments": {
													"1": {
														"arguments": {
															"0": {
																"property": {
																	"value": 2,
																	"raw": "2"
																}
															}
														}
													},
													"2": {
														"arguments": {
															"0": {
																"property": {
																	"value": 3,
																	"raw": "3"
																}
															}
														}
													},
													"3": {
														"arguments": {
															"0": {
																"property": {
																	"value": 4,
																	"raw": "4"
																}
															}
														}
													},
													"4": {
														"arguments": {
															"0": {
																"property": {
																	"value": 5,
																	"raw": "5"
																}
															}
														}
													},
													"5": {
														"type": "CallExpression",
														"callee": {
															"type": "Identifier",
															"name": "parseInt"
														},
														"arguments": [
															{
																"type": "MemberExpression",
																"computed": true,
																"object": {
																	"type": "Identifier",
																	"name": "r"
																},
																"property": {
																	"type": "Literal",
																	"value": 6,
																	"raw": "6"
																}
															},
															{
																"type": "Literal",
																"value": 16,
																"raw": "16"
															}
														]
													}
												}
											}
										}
									}
								}
							}
						}
					}
				}
			}
		},
		"36": {
			"expression": {
				"right": {
					"body": {
						"body": {
							"4": {
								"body": {
									"body": {
										"0": {
											"init": {
												"declarations": {
													"0": {
														"init": {
															"type": "Literal",
															"value": 0,
															"raw": "0"
														}
													}
												}
											}
										}
									}
								}
							}
						}
					}
				}
			}
		},
		"37": {
			"expression": {
				"right": {
					"body": {
						"body": {
							"1": {
								"body": {
									"body": {
										"1": {
											"type": "IfStatement",
											"test": {
												"type": "LogicalExpression",
												"operator": "||",
												"left": {
													"type": "BinaryExpression",
													"operator": ">",
													"left": {
														"type": "MemberExpression",
														"computed": true,
														"object": {
															"type": "Identifier",
															"name": "ints"
														},
														"property": {
															"type": "Identifier",
															"name": "i"
														}
													},
													"right": {
														"type": "Literal",
														"value": 255,
														"raw": "255"
													}
												},
												"right": {
													"type": "BinaryExpression",
													"operator": "<",
													"left": {
														"type": "MemberExpression",
														"computed": true,
														"object": {
															"type": "Identifier",
															"name": "ints"
														},
														"property": {
															"type": "Identifier",
															"name": "i"
														}
													},
													"right": {
														"type": "Literal",
														"value": 0,
														"raw": "0"
													}
												}
											},
											"consequent": {
												"type": "BlockStatement",
												"body": [
													{
														"type": "ThrowStatement",
														"argument": {
															"type": "NewExpression",
															"callee": {
																"type": "Identifier",
																"name": "Error"
															},
															"arguments": [
																{
																	"type": "Literal",
																	"value": "Unexpected byte in binary data.",
																	"raw": "'Unexpected byte in binary data.'"
																}
															]
														}
													}
												]
											},
											"alternate": null
										}
									}
								}
							}
						}
					}
				}
			}
		}
	}
}