{
	"body": {
		"35": {
			"expression": {
				"right": {
					"body": {
						"body": {
							"1": {
								"consequent": {
									"body": {
										"0": {
											"argument": {
												"arguments": {
													"1": {
														"arguments": {
															"1": {
																"type": "Literal",
																"value": 16,
																"raw": "16"
															}
														}
													}
												}
											}
										}
									}
								}
							}
						}
					}
				}
			}
		}
	}
}