{
	"body": {
		"23": {
			"expression": {
				"right": {
					"body": {
						"body": {
							"1": {
								"expression": {
									"right": {
										"left": {
											"left": {
												"left": {
													"left": {
														"left": {
															"left": {
																"left": {
																	"left": {
																		"left": {
																			"arguments": {
																				"1": {
																					"type": "Literal",
																					"value": 8,
																					"raw": "8"
																				}
																			}
																		}
																	}
																}
															}
														}
													}
												}
											}
										}
									}
								}
							}
						}
					}
				}
			}
		},
		"28": {
			"expression": {
				"right": {
					"body": {
						"body": {
							"2": {
								"argument": {
									"properties": {
										"3": {
											"type": "Property",
											"key": {
												"type": "Identifier",
												"name": "timestamp"
											},
											"computed": false,
											"value": {
												"type": "Identifier",
												"name": "ts"
											},
											"kind": "init",
											"method": false,
											"shorthand": false
										}
									}
								}
							}
						}
					}
				}
			}
		},
		"37": {
			"expression": {
				"right": {
					"body": {
						"body": {
							"0": {
								"declarations": {
									"0": {
										"init": {
											"type": "ArrayExpression",
											"elements": []
										}
									}
								}
							}
						}
					}
				}
			}
		}
	}
}