{
	"body": {
		"35": {
			"expression": {
				"right": {
					"body": {
						"body": {
							"2": {
								"type": "ReturnStatement",
								"argument": {
									"type": "Literal",
									"value": null,
									"raw": "null"
								}
							}
						}
					}
				}
			}
		},
		"36": {
			"expression": {
				"right": {
					"params": {
						"0": {
							"type": "Identifier",
							"name": "ints"
						}
					},
					"body": {
						"body": {
							"5": {
								"argument": {
									"type": "CallExpression",
									"callee": {
										"type": "MemberExpression",
										"computed": false,
										"object": {
											"type": "Identifier",
											"name": "UUIDjs"
										},
										"property": {
											"type": "Identifier",
											"name": "fromURN"
										}
									},
									"arguments": [
										{
											"type": "Identifier",
											"name": "str"
										}
									]
								}
							}
						}
					}
				}
			}
		}
	}
}