{
	"body": {
		"35": {
			"expression": {
				"right": {
					"body": {
						"body": {
							"1": {
								"consequent": {
									"body": {
										"0": {
											"argument": {
												"arguments": {
													"1": {
														"arguments": {
															"0": {
																"property": {
																	"value": 2,
																	"raw": "2"
																}
															}
														}
													},
													"2": {
														"arguments": {
															"0": {
																"property": {
																	"value": 3,
																	"raw": "3"
																}
															},
															"1": {
																"type": "Literal",
																"value": 16,
																"raw": "16"
															}
														}
													},
													"3": {
														"arguments": {
															"0": {
																"property": {
																	"value": 4,
																	"raw": "4"
																}
															}
														}
													},
													"4": {
														"arguments": {
															"0": {
																"property": {
																	"value": 5,
																	"raw": "5"
																}
															}
														}
													},
													"5": {
														"type": "CallExpression",
														"callee": {
															"type": "Identifier",
															"name": "parseInt"
														},
														"arguments": [
															{
																"type": "MemberExpression",
																"computed": true,
																"object": {
																	"type": "Identifier",
																	"name": "r"
																},
																"property": {
																	"type": "Literal",
																	"value": 6,
																	"raw": "6"
																}
															},
															{
																"type": "Literal",
																"value": 16,
																"raw": "16"
															}
														]
													}
												}
											}
										}
									}
								}
							}
						}
					}
				}
			}
		},
		"37": {
			"expression": {
				"right": {
					"body": {
						"body": {
							"2": {
								"argument": {
									"type": "CallExpression",
									"callee": {
										"type": "MemberExpression",
										"computed": false,
										"object": {
											"type": "Identifier",
											"name": "UUIDjs"
										},
										"property": {
											"type": "Identifier",
											"name": "fromBytes"
										}
									},
									"arguments": [
										{
											"type": "Identifier",
											"name": "ints"
										}
									]
								}
							}
						}
					}
				}
			}
		}
	}
}