{
	"body": {
		"36": {
			"expression": {
				"right": {
					"body": {
						"body": {
							"4": {
								"body": {
									"body": {
										"0": {
											"body": {
												"body": {
													"0": {
														"declarations": {
															"0": {
																"init": {
																	"arguments": {
																		"0": {
																			"type": "Literal",
																			"value": 16,
																			"raw": "16"
																		}
																	}
																}
															}
														}
													}
												}
											}
										}
									}
								}
							}
						}
					}
				}
			}
		},
		"37": {
			"expression": {
				"right": {
					"body": {
						"body": {
							"1": {
								"body": {
									"body": {
										"1": {
											"type": "IfStatement",
											"test": {
												"type": "LogicalExpression",
												"operator": "||",
												"left": {
													"type": "BinaryExpression",
													"operator": ">",
													"left": {
														"type": "MemberExpression",
														"computed": true,
														"object": {
															"type": "Identifier",
															"name": "ints"
														},
														"property": {
															"type": "Identifier",
															"name": "i"
														}
													},
													"right": {
														"type": "Literal",
														"value": 255,
														"raw": "255"
													}
												},
												"right": {
													"type": "BinaryExpression",
													"operator": "<",
													"left": {
														"type": "MemberExpression",
														"computed": true,
														"object": {
															"type": "Identifier",
															"name": "ints"
														},
														"property": {
															"type": "Identifier",
															"name": "i"
														}
													},
													"right": {
														"type": "Literal",
														"value": 0,
														"raw": "0"
													}
												}
											},
											"consequent": {
												"type": "BlockStatement",
												"body": [
													{
														"type": "ThrowStatement",
														"argument": {
															"type": "NewExpression",
															"callee": {
																"type": "Identifier",
																"name": "Error"
															},
															"arguments": [
																{
																	"type": "Literal",
																	"value": "Unexpected byte in binary data.",
																	"raw": "'Unexpected byte in binary data.'"
																}
															]
														}
													}
												]
											},
											"alternate": null
										}
									}
								}
							}
						}
					}
				}
			}
		},
		"39": {
			"expression": {
				"right": {
					"body": {
						"body": {
							"0": {
								"argument": {
									"arguments": {
										"0": {
											"type": "Literal",
											"value": 1,
											"raw": "1"
										}
									}
								}
							}
						}
					}
				}
			}
		}
	}
}