{
	"body": {
		"28": {
			"expression": {
				"right": {
					"body": {
						"body": {
							"2": {
								"argument": {
									"properties": {
										"3": {
											"type": "Property",
											"key": {
												"type": "Identifier",
												"name": "timestamp"
											},
											"computed": false,
											"value": {
												"type": "Identifier",
												"name": "ts"
											},
											"kind": "init",
											"method": false,
											"shorthand": false
										}
									}
								}
							}
						}
					}
				}
			}
		},
		"32": {
			"expression": {
				"right": {
					"body": {
						"body": {
							"1": {
								"declarations": {
									"0": {
										"init": {
											"arguments": {
												"0": {
													"type": "Identifier",
													"name": "time"
												}
											}
										}
									}
								}
							}
						}
					}
				}
			}
		},
		"35": {
			"expression": {
				"right": {
					"body": {
						"body": {
							"0": {
								"declarations": {
									"1": {
										"type": "VariableDeclarator",
										"id": {
											"type": "Identifier",
											"name": "p"
										},
										"init": {
											"type": "Literal",
											"value": {},
											"raw": "/^(?:urn:uuid:|\\{)?([0-9a-f]{8})-([0-9a-f]{4})-([0-9a-f]{4})-([0-9a-f]{2})([0-9a-f]{2})-([0-9a-f]{12})(?:\\})?$/i",
											"regex": {
												"pattern": "^(?:urn:uuid:|\\{)?([0-9a-f]{8})-([0-9a-f]{4})-([0-9a-f]{4})-([0-9a-f]{2})([0-9a-f]{2})-([0-9a-f]{12})(?:\\})?$",
												"flags": "i"
											}
										}
									}
								}
							},
							"1": {
								"consequent": {
									"body": {
										"0": {
											"argument": {
												"arguments": {
													"0": {
														"arguments": {
															"1": {
																"type": "Literal",
																"value": 16,
																"raw": "16"
															}
														}
													}
												}
											}
										}
									}
								}
							}
						}
					}
				}
			}
		},
		"36": {
			"expression": {
				"right": {
					"body": {
						"body": {
							"4": {
								"body": {
									"body": {
										"1": {
											"type": "IfStatement",
											"test": {
												"type": "BinaryExpression",
												"operator": "!==",
												"left": {
													"type": "MemberExpression",
													"computed": true,
													"object": {
														"type": "Identifier",
														"name": "parts"
													},
													"property": {
														"type": "Identifier",
														"name": "i"
													}
												},
												"right": {
													"type": "Literal",
													"value": 6,
													"raw": "6"
												}
											},
											"consequent": {
												"type": "BlockStatement",
												"body": [
													{
														"type": "ExpressionStatement",
														"expression": {
															"type": "AssignmentExpression",
															"operator": "+=",
															"left": {
																"type": "Identifier",
																"name": "str"
															},
															"right": {
																"type": "Literal",
																"value": "-",
																"raw": "'-'"
															}
														}
													}
												]
											},
											"alternate": null
										}
									}
								}
							}
						}
					}
				}
			}
		},
		"37": {
			"expression": {
				"right": {
					"body": {
						"body": {
							"2": {
								"argument": {
									"arguments": {
										"0": {
											"type": "Identifier",
											"name": "ints"
										}
									}
								}
							}
						}
					}
				}
			}
		}
	}
}