{
	"body": {
		"36": {
			"expression": {
				"right": {
					"body": {
						"body": {
							"1": {
								"declarations": {
									"0": {
										"init": {
											"type": "Literal",
											"value": "",
											"raw": "''"
										}
									}
								}
							},
							"4": {
								"test": {
									"type": "BinaryExpression",
									"operator": "<",
									"left": {
										"type": "Identifier",
										"name": "i"
									},
									"right": {
										"type": "MemberExpression",
										"computed": false,
										"object": {
											"type": "Identifier",
											"name": "parts"
										},
										"property": {
											"type": "Identifier",
											"name": "length"
										}
									}
								}
							}
						}
					}
				}
			}
		}
	}
}