{
	"body": {
		"30": {
			"expression": {
				"right": {
					"body": {
						"body": {
							"6": {
								"alternate": {
									"alternate": {
										"type": "BlockStatement",
										"body": [
											{
												"type": "ExpressionStatement",
												"expression": {
													"type": "UpdateExpression",
													"operator": "++",
													"argument": {
														"type": "Identifier",
														"name": "sequence"
													},
													"prefix": false
												}
											}
										]
									}
								}
							}
						}
					}
				}
			}
		},
		"35": {
			"expression": {
				"right": {
					"body": {
						"body": {
							"0": {
								"declarations": {
									"1": {
										"init": {
											"type": "Literal",
											"value": {},
											"raw": "/^(?:urn:uuid:|\\{)?([0-9a-f]{8})-([0-9a-f]{4})-([0-9a-f]{4})-([0-9a-f]{2})([0-9a-f]{2})-([0-9a-f]{12})(?:\\})?$/i",
											"regex": {
												"pattern": "^(?:urn:uuid:|\\{)?([0-9a-f]{8})-([0-9a-f]{4})-([0-9a-f]{4})-([0-9a-f]{2})([0-9a-f]{2})-([0-9a-f]{12})(?:\\})?$",
												"flags": "i"
											}
										}
									}
								}
							},
							"1": {
								"consequent": {
									"body": {
										"0": {
											"argument": {
												"arguments": {
													"1": {
														"arguments": {
															"1": {
																"type": "Literal",
																"value": 16,
																"raw": "16"
															}
														}
													},
													"2": {
														"arguments": {
															"1": {
																"type": "Literal",
																"value": 16,
																"raw": "16"
															}
														}
													},
													"5": {
														"arguments": {
															"1": {
																"type": "Literal",
																"value": 16,
																"raw": "16"
															}
														}
													}
												}
											}
										}
									}
								}
							}
						}
					}
				}
			}
		},
		"36": {
			"expression": {
				"right": {
					"body": {
						"body": {
							"1": {
								"declarations": {
									"0": {
										"init": {
											"type": "Literal",
											"value": "",
											"raw": "''"
										}
									}
								}
							}
						}
					}
				}
			}
		},
		"37": {
			"expression": {
				"right": {
					"body": {
						"body": {
							"1": {
								"body": {
									"body": {
										"1": {
											"type": "IfStatement",
											"test": {
												"type": "LogicalExpression",
												"operator": "||",
												"left": {
													"type": "BinaryExpression",
													"operator": ">",
													"left": {
														"type": "MemberExpression",
														"computed": true,
														"object": {
															"type": "Identifier",
															"name": "ints"
														},
														"property": {
															"type": "Identifier",
															"name": "i"
														}
													},
													"right": {
														"type": "Literal",
														"value": 255,
														"raw": "255"
													}
												},
												"right": {
													"type": "BinaryExpression",
													"operator": "<",
													"left": {
														"type": "MemberExpression",
														"computed": true,
														"object": {
															"type": "Identifier",
															"name": "ints"
														},
														"property": {
															"type": "Identifier",
															"name": "i"
														}
													},
													"right": {
														"type": "Literal",
														"value": 0,
														"raw": "0"
													}
												}
											},
											"consequent": {
												"type": "BlockStatement",
												"body": [
													{
														"type": "ThrowStatement",
														"argument": {
															"type": "NewExpression",
															"callee": {
																"type": "Identifier",
																"name": "Error"
															},
															"arguments": [
																{
																	"type": "Literal",
																	"value": "Unexpected byte in binary data.",
																	"raw": "'Unexpected byte in binary data.'"
																}
															]
														}
													}
												]
											},
											"alternate": null
										}
									}
								}
							}
						}
					}
				}
			}
		}
	}
}