{
	"body": {
		"27": {
			"expression": {
				"right": {
					"params": {
						"0": {
							"type": "Identifier",
							"name": "uuid"
						}
					},
					"body": {
						"body": {
							"1": {
								"type": "IfStatement",
								"test": {
									"type": "BinaryExpression",
									"operator": "!==",
									"left": {
										"type": "MemberExpression",
										"computed": false,
										"object": {
											"type": "ThisExpression"
										},
										"property": {
											"type": "Identifier",
											"name": "hex"
										}
									},
									"right": {
										"type": "MemberExpression",
										"computed": false,
										"object": {
											"type": "Identifier",
											"name": "uuid"
										},
										"property": {
											"type": "Identifier",
											"name": "hex"
										}
									}
								},
								"consequent": {
									"type": "BlockStatement",
									"body": [
										{
											"type": "ReturnStatement",
											"argument": {
												"type": "Literal",
												"value": false,
												"raw": "false"
											}
										}
									]
								}
							},
							"2": {
								"type": "ReturnStatement",
								"argument": {
									"type": "Literal",
									"value": true,
									"raw": "true"
								}
							}
						}
					}
				}
			}
		},
		"36": {
			"expression": {
				"right": {
					"body": {
						"body": {
							"4": {
								"body": {
									"body": {
										"1": {
											"consequent": {
												"body": {
													"0": {
														"type": "ExpressionStatement",
														"expression": {
															"type": "AssignmentExpression",
															"operator": "+=",
															"left": {
																"type": "Identifier",
																"name": "str"
															},
															"right": {
																"type": "Literal",
																"value": "-",
																"raw": "'-'"
															}
														}
													}
												}
											}
										}
									}
								}
							}
						}
					}
				}
			}
		},
		"39": {
			"expression": {
				"right": {
					"body": {
						"body": {
							"0": {
								"argument": {
									"arguments": {
										"0": {
											"type": "Literal",
											"value": 1,
											"raw": "1"
										}
									}
								}
							}
						}
					}
				}
			}
		}
	}
}