{
	"body": {
		"36": {
			"expression": {
				"right": {
					"body": {
						"body": {
							"4": {
								"body": {
									"body": {
										"0": {
											"body": {
												"body": {
													"2": {
														"type": "ExpressionStatement",
														"expression": {
															"type": "AssignmentExpression",
															"operator": "+=",
															"left": {
																"type": "Identifier",
																"name": "str"
															},
															"right": {
																"type": "Identifier",
																"name": "octet"
															}
														}
													}
												}
											}
										}
									}
								}
							}
						}
					}
				}
			}
		},
		"39": {
			"expression": {
				"right": {
					"body": {
						"body": {
							"0": {
								"argument": {
									"type": "CallExpression",
									"callee": {
										"type": "MemberExpression",
										"computed": false,
										"object": {
											"type": "ThisExpression"
										},
										"property": {
											"type": "Identifier",
											"name": "create"
										}
									},
									"arguments": [
										{
											"type": "Literal",
											"value": 1,
											"raw": "1"
										}
									]
								}
							}
						}
					}
				}
			}
		}
	}
}