{
	"body": {
		"23": {
			"expression": {
				"right": {
					"body": {
						"body": {
							"1": {
								"expression": {
									"right": {
										"left": {
											"left": {
												"left": {
													"left": {
														"left": {
															"right": {
																"arguments": {
																	"1": {
																		"type": "Literal",
																		"value": 4,
																		"raw": "4"
																	}
																}
															}
														}
													}
												}
											}
										}
									}
								}
							}
						}
					}
				}
			}
		},
		"30": {
			"expression": {
				"right": {
					"body": {
						"body": {
							"6": {
								"consequent": {
									"body": {
										"0": {
											"consequent": {
												"body": {
													"0": {
														"type": "ExpressionStatement",
														"expression": {
															"type": "UpdateExpression",
															"operator": "++",
															"argument": {
																"type": "Identifier",
																"name": "sequence"
															},
															"prefix": false
														}
													}
												}
											}
										}
									}
								}
							}
						}
					}
				}
			}
		},
		"35": {
			"expression": {
				"right": {
					"body": {
						"body": {
							"1": {
								"consequent": {
									"body": {
										"0": {
											"argument": {
												"type": "CallExpression",
												"callee": {
													"type": "MemberExpression",
													"computed": false,
													"object": {
														"type": "NewExpression",
														"callee": {
															"type": "Identifier",
															"name": "UUIDjs"
														},
														"arguments": []
													},
													"property": {
														"type": "Identifier",
														"name": "fromParts"
													}
												},
												"arguments": [
													{
														"type": "CallExpression",
														"callee": {
															"type": "Identifier",
															"name": "parseInt"
														},
														"arguments": [
															{
																"type": "MemberExpression",
																"computed": true,
																"object": {
																	"type": "Identifier",
																	"name": "r"
																},
																"property": {
																	"type": "Literal",
																	"value": 1,
																	"raw": "1"
																}
															},
															{
																"type": "Literal",
																"value": 16,
																"raw": "16"
															}
														]
													},
													{
														"type": "CallExpression",
														"callee": {
															"type": "Identifier",
															"name": "parseInt"
														},
														"arguments": [
															{
																"type": "MemberExpression",
																"computed": true,
																"object": {
																	"type": "Identifier",
																	"name": "r"
																},
																"property": {
																	"type": "Literal",
																	"value": 2,
																	"raw": "2"
																}
															},
															{
																"type": "Literal",
																"value": 16,
																"raw": "16"
															}
														]
													},
													{
														"type": "CallExpression",
														"callee": {
															"type": "Identifier",
															"name": "parseInt"
														},
														"arguments": [
															{
																"type": "MemberExpression",
																"computed": true,
																"object": {
																	"type": "Identifier",
																	"name": "r"
																},
																"property": {
																	"type": "Literal",
																	"value": 3,
																	"raw": "3"
																}
															},
															{
																"type": "Literal",
																"value": 16,
																"raw": "16"
															}
														]
													},
													{
														"type": "CallExpression",
														"callee": {
															"type": "Identifier",
															"name": "parseInt"
														},
														"arguments": [
															{
																"type": "MemberExpression",
																"computed": true,
																"object": {
																	"type": "Identifier",
																	"name": "r"
																},
																"property": {
																	"type": "Literal",
																	"value": 4,
																	"raw": "4"
																}
															},
															{
																"type": "Literal",
																"value": 16,
																"raw": "16"
															}
														]
													},
													{
														"type": "CallExpression",
														"callee": {
															"type": "Identifier",
															"name": "parseInt"
														},
														"arguments": [
															{
																"type": "MemberExpression",
																"computed": true,
																"object": {
																	"type": "Identifier",
																	"name": "r"
																},
																"property": {
																	"type": "Literal",
																	"value": 5,
																	"raw": "5"
																}
															},
															{
																"type": "Literal",
																"value": 16,
																"raw": "16"
															}
														]
													},
													{
														"type": "CallExpression",
														"callee": {
															"type": "Identifier",
															"name": "parseInt"
														},
														"arguments": [
															{
																"type": "MemberExpression",
																"computed": true,
																"object": {
																	"type": "Identifier",
																	"name": "r"
																},
																"property": {
																	"type": "Literal",
																	"value": 6,
																	"raw": "6"
																}
															},
															{
																"type": "Literal",
																"value": 16,
																"raw": "16"
															}
														]
													}
												]
											}
										}
									}
								}
							}
						}
					}
				}
			}
		}
	}
}