{
	"body": {
		"36": {
			"expression": {
				"right": {
					"body": {
						"body": {
							"4": {
								"body": {
									"body": {
										"0": {
											"body": {
												"body": {
													"1": {
														"type": "IfStatement",
														"test": {
															"type": "BinaryExpression",
															"operator": "==",
															"left": {
																"type": "MemberExpression",
																"computed": false,
																"object": {
																	"type": "Identifier",
																	"name": "octet"
																},
																"property": {
																	"type": "Identifier",
																	"name": "length"
																}
															},
															"right": {
																"type": "Literal",
																"value": 1,
																"raw": "1"
															}
														},
														"consequent": {
															"type": "BlockStatement",
															"body": [
																{
																	"type": "ExpressionStatement",
																	"expression": {
																		"type": "AssignmentExpression",
																		"operator": "=",
																		"left": {
																			"type": "Identifier",
																			"name": "octet"
																		},
																		"right": {
																			"type": "BinaryExpression",
																			"operator": "+",
																			"left": {
																				"type": "Literal",
																				"value": "0",
																				"raw": "'0'"
																			},
																			"right": {
																				"type": "Identifier",
																				"name": "octet"
																			}
																		}
																	}
																}
															]
														}
													},
													"2": {
														"type": "ExpressionStatement",
														"expression": {
															"type": "AssignmentExpression",
															"operator": "+=",
															"left": {
																"type": "Identifier",
																"name": "str"
															},
															"right": {
																"type": "Identifier",
																"name": "octet"
															}
														}
													}
												}
											}
										}
									}
								}
							}
						}
					}
				}
			}
		}
	}
}