{
	"body": {
		"30": {
			"expression": {
				"right": {
					"body": {
						"body": {
							"6": {
								"alternate": {
									"type": "IfStatement",
									"test": {
										"type": "LogicalExpression",
										"operator": "&&",
										"left": {
											"type": "BinaryExpression",
											"operator": "<",
											"left": {
												"type": "CallExpression",
												"callee": {
													"type": "MemberExpression",
													"computed": false,
													"object": {
														"type": "Identifier",
														"name": "Math"
													},
													"property": {
														"type": "Identifier",
														"name": "random"
													}
												},
												"arguments": []
											},
											"right": {
												"type": "Identifier",
												"name": "timestampRatio"
											}
										},
										"right": {
											"type": "BinaryExpression",
											"operator": "<",
											"left": {
												"type": "Identifier",
												"name": "tick"
											},
											"right": {
												"type": "Literal",
												"value": 9984,
												"raw": "9984"
											}
										}
									},
									"consequent": {
										"type": "BlockStatement",
										"body": [
											{
												"type": "ExpressionStatement",
												"expression": {
													"type": "AssignmentExpression",
													"operator": "+=",
													"left": {
														"type": "Identifier",
														"name": "tick"
													},
													"right": {
														"type": "BinaryExpression",
														"operator": "+",
														"left": {
															"type": "Literal",
															"value": 1,
															"raw": "1"
														},
														"right": {
															"type": "CallExpression",
															"callee": {
																"type": "MemberExpression",
																"computed": false,
																"object": {
																	"type": "Identifier",
																	"name": "UUIDjs"
																},
																"property": {
																	"type": "Identifier",
																	"name": "randomUI04"
																}
															},
															"arguments": []
														}
													}
												}
											}
										]
									},
									"alternate": {
										"type": "BlockStatement",
										"body": [
											{
												"type": "ExpressionStatement",
												"expression": {
													"type": "UpdateExpression",
													"operator": "++",
													"argument": {
														"type": "Identifier",
														"name": "sequence"
													},
													"prefix": false
												}
											}
										]
									}
								}
							}
						}
					}
				}
			}
		},
		"35": {
			"expression": {
				"right": {
					"body": {
						"body": {
							"1": {
								"type": "IfStatement",
								"test": {
									"type": "AssignmentExpression",
									"operator": "=",
									"left": {
										"type": "Identifier",
										"name": "r"
									},
									"right": {
										"type": "CallExpression",
										"callee": {
											"type": "MemberExpression",
											"computed": false,
											"object": {
												"type": "Identifier",
												"name": "p"
											},
											"property": {
												"type": "Identifier",
												"name": "exec"
											}
										},
										"arguments": [
											{
												"type": "Identifier",
												"name": "strId"
											}
										]
									}
								},
								"consequent": {
									"type": "BlockStatement",
									"body": [
										{
											"type": "ReturnStatement",
											"argument": {
												"type": "CallExpression",
												"callee": {
													"type": "MemberExpression",
													"computed": false,
													"object": {
														"type": "NewExpression",
														"callee": {
															"type": "Identifier",
															"name": "UUIDjs"
														},
														"arguments": []
													},
													"property": {
														"type": "Identifier",
														"name": "fromParts"
													}
												},
												"arguments": [
													{
														"type": "CallExpression",
														"callee": {
															"type": "Identifier",
															"name": "parseInt"
														},
														"arguments": [
															{
																"type": "MemberExpression",
																"computed": true,
																"object": {
																	"type": "Identifier",
																	"name": "r"
																},
																"property": {
																	"type": "Literal",
																	"value": 1,
																	"raw": "1"
																}
															},
															{
																"type": "Literal",
																"value": 16,
																"raw": "16"
															}
														]
													},
													{
														"type": "CallExpression",
														"callee": {
															"type": "Identifier",
															"name": "parseInt"
														},
														"arguments": [
															{
																"type": "MemberExpression",
																"computed": true,
																"object": {
																	"type": "Identifier",
																	"name": "r"
																},
																"property": {
																	"type": "Literal",
																	"value": 2,
																	"raw": "2"
																}
															},
															{
																"type": "Literal",
																"value": 16,
																"raw": "16"
															}
														]
													},
													{
														"type": "CallExpression",
														"callee": {
															"type": "Identifier",
															"name": "parseInt"
														},
														"arguments": [
															{
																"type": "MemberExpression",
																"computed": true,
																"object": {
																	"type": "Identifier",
																	"name": "r"
																},
																"property": {
																	"type": "Literal",
																	"value": 3,
																	"raw": "3"
																}
															},
															{
																"type": "Literal",
																"value": 16,
																"raw": "16"
															}
														]
													},
													{
														"type": "CallExpression",
														"callee": {
															"type": "Identifier",
															"name": "parseInt"
														},
														"arguments": [
															{
																"type": "MemberExpression",
																"computed": true,
																"object": {
																	"type": "Identifier",
																	"name": "r"
																},
																"property": {
																	"type": "Literal",
																	"value": 4,
																	"raw": "4"
																}
															},
															{
																"type": "Literal",
																"value": 16,
																"raw": "16"
															}
														]
													},
													{
														"type": "CallExpression",
														"callee": {
															"type": "Identifier",
															"name": "parseInt"
														},
														"arguments": [
															{
																"type": "MemberExpression",
																"computed": true,
																"object": {
																	"type": "Identifier",
																	"name": "r"
																},
																"property": {
																	"type": "Literal",
																	"value": 5,
																	"raw": "5"
																}
															},
															{
																"type": "Literal",
																"value": 16,
																"raw": "16"
															}
														]
													},
													{
														"type": "CallExpression",
														"callee": {
															"type": "Identifier",
															"name": "parseInt"
														},
														"arguments": [
															{
																"type": "MemberExpression",
																"computed": true,
																"object": {
																	"type": "Identifier",
																	"name": "r"
																},
																"property": {
																	"type": "Literal",
																	"value": 6,
																	"raw": "6"
																}
															},
															{
																"type": "Literal",
																"value": 16,
																"raw": "16"
															}
														]
													}
												]
											}
										}
									]
								}
							},
							"2": {
								"type": "ReturnStatement",
								"argument": {
									"type": "Literal",
									"value": null,
									"raw": "null"
								}
							}
						}
					}
				}
			}
		}
	}
}