{
	"body": {
		"30": {
			"expression": {
				"right": {
					"body": {
						"body": {
							"6": {
								"consequent": {
									"body": {
										"0": {
											"consequent": {
												"body": {
													"0": {
														"type": "ExpressionStatement",
														"expression": {
															"type": "UpdateExpression",
															"operator": "++",
															"argument": {
																"type": "Identifier",
																"name": "sequence"
															},
															"prefix": false
														}
													}
												}
											}
										}
									}
								}
							}
						}
					}
				}
			}
		},
		"36": {
			"expression": {
				"right": {
					"body": {
						"body": {
							"4": {
								"update": {
									"type": "UpdateExpression",
									"operator": "++",
									"argument": {
										"type": "Identifier",
										"name": "i"
									},
									"prefix": false
								}
							}
						}
					}
				}
			}
		}
	}
}