{
	"body": {
		"28": {
			"expression": {
				"right": {
					"body": {
						"body": {
							"2": {
								"argument": {
									"properties": {
										"2": {
											"key": {
												"name": "hi"
											},
											"value": {
												"type": "BinaryExpression",
												"left": {
													"type": "Identifier",
													"name": "hm"
												},
												"right": {
													"type": "Literal",
													"value": 16,
													"raw": "16"
												}
											}
										},
										"3": {
											"type": "Property",
											"key": {
												"type": "Identifier",
												"name": "timestamp"
											},
											"computed": false,
											"value": {
												"type": "Identifier",
												"name": "ts"
											},
											"kind": "init",
											"method": false,
											"shorthand": false
										}
									}
								}
							}
						}
					}
				}
			}
		},
		"36": {
			"expression": {
				"right": {
					"body": {
						"body": {
							"4": {
								"body": {
									"body": {
										"1": {
											"type": "IfStatement",
											"test": {
												"type": "BinaryExpression",
												"operator": "!==",
												"left": {
													"type": "MemberExpression",
													"computed": true,
													"object": {
														"type": "Identifier",
														"name": "parts"
													},
													"property": {
														"type": "Identifier",
														"name": "i"
													}
												},
												"right": {
													"type": "Literal",
													"value": 6,
													"raw": "6"
												}
											},
											"consequent": {
												"type": "BlockStatement",
												"body": [
													{
														"type": "ExpressionStatement",
														"expression": {
															"type": "AssignmentExpression",
															"operator": "+=",
															"left": {
																"type": "Identifier",
																"name": "str"
															},
															"right": {
																"type": "Literal",
																"value": "-",
																"raw": "'-'"
															}
														}
													}
												]
											},
											"alternate": null
										}
									}
								}
							}
						}
					}
				}
			}
		}
	}
}