{
	"body": {
		"30": {
			"expression": {
				"right": {
					"body": {
						"body": {
							"4": {
								"declarations": {
									"0": {
										"init": {
											"type": "Literal",
											"value": 0,
											"raw": "0"
										}
									}
								}
							}
						}
					}
				}
			}
		},
		"35": {
			"expression": {
				"right": {
					"body": {
						"body": {
							"1": {
								"consequent": {
									"body": {
										"0": {
											"argument": {
												"arguments": {
													"5": {
														"type": "CallExpression",
														"callee": {
															"type": "Identifier",
															"name": "parseInt"
														},
														"arguments": [
															{
																"type": "MemberExpression",
																"computed": true,
																"object": {
																	"type": "Identifier",
																	"name": "r"
																},
																"property": {
																	"type": "Literal",
																	"value": 6,
																	"raw": "6"
																}
															},
															{
																"type": "Literal",
																"value": 16,
																"raw": "16"
															}
														]
													}
												}
											}
										}
									}
								}
							}
						}
					}
				}
			}
		}
	}
}