{
	"body": {
		"27": {
			"expression": {
				"right": {
					"body": {
						"body": {
							"0": {
								"consequent": {
									"body": {
										"0": {
											"argument": {
												"type": "Literal",
												"value": false,
												"raw": "false"
											}
										}
									}
								}
							}
						}
					}
				}
			}
		},
		"28": {
			"expression": {
				"right": {
					"body": {
						"body": {
							"2": {
								"argument": {
									"properties": {
										"2": {
											"key": {
												"name": "hi"
											},
											"value": {
												"type": "BinaryExpression",
												"left": {
													"type": "Identifier",
													"name": "hm"
												},
												"right": {
													"type": "Literal",
													"value": 16,
													"raw": "16"
												}
											}
										},
										"3": {
											"type": "Property",
											"key": {
												"type": "Identifier",
												"name": "timestamp"
											},
											"computed": false,
											"value": {
												"type": "Identifier",
												"name": "ts"
											},
											"kind": "init",
											"method": false,
											"shorthand": false
										}
									}
								}
							}
						}
					}
				}
			}
		}
	}
}