{
	"body": {
		"35": {
			"expression": {
				"right": {
					"body": {
						"body": {
							"1": {
								"consequent": {
									"body": {
										"0": {
											"argument": {
												"arguments": {
													"0": {
														"arguments": {
															"1": {
																"type": "Literal",
																"value": 16,
																"raw": "16"
															}
														}
													}
												}
											}
										}
									}
								}
							}
						}
					}
				}
			}
		},
		"36": {
			"expression": {
				"right": {
					"body": {
						"body": {
							"4": {
								"body": {
									"body": {
										"0": {
											"body": {
												"body": {
													"0": {
														"declarations": {
															"0": {
																"init": {
																	"arguments": {
																		"0": {
																			"type": "Literal",
																			"value": 16,
																			"raw": "16"
																		}
																	}
																}
															}
														}
													}
												}
											}
										}
									}
								}
							},
							"5": {
								"argument": {
									"type": "CallExpression",
									"callee": {
										"type": "MemberExpression",
										"computed": false,
										"object": {
											"type": "Identifier",
											"name": "UUIDjs"
										},
										"property": {
											"type": "Identifier",
											"name": "fromURN"
										}
									},
									"arguments": [
										{
											"type": "Identifier",
											"name": "str"
										}
									]
								}
							}
						}
					}
				}
			}
		},
		"37": {
			"expression": {
				"right": {
					"body": {
						"body": {
							"2": {
								"type": "ReturnStatement",
								"argument": {
									"type": "CallExpression",
									"callee": {
										"type": "MemberExpression",
										"computed": false,
										"object": {
											"type": "Identifier",
											"name": "UUIDjs"
										},
										"property": {
											"type": "Identifier",
											"name": "fromBytes"
										}
									},
									"arguments": [
										{
											"type": "Identifier",
											"name": "ints"
										}
									]
								}
							}
						}
					}
				}
			}
		}
	}
}