{
	"body": {
		"27": {
			"expression": {
				"right": {
					"body": {
						"body": {
							"1": {
								"consequent": {
									"body": {
										"0": {
											"argument": {
												"type": "Literal",
												"value": false,
												"raw": "false"
											}
										}
									}
								}
							}
						}
					}
				}
			}
		},
		"36": {
			"expression": {
				"right": {
					"body": {
						"body": {
							"4": {
								"update": {
									"type": "UpdateExpression",
									"operator": "++",
									"argument": {
										"type": "Identifier",
										"name": "i"
									},
									"prefix": false
								}
							},
							"5": {
								"argument": {
									"arguments": {
										"0": {
											"type": "Identifier",
											"name": "str"
										}
									}
								}
							}
						}
					}
				}
			}
		}
	}
}