{
	"body": {
		"27": {
			"expression": {
				"right": {
					"body": {
						"body": {
							"1": {
								"consequent": {
									"body": {
										"0": {
											"argument": {
												"type": "Literal",
												"value": false,
												"raw": "false"
											}
										}
									}
								}
							}
						}
					}
				}
			}
		},
		"36": {
			"expression": {
				"right": {
					"body": {
						"body": {
							"2": {
								"declarations": {
									"0": {
										"init": {
											"type": "Literal",
											"value": 0,
											"raw": "0"
										}
									}
								}
							},
							"4": {
								"body": {
									"body": {
										"0": {
											"init": {
												"type": "VariableDeclaration",
												"declarations": [
													{
														"type": "VariableDeclarator",
														"id": {
															"type": "Identifier",
															"name": "j"
														},
														"init": {
															"type": "Literal",
															"value": 0,
															"raw": "0"
														}
													}
												],
												"kind": "var"
											},
											"body": {
												"body": {
													"2": {
														"type": "ExpressionStatement",
														"expression": {
															"type": "AssignmentExpression",
															"operator": "+=",
															"left": {
																"type": "Identifier",
																"name": "str"
															},
															"right": {
																"type": "Identifier",
																"name": "octet"
															}
														}
													}
												}
											}
										}
									}
								}
							}
						}
					}
				}
			}
		}
	}
}