{
	"body": {
		"23": {
			"expression": {
				"right": {
					"body": {
						"body": {
							"1": {
								"expression": {
									"right": {
										"left": {
											"left": {
												"left": {
													"left": {
														"left": {
															"left": {
																"left": {
																	"right": {
																		"arguments": {
																			"1": {
																				"type": "Literal",
																				"value": 4,
																				"raw": "4"
																			}
																		}
																	}
																}
															}
														}
													}
												}
											}
										}
									}
								}
							}
						}
					}
				}
			}
		},
		"36": {
			"expression": {
				"right": {
					"body": {
						"body": {
							"4": {
								"update": {
									"type": "UpdateExpression",
									"operator": "++",
									"argument": {
										"type": "Identifier",
										"name": "i"
									},
									"prefix": false
								}
							}
						}
					}
				}
			}
		}
	}
}