{
	"body": {
		"27": {
			"expression": {
				"right": {
					"body": {
						"body": {
							"1": {
								"consequent": {
									"body": {
										"0": {
											"argument": {
												"type": "Literal",
												"value": false,
												"raw": "false"
											}
										}
									}
								}
							}
						}
					}
				}
			}
		},
		"36": {
			"expression": {
				"right": {
					"body": {
						"body": {
							"3": {
								"declarations": {
									"0": {
										"init": {
											"elements": {
												"4": {
													"type": "Literal",
													"value": 6,
													"raw": "6"
												}
											}
										}
									}
								}
							}
						}
					}
				}
			}
		}
	}
}