{
	"body": {
		"30": {
			"expression": {
				"right": {
					"body": {
						"body": {
							"1": {
								"declarations": {
									"0": {
										"init": {
											"type": "CallExpression",
											"callee": {
												"type": "MemberExpression",
												"computed": false,
												"object": {
													"type": "Identifier",
													"name": "UUIDjs"
												},
												"property": {
													"type": "Identifier",
													"name": "randomUI14"
												}
											},
											"arguments": []
										}
									}
								}
							}
						}
					}
				}
			}
		},
		"36": {
			"expression": {
				"right": {
					"body": {
						"body": {
							"0": {
								"consequent": {
									"body": {
										"0": {
											"type": "ReturnStatement",
											"argument": {
												"type": "Literal",
												"value": null,
												"raw": "null"
											}
										}
									}
								}
							},
							"3": {
								"declarations": {
									"0": {
										"init": {
											"elements": {
												"3": {
													"value": 2,
													"raw": "2"
												},
												"4": {
													"type": "Literal",
													"value": 6,
													"raw": "6"
												}
											}
										}
									}
								}
							}
						}
					}
				}
			}
		},
		"37": {
			"expression": {
				"right": {
					"body": {
						"body": {
							"2": {
								"type": "ReturnStatement",
								"argument": {
									"type": "CallExpression",
									"callee": {
										"type": "MemberExpression",
										"computed": false,
										"object": {
											"type": "Identifier",
											"name": "UUIDjs"
										},
										"property": {
											"type": "Identifier",
											"name": "fromBytes"
										}
									},
									"arguments": [
										{
											"type": "Identifier",
											"name": "ints"
										}
									]
								}
							}
						}
					}
				}
			}
		}
	}
}