{
	"body": {
		"39": {
			"expression": {
				"right": {
					"body": {
						"body": {
							"0": {
								"argument": {
									"type": "CallExpression",
									"callee": {
										"type": "MemberExpression",
										"computed": false,
										"object": {
											"type": "ThisExpression"
										},
										"property": {
											"type": "Identifier",
											"name": "create"
										}
									},
									"arguments": [
										{
											"type": "Literal",
											"value": 1,
											"raw": "1"
										}
									]
								}
							}
						}
					}
				}
			}
		}
	}
}