{
	"body": {
		"28": {
			"expression": {
				"right": {
					"body": {
						"body": {
							"0": {
								"declarations": {
									"0": {
										"init": {
											"right": {
												"arguments": {
													"1": {
														"value": 9,
														"raw": "9"
													},
													"2": {
														"type": "Literal",
														"value": 15,
														"raw": "15"
													}
												}
											}
										}
									}
								}
							}
						}
					}
				}
			}
		}
	}
}