{
	"body": {
		"36": {
			"expression": {
				"right": {
					"body": {
						"body": {
							"3": {
								"declarations": {
									"0": {
										"init": {
											"elements": {
												"3": {
													"type": "Literal",
													"value": 2,
													"raw": "2"
												},
												"4": {
													"type": "Literal",
													"value": 6,
													"raw": "6"
												}
											}
										}
									}
								}
							},
							"4": {
								"type": "ForStatement",
								"init": {
									"type": "VariableDeclaration",
									"declarations": [
										{
											"type": "VariableDeclarator",
											"id": {
												"type": "Identifier",
												"name": "i"
											},
											"init": {
												"type": "Literal",
												"value": 0,
												"raw": "0"
											}
										}
									],
									"kind": "var"
								},
								"test": {
									"type": "BinaryExpression",
									"operator": "<",
									"left": {
										"type": "Identifier",
										"name": "i"
									},
									"right": {
										"type": "MemberExpression",
										"computed": false,
										"object": {
											"type": "Identifier",
											"name": "parts"
										},
										"property": {
											"type": "Identifier",
											"name": "length"
										}
									}
								},
								"update": {
									"type": "UpdateExpression",
									"operator": "++",
									"argument": {
										"type": "Identifier",
										"name": "i"
									},
									"prefix": false
								},
								"body": {
									"type": "BlockStatement",
									"body": [
										{
											"type": "ForStatement",
											"init": {
												"type": "VariableDeclaration",
												"declarations": [
													{
														"type": "VariableDeclarator",
														"id": {
															"type": "Identifier",
															"name": "j"
														},
														"init": {
															"type": "Literal",
															"value": 0,
															"raw": "0"
														}
													}
												],
												"kind": "var"
											},
											"test": {
												"type": "BinaryExpression",
												"operator": "<",
												"left": {
													"type": "Identifier",
													"name": "j"
												},
												"right": {
													"type": "MemberExpression",
													"computed": true,
													"object": {
														"type": "Identifier",
														"name": "parts"
													},
													"property": {
														"type": "Identifier",
														"name": "i"
													}
												}
											},
											"update": {
												"type": "UpdateExpression",
												"operator": "++",
												"argument": {
													"type": "Identifier",
													"name": "j"
												},
												"prefix": false
											},
											"body": {
												"type": "BlockStatement",
												"body": [
													{
														"type": "VariableDeclaration",
														"declarations": [
															{
																"type": "VariableDeclarator",
																"id": {
																	"type": "Identifier",
																	"name": "octet"
																},
																"init": {
																	"type": "CallExpression",
																	"callee": {
																		"type": "MemberExpression",
																		"computed": false,
																		"object": {
																			"type": "MemberExpression",
																			"computed": true,
																			"object": {
																				"type": "Identifier",
																				"name": "ints"
																			},
																			"property": {
																				"type": "UpdateExpression",
																				"operator": "++",
																				"argument": {
																					"type": "Identifier",
																					"name": "pos"
																				},
																				"prefix": false
																			}
																		},
																		"property": {
																			"type": "Identifier",
																			"name": "toString"
																		}
																	},
																	"arguments": [
																		{
																			"type": "Literal",
																			"value": 16,
																			"raw": "16"
																		}
																	]
																}
															}
														],
														"kind": "var"
													},
													{
														"type": "IfStatement",
														"test": {
															"type": "BinaryExpression",
															"operator": "==",
															"left": {
																"type": "MemberExpression",
																"computed": false,
																"object": {
																	"type": "Identifier",
																	"name": "octet"
																},
																"property": {
																	"type": "Identifier",
																	"name": "length"
																}
															},
															"right": {
																"type": "Literal",
																"value": 1,
																"raw": "1"
															}
														},
														"consequent": {
															"type": "BlockStatement",
															"body": [
																{
																	"type": "ExpressionStatement",
																	"expression": {
																		"type": "AssignmentExpression",
																		"operator": "=",
																		"left": {
																			"type": "Identifier",
																			"name": "octet"
																		},
																		"right": {
																			"type": "BinaryExpression",
																			"operator": "+",
																			"left": {
																				"type": "Literal",
																				"value": "0",
																				"raw": "'0'"
																			},
																			"right": {
																				"type": "Identifier",
																				"name": "octet"
																			}
																		}
																	}
																}
															]
														},
														"alternate": null
													},
													{
														"type": "ExpressionStatement",
														"expression": {
															"type": "AssignmentExpression",
															"operator": "+=",
															"left": {
																"type": "Identifier",
																"name": "str"
															},
															"right": {
																"type": "Identifier",
																"name": "octet"
															}
														}
													}
												]
											}
										},
										{
											"type": "IfStatement",
											"test": {
												"type": "BinaryExpression",
												"operator": "!==",
												"left": {
													"type": "MemberExpression",
													"computed": true,
													"object": {
														"type": "Identifier",
														"name": "parts"
													},
													"property": {
														"type": "Identifier",
														"name": "i"
													}
												},
												"right": {
													"type": "Literal",
													"value": 6,
													"raw": "6"
												}
											},
											"consequent": {
												"type": "BlockStatement",
												"body": [
													{
														"type": "ExpressionStatement",
														"expression": {
															"type": "AssignmentExpression",
															"operator": "+=",
															"left": {
																"type": "Identifier",
																"name": "str"
															},
															"right": {
																"type": "Literal",
																"value": "-",
																"raw": "'-'"
															}
														}
													}
												]
											},
											"alternate": null
										}
									]
								}
							},
							"5": {
								"type": "ReturnStatement",
								"argument": {
									"type": "CallExpression",
									"callee": {
										"type": "MemberExpression",
										"computed": false,
										"object": {
											"type": "Identifier",
											"name": "UUIDjs"
										},
										"property": {
											"type": "Identifier",
											"name": "fromURN"
										}
									},
									"arguments": [
										{
											"type": "Identifier",
											"name": "str"
										}
									]
								}
							}
						}
					}
				}
			}
		},
		"37": {
			"expression": {
				"right": {
					"body": {
						"body": {
							"1": {
								"test": {
									"type": "BinaryExpression",
									"operator": "<",
									"left": {
										"type": "Identifier",
										"name": "i"
									},
									"right": {
										"type": "MemberExpression",
										"computed": false,
										"object": {
											"type": "Identifier",
											"name": "binary"
										},
										"property": {
											"type": "Identifier",
											"name": "length"
										}
									}
								},
								"body": {
									"body": {
										"1": {
											"consequent": {
												"body": {
													"0": {
														"argument": {
															"arguments": {
																"0": {
																	"type": "Literal",
																	"value": "Unexpected byte in binary data.",
																	"raw": "'Unexpected byte in binary data.'"
																}
															}
														}
													}
												}
											}
										}
									}
								}
							}
						}
					}
				}
			}
		}
	}
}