{
	"body": {
		"36": {
			"expression": {
				"right": {
					"body": {
						"body": {
							"4": {
								"update": {
									"type": "UpdateExpression",
									"operator": "++",
									"argument": {
										"type": "Identifier",
										"name": "i"
									},
									"prefix": false
								},
								"body": {
									"body": {
										"1": {
											"type": "IfStatement",
											"test": {
												"type": "BinaryExpression",
												"operator": "!==",
												"left": {
													"type": "MemberExpression",
													"computed": true,
													"object": {
														"type": "Identifier",
														"name": "parts"
													},
													"property": {
														"type": "Identifier",
														"name": "i"
													}
												},
												"right": {
													"type": "Literal",
													"value": 6,
													"raw": "6"
												}
											},
											"consequent": {
												"type": "BlockStatement",
												"body": [
													{
														"type": "ExpressionStatement",
														"expression": {
															"type": "AssignmentExpression",
															"operator": "+=",
															"left": {
																"type": "Identifier",
																"name": "str"
															},
															"right": {
																"type": "Literal",
																"value": "-",
																"raw": "'-'"
															}
														}
													}
												]
											},
											"alternate": null
										}
									}
								}
							}
						}
					}
				}
			}
		}
	}
}