{
	"body": {
		"30": {
			"expression": {
				"right": {
					"body": {
						"body": {
							"6": {
								"alternate": {
									"alternate": {
										"type": "BlockStatement",
										"body": [
											{
												"type": "ExpressionStatement",
												"expression": {
													"type": "UpdateExpression",
													"operator": "++",
													"argument": {
														"type": "Identifier",
														"name": "sequence"
													},
													"prefix": false
												}
											}
										]
									}
								}
							}
						}
					}
				}
			}
		},
		"36": {
			"expression": {
				"right": {
					"body": {
						"body": {
							"3": {
								"declarations": {
									"0": {
										"init": {
											"type": "ArrayExpression",
											"elements": [
												{
													"type": "Literal",
													"value": 4,
													"raw": "4"
												},
												{
													"type": "Literal",
													"value": 2,
													"raw": "2"
												},
												{
													"type": "Literal",
													"value": 2,
													"raw": "2"
												},
												{
													"type": "Literal",
													"value": 2,
													"raw": "2"
												},
												{
													"type": "Literal",
													"value": 6,
													"raw": "6"
												}
											]
										}
									}
								}
							}
						}
					}
				}
			}
		}
	}
}