{
	"body": {
		"28": {
			"expression": {
				"right": {
					"body": {
						"body": {
							"0": {
								"declarations": {
									"0": {
										"init": {
											"right": {
												"arguments": {
													"2": {
														"type": "Literal",
														"value": 15,
														"raw": "15"
													}
												}
											}
										}
									}
								}
							}
						}
					}
				}
			}
		},
		"36": {
			"expression": {
				"right": {
					"body": {
						"body": {
							"4": {
								"body": {
									"body": {
										"0": {
											"body": {
												"body": {
													"1": {
														"consequent": {
															"body": {
																"0": {
																	"type": "ExpressionStatement",
																	"expression": {
																		"type": "AssignmentExpression",
																		"operator": "=",
																		"left": {
																			"type": "Identifier",
																			"name": "octet"
																		},
																		"right": {
																			"type": "BinaryExpression",
																			"operator": "+",
																			"left": {
																				"type": "Literal",
																				"value": "0",
																				"raw": "'0'"
																			},
																			"right": {
																				"type": "Identifier",
																				"name": "octet"
																			}
																		}
																	}
																}
															}
														}
													}
												}
											}
										}
									}
								}
							}
						}
					}
				}
			}
		}
	}
}