{
	"body": {
		"15": {
			"body": {
				"body": {
					"3": {
						"declarations": {
							"0": {
								"init": {
									"arguments": {
										"2": {
											"properties": {
												"1": {
													"value": {
														"body": {
															"body": {
																"0": {
																	"expression": {
																		"right": {
																			"arguments": {
																				"1": {
																					"properties": {
																						"0": {
																							"type": "Property",
																							"key": {
																								"type": "Identifier",
																								"name": "filename"
																							},
																							"computed": false,
																							"value": {
																								"type": "Identifier",
																								"name": "filename"
																							},
																							"kind": "init",
																							"method": false,
																							"shorthand": false
																						}
																					}
																				}
																			}
																		}
																	}
																}
															}
														}
													}
												}
											}
										}
									}
								}
							}
						}
					},
					"7": {
						"consequent": {
							"body": {
								"0": {
									"expression": {
										"arguments": {
											"1": {
												"arguments": {
													"1": {
														"type": "Literal",
														"value": "  ",
														"raw": "'  '"
													}
												}
											}
										}
									}
								}
							}
						}
					}
				}
			}
		},
		"16": {
			"body": {
				"body": {
					"1": {
						"alternate": {
							"body": {
								"0": {
									"consequent": {
										"expression": {
											"right": {
												"arguments": {
													"1": {
														"type": "Literal",
														"value": "utf8",
														"raw": "'utf8'"
													}
												}
											}
										}
									}
								}
							}
						}
					}
				}
			}
		}
	}
}