{
	"body": {
		"15": {
			"body": {
				"body": {
					"3": {
						"declarations": {
							"0": {
								"init": {
									"arguments": {
										"2": {
											"properties": {
												"1": {
													"value": {
														"body": {
															"body": {
																"0": {
																	"expression": {
																		"right": {
																			"arguments": {
																				"1": {
																					"type": "ObjectExpression",
																					"properties": [
																						{
																							"type": "Property",
																							"key": {
																								"type": "Identifier",
																								"name": "filename"
																							},
																							"computed": false,
																							"value": {
																								"type": "Identifier",
																								"name": "filename"
																							},
																							"kind": "init",
																							"method": false,
																							"shorthand": false
																						}
																					]
																				}
																			}
																		}
																	}
																}
															}
														}
													}
												}
											}
										}
									}
								}
							}
						}
					}
				}
			}
		}
	}
}