{
	"body": {
		"24": {
			"expression": {
				"right": {
					"body": {
						"body": {
							"0": {
								"consequent": {
									"body": {
										"0": {
											"type": "ExpressionStatement",
											"expression": {
												"type": "AssignmentExpression",
												"operator": "=",
												"left": {
													"type": "MemberExpression",
													"computed": false,
													"object": {
														"type": "Identifier",
														"name": "options"
													},
													"property": {
														"type": "Identifier",
														"name": "compileDebug"
													}
												},
												"right": {
													"type": "Literal",
													"value": false,
													"raw": "false"
												}
											}
										}
									}
								}
							}
						}
					}
				}
			}
		}
	}
}