{
	"body": {
		"17": {
			"expression": {
				"right": {
					"body": {
						"body": {
							"2": {
								"declarations": {
									"0": {
										"init": {
											"arguments": {
												"1": {
													"properties": {
														"10": {
															"type": "Property",
															"key": {
																"type": "Identifier",
																"name": "templateName"
															},
															"computed": false,
															"value": {
																"type": "Literal",
																"value": "template",
																"raw": "'template'"
															},
															"kind": "init",
															"method": false,
															"shorthand": false
														}
													}
												}
											}
										}
									}
								}
							}
						}
					}
				}
			}
		}
	}
}