{
	"body": {
		"15": {
			"body": {
				"body": {
					"3": {
						"declarations": {
							"0": {
								"init": {
									"arguments": {
										"2": {
											"properties": {
												"1": {
													"value": {
														"body": {
															"body": {
																"0": {
																	"expression": {
																		"right": {
																			"arguments": {
																				"1": {
																					"type": "ObjectExpression",
																					"properties": [
																						{
																							"type": "Property",
																							"key": {
																								"type": "Identifier",
																								"name": "filename"
																							},
																							"computed": false,
																							"value": {
																								"type": "Identifier",
																								"name": "filename"
																							},
																							"kind": "init",
																							"method": false,
																							"shorthand": false
																						}
																					]
																				}
																			}
																		}
																	}
																}
															}
														}
													}
												}
											}
										}
									}
								}
							}
						}
					}
				}
			}
		},
		"17": {
			"expression": {
				"right": {
					"body": {
						"body": {
							"3": {
								"declarations": {
									"0": {
										"init": {
											"consequent": {
												"callee": {
													"arguments": {
														"1": {
															"type": "BinaryExpression",
															"operator": "+",
															"left": {
																"type": "MemberExpression",
																"computed": false,
																"object": {
																	"type": "Identifier",
																	"name": "parsed"
																},
																"property": {
																	"type": "Identifier",
																	"name": "body"
																}
															},
															"right": {
																"type": "Literal",
																"value": ";return template;",
																"raw": "';return template;'"
															}
														}
													}
												}
											}
										}
									}
								}
							}
						}
					}
				}
			}
		},
		"24": {
			"expression": {
				"right": {
					"body": {
						"body": {
							"1": {
								"expression": {
									"arguments": {
										"2": {
											"type": "Identifier",
											"name": "fn"
										}
									}
								}
							}
						}
					}
				}
			}
		}
	}
}