{
	"body": {
		"15": {
			"body": {
				"body": {
					"6": {
						"declarations": {
							"0": {
								"init": {
									"arguments": {
										"1": {
											"properties": {
												"4": {
													"key": {
														"name": "globals"
													},
													"value": {
														"property": {
															"name": "globals"
														}
													}
												},
												"5": {
													"key": {
														"name": "self"
													},
													"value": {
														"type": "MemberExpression",
														"object": {
															"type": "Identifier",
															"name": "options"
														},
														"property": {
															"type": "Identifier",
															"name": "self"
														}
													}
												},
												"6": {
													"key": {
														"name": "includeSources"
													},
													"value": {
														"type": "ConditionalExpression",
														"test": {
															"type": "MemberExpression",
															"computed": false,
															"object": {
																"type": "Identifier",
																"name": "options"
															},
															"property": {
																"type": "Identifier",
																"name": "includeSources"
															}
														},
														"consequent": {
															"type": "Identifier",
															"name": "debug_sources"
														},
														"alternate": {
															"type": "Literal",
															"value": false,
															"raw": "false"
														}
													}
												},
												"7": {
													"type": "Property",
													"key": {
														"type": "Identifier",
														"name": "templateName"
													},
													"computed": false,
													"value": {
														"type": "MemberExpression",
														"computed": false,
														"object": {
															"type": "Identifier",
															"name": "options"
														},
														"property": {
															"type": "Identifier",
															"name": "templateName"
														}
													},
													"kind": "init",
													"method": false,
													"shorthand": false
												}
											}
										}
									}
								}
							}
						}
					}
				}
			}
		}
	}
}