{
	"body": {
		"15": {
			"body": {
				"body": {
					"6": {
						"declarations": {
							"0": {
								"init": {
									"arguments": {
										"1": {
											"properties": {
												"4": {
													"key": {
														"name": "globals"
													},
													"value": {
														"property": {
															"name": "globals"
														}
													}
												},
												"5": {
													"key": {
														"name": "self"
													},
													"value": {
														"type": "MemberExpression",
														"object": {
															"type": "Identifier",
															"name": "options"
														},
														"property": {
															"type": "Identifier",
															"name": "self"
														}
													}
												},
												"6": {
													"key": {
														"name": "includeSources"
													},
													"value": {
														"type": "ConditionalExpression",
														"test": {
															"type": "MemberExpression",
															"computed": false,
															"object": {
																"type": "Identifier",
																"name": "options"
															},
															"property": {
																"type": "Identifier",
																"name": "includeSources"
															}
														},
														"consequent": {
															"type": "Identifier",
															"name": "debug_sources"
														},
														"alternate": {
															"type": "Literal",
															"value": false,
															"raw": "false"
														}
													}
												},
												"7": {
													"type": "Property",
													"key": {
														"type": "Identifier",
														"name": "templateName"
													},
													"computed": false,
													"value": {
														"type": "MemberExpression",
														"computed": false,
														"object": {
															"type": "Identifier",
															"name": "options"
														},
														"property": {
															"type": "Identifier",
															"name": "templateName"
														}
													},
													"kind": "init",
													"method": false,
													"shorthand": false
												}
											}
										}
									}
								}
							}
						}
					}
				}
			}
		},
		"17": {
			"expression": {
				"right": {
					"body": {
						"body": {
							"3": {
								"declarations": {
									"0": {
										"init": {
											"consequent": {
												"callee": {
													"arguments": {
														"1": {
															"type": "BinaryExpression",
															"operator": "+",
															"left": {
																"type": "MemberExpression",
																"computed": false,
																"object": {
																	"type": "Identifier",
																	"name": "parsed"
																},
																"property": {
																	"type": "Identifier",
																	"name": "body"
																}
															},
															"right": {
																"type": "Literal",
																"value": ";return template;",
																"raw": "';return template;'"
															}
														}
													}
												}
											}
										}
									}
								}
							}
						}
					}
				}
			}
		},
		"24": {
			"type": "ExpressionStatement",
			"expression": {
				"type": "AssignmentExpression",
				"operator": "=",
				"left": {
					"type": "MemberExpression",
					"computed": false,
					"object": {
						"type": "Identifier",
						"name": "exports"
					},
					"property": {
						"type": "Identifier",
						"name": "__express"
					}
				},
				"right": {
					"type": "FunctionExpression",
					"id": null,
					"params": [
						{
							"type": "Identifier",
							"name": "path"
						},
						{
							"type": "Identifier",
							"name": "options"
						},
						{
							"type": "Identifier",
							"name": "fn"
						}
					],
					"body": {
						"type": "BlockStatement",
						"body": [
							{
								"type": "IfStatement",
								"test": {
									"type": "LogicalExpression",
									"operator": "&&",
									"left": {
										"type": "BinaryExpression",
										"operator": "==",
										"left": {
											"type": "MemberExpression",
											"computed": false,
											"object": {
												"type": "Identifier",
												"name": "options"
											},
											"property": {
												"type": "Identifier",
												"name": "compileDebug"
											}
										},
										"right": {
											"type": "Identifier",
											"name": "undefined"
										}
									},
									"right": {
										"type": "BinaryExpression",
										"operator": "===",
										"left": {
											"type": "MemberExpression",
											"computed": false,
											"object": {
												"type": "MemberExpression",
												"computed": false,
												"object": {
													"type": "Identifier",
													"name": "process"
												},
												"property": {
													"type": "Identifier",
													"name": "env"
												}
											},
											"property": {
												"type": "Identifier",
												"name": "NODE_ENV"
											}
										},
										"right": {
											"type": "Literal",
											"value": "production",
											"raw": "'production'"
										}
									}
								},
								"consequent": {
									"type": "BlockStatement",
									"body": [
										{
											"type": "ExpressionStatement",
											"expression": {
												"type": "AssignmentExpression",
												"operator": "=",
												"left": {
													"type": "MemberExpression",
													"computed": false,
													"object": {
														"type": "Identifier",
														"name": "options"
													},
													"property": {
														"type": "Identifier",
														"name": "compileDebug"
													}
												},
												"right": {
													"type": "Literal",
													"value": false,
													"raw": "false"
												}
											}
										}
									]
								},
								"alternate": null
							},
							{
								"type": "ExpressionStatement",
								"expression": {
									"type": "CallExpression",
									"callee": {
										"type": "MemberExpression",
										"computed": false,
										"object": {
											"type": "Identifier",
											"name": "exports"
										},
										"property": {
											"type": "Identifier",
											"name": "renderFile"
										}
									},
									"arguments": [
										{
											"type": "Identifier",
											"name": "path"
										},
										{
											"type": "Identifier",
											"name": "options"
										},
										{
											"type": "Identifier",
											"name": "fn"
										}
									]
								}
							}
						]
					},
					"generator": false,
					"expression": false,
					"async": false
				}
			}
		}
	}
}