{
	"body": {
		"15": {
			"body": {
				"body": {
					"3": {
						"declarations": {
							"0": {
								"init": {
									"arguments": {
										"2": {
											"properties": {
												"1": {
													"value": {
														"body": {
															"body": {
																"0": {
																	"expression": {
																		"right": {
																			"arguments": {
																				"1": {
																					"type": "ObjectExpression",
																					"properties": [
																						{
																							"type": "Property",
																							"key": {
																								"type": "Identifier",
																								"name": "filename"
																							},
																							"computed": false,
																							"value": {
																								"type": "Identifier",
																								"name": "filename"
																							},
																							"kind": "init",
																							"method": false,
																							"shorthand": false
																						}
																					]
																				}
																			}
																		}
																	}
																}
															}
														}
													}
												},
												"3": {
													"value": {
														"body": {
															"body": {
																"2": {
																	"type": "ExpressionStatement",
																	"expression": {
																		"type": "AssignmentExpression",
																		"operator": "=",
																		"left": {
																			"type": "MemberExpression",
																			"computed": true,
																			"object": {
																				"type": "Identifier",
																				"name": "debug_sources"
																			},
																			"property": {
																				"type": "Identifier",
																				"name": "filename"
																			}
																		},
																		"right": {
																			"type": "Identifier",
																			"name": "str"
																		}
																	}
																},
																"3": {
																	"type": "ReturnStatement",
																	"argument": {
																		"type": "Identifier",
																		"name": "str"
																	}
																}
															}
														}
													}
												}
											}
										}
									}
								}
							}
						}
					}
				}
			}
		}
	}
}