{
	"body": {
		"15": {
			"body": {
				"body": {
					"7": {
						"type": "IfStatement",
						"test": {
							"type": "MemberExpression",
							"computed": false,
							"object": {
								"type": "Identifier",
								"name": "options"
							},
							"property": {
								"type": "Identifier",
								"name": "debug"
							}
						},
						"consequent": {
							"type": "BlockStatement",
							"body": [
								{
									"type": "ExpressionStatement",
									"expression": {
										"type": "CallExpression",
										"callee": {
											"type": "MemberExpression",
											"computed": false,
											"object": {
												"type": "Identifier",
												"name": "console"
											},
											"property": {
												"type": "Identifier",
												"name": "error"
											}
										},
										"arguments": [
											{
												"type": "Literal",
												"value": "\nCompiled Function:\n\n\u001b[90m%s\u001b[0m",
												"raw": "'\\nCompiled Function:\\n\\n\\x1B[90m%s\\x1B[0m'"
											},
											{
												"type": "CallExpression",
												"callee": {
													"type": "MemberExpression",
													"computed": false,
													"object": {
														"type": "Identifier",
														"name": "js"
													},
													"property": {
														"type": "Identifier",
														"name": "replace"
													}
												},
												"arguments": [
													{
														"type": "Literal",
														"value": {},
														"raw": "/^/gm",
														"regex": {
															"pattern": "^",
															"flags": "gm"
														}
													},
													{
														"type": "Literal",
														"value": "  ",
														"raw": "'  '"
													}
												]
											}
										]
									}
								}
							]
						}
					},
					"8": {
						"type": "ReturnStatement",
						"argument": {
							"type": "ObjectExpression",
							"properties": [
								{
									"type": "Property",
									"key": {
										"type": "Identifier",
										"name": "body"
									},
									"computed": false,
									"value": {
										"type": "Identifier",
										"name": "js"
									},
									"kind": "init",
									"method": false,
									"shorthand": false
								},
								{
									"type": "Property",
									"key": {
										"type": "Identifier",
										"name": "dependencies"
									},
									"computed": false,
									"value": {
										"type": "Identifier",
										"name": "dependencies"
									},
									"kind": "init",
									"method": false,
									"shorthand": false
								}
							]
						}
					}
				}
			}
		},
		"24": {
			"expression": {
				"right": {
					"body": {
						"body": {
							"1": {
								"expression": {
									"arguments": {
										"1": {
											"name": "options"
										},
										"2": {
											"type": "Identifier",
											"name": "fn"
										}
									}
								}
							}
						}
					}
				}
			}
		}
	}
}