{
	"body": {
		"15": {
			"body": {
				"body": {
					"7": {
						"consequent": {
							"body": {
								"0": {
									"expression": {
										"arguments": {
											"1": {
												"arguments": {
													"1": {
														"type": "Literal",
														"value": "  ",
														"raw": "'  '"
													}
												}
											}
										}
									}
								}
							}
						}
					}
				}
			}
		},
		"17": {
			"expression": {
				"right": {
					"body": {
						"body": {
							"2": {
								"declarations": {
									"0": {
										"init": {
											"arguments": {
												"1": {
													"properties": {
														"10": {
															"type": "Property",
															"key": {
																"type": "Identifier",
																"name": "templateName"
															},
															"computed": false,
															"value": {
																"type": "Literal",
																"value": "template",
																"raw": "'template'"
															},
															"kind": "init",
															"method": false,
															"shorthand": false
														}
													}
												}
											}
										}
									}
								}
							}
						}
					}
				}
			}
		},
		"18": {
			"expression": {
				"right": {
					"body": {
						"body": {
							"2": {
								"declarations": {
									"0": {
										"init": {
											"arguments": {
												"1": {
													"properties": {
														"6": {
															"key": {
																"name": "globals"
															},
															"value": {
																"property": {
																	"name": "globals"
																}
															}
														},
														"7": {
															"key": {
																"name": "self"
															},
															"value": {
																"property": {
																	"name": "self"
																}
															}
														},
														"8": {
															"key": {
																"name": "includeSources"
															},
															"value": {
																"property": {
																	"name": "compileDebug"
																}
															}
														},
														"9": {
															"key": {
																"name": "debug"
															},
															"value": {
																"type": "MemberExpression",
																"object": {
																	"type": "Identifier",
																	"name": "options"
																},
																"property": {
																	"type": "Identifier",
																	"name": "debug"
																}
															}
														},
														"10": {
															"type": "Property",
															"key": {
																"type": "Identifier",
																"name": "templateName"
															},
															"computed": false,
															"value": {
																"type": "LogicalExpression",
																"operator": "||",
																"left": {
																	"type": "MemberExpression",
																	"computed": false,
																	"object": {
																		"type": "Identifier",
																		"name": "options"
																	},
																	"property": {
																		"type": "Identifier",
																		"name": "name"
																	}
																},
																"right": {
																	"type": "Literal",
																	"value": "template",
																	"raw": "'template'"
																}
															},
															"kind": "init",
															"method": false,
															"shorthand": false
														}
													}
												}
											}
										}
									}
								}
							}
						}
					}
				}
			}
		}
	}
}