{
	"body": {
		"15": {
			"body": {
				"body": {
					"7": {
						"consequent": {
							"body": {
								"0": {
									"expression": {
										"arguments": {
											"1": {
												"arguments": {
													"1": {
														"type": "Literal",
														"value": "  ",
														"raw": "'  '"
													}
												}
											}
										}
									}
								}
							}
						}
					}
				}
			}
		},
		"21": {
			"expression": {
				"right": {
					"body": {
						"body": {
							"1": {
								"consequent": {
									"body": {
										"2": {
											"type": "ReturnStatement",
											"argument": {
												"type": "CallExpression",
												"callee": {
													"type": "Identifier",
													"name": "fn"
												},
												"arguments": [
													{
														"type": "Literal",
														"value": null,
														"raw": "null"
													},
													{
														"type": "Identifier",
														"name": "res"
													}
												]
											}
										}
									}
								}
							}
						}
					}
				}
			}
		},
		"24": {
			"expression": {
				"right": {
					"body": {
						"body": {
							"1": {
								"expression": {
									"arguments": {
										"2": {
											"type": "Identifier",
											"name": "fn"
										}
									}
								}
							}
						}
					}
				}
			}
		}
	}
}