{
	"body": {
		"15": {
			"body": {
				"body": {
					"7": {
						"consequent": {
							"body": {
								"0": {
									"expression": {
										"arguments": {
											"1": {
												"type": "CallExpression",
												"callee": {
													"type": "MemberExpression",
													"computed": false,
													"object": {
														"type": "Identifier",
														"name": "js"
													},
													"property": {
														"type": "Identifier",
														"name": "replace"
													}
												},
												"arguments": [
													{
														"type": "Literal",
														"value": {},
														"raw": "/^/gm",
														"regex": {
															"pattern": "^",
															"flags": "gm"
														}
													},
													{
														"type": "Literal",
														"value": "  ",
														"raw": "'  '"
													}
												]
											}
										}
									}
								}
							}
						}
					}
				}
			}
		},
		"16": {
			"body": {
				"body": {
					"1": {
						"alternate": {
							"body": {
								"0": {
									"consequent": {
										"expression": {
											"right": {
												"arguments": {
													"1": {
														"type": "Literal",
														"value": "utf8",
														"raw": "'utf8'"
													}
												}
											}
										}
									}
								}
							}
						}
					}
				}
			}
		},
		"24": {
			"expression": {
				"right": {
					"params": {
						"1": {
							"name": "options"
						},
						"2": {
							"type": "Identifier",
							"name": "fn"
						}
					},
					"body": {
						"body": {
							"1": {
								"expression": {
									"arguments": {
										"2": {
											"type": "Identifier",
											"name": "fn"
										}
									}
								}
							}
						}
					}
				}
			}
		}
	}
}