{
	"body": {
		"17": {
			"expression": {
				"right": {
					"body": {
						"body": {
							"2": {
								"declarations": {
									"0": {
										"init": {
											"arguments": {
												"1": {
													"properties": {
														"10": {
															"type": "Property",
															"key": {
																"type": "Identifier",
																"name": "templateName"
															},
															"computed": false,
															"value": {
																"type": "Literal",
																"value": "template",
																"raw": "'template'"
															},
															"kind": "init",
															"method": false,
															"shorthand": false
														}
													}
												}
											}
										}
									}
								}
							}
						}
					}
				}
			}
		},
		"24": {
			"type": "ExpressionStatement",
			"expression": {
				"type": "AssignmentExpression",
				"operator": "=",
				"left": {
					"type": "MemberExpression",
					"computed": false,
					"object": {
						"type": "Identifier",
						"name": "exports"
					},
					"property": {
						"type": "Identifier",
						"name": "__express"
					}
				},
				"right": {
					"type": "FunctionExpression",
					"id": null,
					"params": [
						{
							"type": "Identifier",
							"name": "path"
						},
						{
							"type": "Identifier",
							"name": "options"
						},
						{
							"type": "Identifier",
							"name": "fn"
						}
					],
					"body": {
						"type": "BlockStatement",
						"body": [
							{
								"type": "IfStatement",
								"test": {
									"type": "LogicalExpression",
									"operator": "&&",
									"left": {
										"type": "BinaryExpression",
										"operator": "==",
										"left": {
											"type": "MemberExpression",
											"computed": false,
											"object": {
												"type": "Identifier",
												"name": "options"
											},
											"property": {
												"type": "Identifier",
												"name": "compileDebug"
											}
										},
										"right": {
											"type": "Identifier",
											"name": "undefined"
										}
									},
									"right": {
										"type": "BinaryExpression",
										"operator": "===",
										"left": {
											"type": "MemberExpression",
											"computed": false,
											"object": {
												"type": "MemberExpression",
												"computed": false,
												"object": {
													"type": "Identifier",
													"name": "process"
												},
												"property": {
													"type": "Identifier",
													"name": "env"
												}
											},
											"property": {
												"type": "Identifier",
												"name": "NODE_ENV"
											}
										},
										"right": {
											"type": "Literal",
											"value": "production",
											"raw": "'production'"
										}
									}
								},
								"consequent": {
									"type": "BlockStatement",
									"body": [
										{
											"type": "ExpressionStatement",
											"expression": {
												"type": "AssignmentExpression",
												"operator": "=",
												"left": {
													"type": "MemberExpression",
													"computed": false,
													"object": {
														"type": "Identifier",
														"name": "options"
													},
													"property": {
														"type": "Identifier",
														"name": "compileDebug"
													}
												},
												"right": {
													"type": "Literal",
													"value": false,
													"raw": "false"
												}
											}
										}
									]
								},
								"alternate": null
							},
							{
								"type": "ExpressionStatement",
								"expression": {
									"type": "CallExpression",
									"callee": {
										"type": "MemberExpression",
										"computed": false,
										"object": {
											"type": "Identifier",
											"name": "exports"
										},
										"property": {
											"type": "Identifier",
											"name": "renderFile"
										}
									},
									"arguments": [
										{
											"type": "Identifier",
											"name": "path"
										},
										{
											"type": "Identifier",
											"name": "options"
										},
										{
											"type": "Identifier",
											"name": "fn"
										}
									]
								}
							}
						]
					},
					"generator": false,
					"expression": false,
					"async": false
				}
			}
		}
	}
}