{
	"body": {
		"15": {
			"body": {
				"body": {
					"7": {
						"type": "IfStatement",
						"test": {
							"type": "MemberExpression",
							"computed": false,
							"object": {
								"type": "Identifier",
								"name": "options"
							},
							"property": {
								"type": "Identifier",
								"name": "debug"
							}
						},
						"consequent": {
							"type": "BlockStatement",
							"body": [
								{
									"type": "ExpressionStatement",
									"expression": {
										"type": "CallExpression",
										"callee": {
											"type": "MemberExpression",
											"computed": false,
											"object": {
												"type": "Identifier",
												"name": "console"
											},
											"property": {
												"type": "Identifier",
												"name": "error"
											}
										},
										"arguments": [
											{
												"type": "Literal",
												"value": "\nCompiled Function:\n\n\u001b[90m%s\u001b[0m",
												"raw": "'\\nCompiled Function:\\n\\n\\x1B[90m%s\\x1B[0m'"
											},
											{
												"type": "CallExpression",
												"callee": {
													"type": "MemberExpression",
													"computed": false,
													"object": {
														"type": "Identifier",
														"name": "js"
													},
													"property": {
														"type": "Identifier",
														"name": "replace"
													}
												},
												"arguments": [
													{
														"type": "Literal",
														"value": {},
														"raw": "/^/gm",
														"regex": {
															"pattern": "^",
															"flags": "gm"
														}
													},
													{
														"type": "Literal",
														"value": "  ",
														"raw": "'  '"
													}
												]
											}
										]
									}
								}
							]
						}
					},
					"8": {
						"type": "ReturnStatement",
						"argument": {
							"type": "ObjectExpression",
							"properties": [
								{
									"type": "Property",
									"key": {
										"type": "Identifier",
										"name": "body"
									},
									"computed": false,
									"value": {
										"type": "Identifier",
										"name": "js"
									},
									"kind": "init",
									"method": false,
									"shorthand": false
								},
								{
									"type": "Property",
									"key": {
										"type": "Identifier",
										"name": "dependencies"
									},
									"computed": false,
									"value": {
										"type": "Identifier",
										"name": "dependencies"
									},
									"kind": "init",
									"method": false,
									"shorthand": false
								}
							]
						}
					}
				}
			}
		},
		"17": {
			"expression": {
				"right": {
					"body": {
						"body": {
							"2": {
								"declarations": {
									"0": {
										"init": {
											"arguments": {
												"1": {
													"properties": {
														"5": {
															"key": {
																"name": "inlineRuntimeFunctions"
															},
															"value": {
																"property": {
																	"name": "inlineRuntimeFunctions"
																}
															}
														},
														"6": {
															"key": {
																"name": "globals"
															},
															"value": {
																"property": {
																	"name": "globals"
																}
															}
														},
														"7": {
															"key": {
																"name": "self"
															},
															"value": {
																"type": "MemberExpression",
																"object": {
																	"type": "Identifier",
																	"name": "options"
																},
																"property": {
																	"type": "Identifier",
																	"name": "self"
																}
															}
														},
														"8": {
															"key": {
																"name": "includeSources"
															},
															"value": {
																"type": "BinaryExpression",
																"left": {
																	"type": "MemberExpression",
																	"computed": false,
																	"object": {
																		"type": "Identifier",
																		"name": "options"
																	},
																	"property": {
																		"type": "Identifier",
																		"name": "compileDebug"
																	}
																},
																"right": {
																	"type": "Literal",
																	"value": true,
																	"raw": "true"
																}
															}
														},
														"9": {
															"key": {
																"name": "debug"
															},
															"value": {
																"type": "MemberExpression",
																"object": {
																	"type": "Identifier",
																	"name": "options"
																},
																"property": {
																	"type": "Identifier",
																	"name": "debug"
																}
															}
														},
														"10": {
															"type": "Property",
															"key": {
																"type": "Identifier",
																"name": "templateName"
															},
															"computed": false,
															"value": {
																"type": "Literal",
																"value": "template",
																"raw": "'template'"
															},
															"kind": "init",
															"method": false,
															"shorthand": false
														}
													}
												}
											}
										}
									}
								}
							}
						}
					}
				}
			}
		},
		"18": {
			"expression": {
				"right": {
					"body": {
						"body": {
							"2": {
								"declarations": {
									"0": {
										"init": {
											"arguments": {
												"1": {
													"properties": {
														"8": {
															"key": {
																"name": "includeSources"
															},
															"value": {
																"property": {
																	"name": "compileDebug"
																}
															}
														},
														"9": {
															"key": {
																"name": "debug"
															},
															"value": {
																"type": "MemberExpression",
																"object": {
																	"type": "Identifier",
																	"name": "options"
																},
																"property": {
																	"type": "Identifier",
																	"name": "debug"
																}
															}
														},
														"10": {
															"type": "Property",
															"key": {
																"type": "Identifier",
																"name": "templateName"
															},
															"computed": false,
															"value": {
																"type": "LogicalExpression",
																"operator": "||",
																"left": {
																	"type": "MemberExpression",
																	"computed": false,
																	"object": {
																		"type": "Identifier",
																		"name": "options"
																	},
																	"property": {
																		"type": "Identifier",
																		"name": "name"
																	}
																},
																"right": {
																	"type": "Literal",
																	"value": "template",
																	"raw": "'template'"
																}
															},
															"kind": "init",
															"method": false,
															"shorthand": false
														}
													}
												}
											}
										}
									}
								}
							}
						}
					}
				}
			}
		}
	}
}