{
	"body": {
		"15": {
			"body": {
				"body": {
					"7": {
						"consequent": {
							"body": {
								"0": {
									"type": "ExpressionStatement",
									"expression": {
										"type": "CallExpression",
										"callee": {
											"type": "MemberExpression",
											"computed": false,
											"object": {
												"type": "Identifier",
												"name": "console"
											},
											"property": {
												"type": "Identifier",
												"name": "error"
											}
										},
										"arguments": [
											{
												"type": "Literal",
												"value": "\nCompiled Function:\n\n\u001b[90m%s\u001b[0m",
												"raw": "'\\nCompiled Function:\\n\\n\\x1B[90m%s\\x1B[0m'"
											},
											{
												"type": "CallExpression",
												"callee": {
													"type": "MemberExpression",
													"computed": false,
													"object": {
														"type": "Identifier",
														"name": "js"
													},
													"property": {
														"type": "Identifier",
														"name": "replace"
													}
												},
												"arguments": [
													{
														"type": "Literal",
														"value": {},
														"raw": "/^/gm",
														"regex": {
															"pattern": "^",
															"flags": "gm"
														}
													},
													{
														"type": "Literal",
														"value": "  ",
														"raw": "'  '"
													}
												]
											}
										]
									}
								}
							}
						}
					}
				}
			}
		},
		"23": {
			"expression": {
				"right": {
					"body": {
						"body": {
							"0": {
								"declarations": {
									"0": {
										"init": {
											"type": "BinaryExpression",
											"operator": "+",
											"left": {
												"type": "Identifier",
												"name": "path"
											},
											"right": {
												"type": "Literal",
												"value": ":client",
												"raw": "':client'"
											}
										}
									}
								}
							}
						}
					}
				}
			}
		},
		"24": {
			"type": "ExpressionStatement",
			"expression": {
				"type": "AssignmentExpression",
				"operator": "=",
				"left": {
					"type": "MemberExpression",
					"computed": false,
					"object": {
						"type": "Identifier",
						"name": "exports"
					},
					"property": {
						"type": "Identifier",
						"name": "__express"
					}
				},
				"right": {
					"type": "FunctionExpression",
					"id": null,
					"params": [
						{
							"type": "Identifier",
							"name": "path"
						},
						{
							"type": "Identifier",
							"name": "options"
						},
						{
							"type": "Identifier",
							"name": "fn"
						}
					],
					"body": {
						"type": "BlockStatement",
						"body": [
							{
								"type": "IfStatement",
								"test": {
									"type": "LogicalExpression",
									"operator": "&&",
									"left": {
										"type": "BinaryExpression",
										"operator": "==",
										"left": {
											"type": "MemberExpression",
											"computed": false,
											"object": {
												"type": "Identifier",
												"name": "options"
											},
											"property": {
												"type": "Identifier",
												"name": "compileDebug"
											}
										},
										"right": {
											"type": "Identifier",
											"name": "undefined"
										}
									},
									"right": {
										"type": "BinaryExpression",
										"operator": "===",
										"left": {
											"type": "MemberExpression",
											"computed": false,
											"object": {
												"type": "MemberExpression",
												"computed": false,
												"object": {
													"type": "Identifier",
													"name": "process"
												},
												"property": {
													"type": "Identifier",
													"name": "env"
												}
											},
											"property": {
												"type": "Identifier",
												"name": "NODE_ENV"
											}
										},
										"right": {
											"type": "Literal",
											"value": "production",
											"raw": "'production'"
										}
									}
								},
								"consequent": {
									"type": "BlockStatement",
									"body": [
										{
											"type": "ExpressionStatement",
											"expression": {
												"type": "AssignmentExpression",
												"operator": "=",
												"left": {
													"type": "MemberExpression",
													"computed": false,
													"object": {
														"type": "Identifier",
														"name": "options"
													},
													"property": {
														"type": "Identifier",
														"name": "compileDebug"
													}
												},
												"right": {
													"type": "Literal",
													"value": false,
													"raw": "false"
												}
											}
										}
									]
								},
								"alternate": null
							},
							{
								"type": "ExpressionStatement",
								"expression": {
									"type": "CallExpression",
									"callee": {
										"type": "MemberExpression",
										"computed": false,
										"object": {
											"type": "Identifier",
											"name": "exports"
										},
										"property": {
											"type": "Identifier",
											"name": "renderFile"
										}
									},
									"arguments": [
										{
											"type": "Identifier",
											"name": "path"
										},
										{
											"type": "Identifier",
											"name": "options"
										},
										{
											"type": "Identifier",
											"name": "fn"
										}
									]
								}
							}
						]
					},
					"generator": false,
					"expression": false,
					"async": false
				}
			}
		}
	}
}