{
	"body": {
		"18": {
			"expression": {
				"right": {
					"body": {
						"body": {
							"3": {
								"argument": {
									"properties": {
										"1": {
											"type": "Property",
											"key": {
												"type": "Identifier",
												"name": "dependencies"
											},
											"computed": false,
											"value": {
												"type": "MemberExpression",
												"computed": false,
												"object": {
													"type": "Identifier",
													"name": "parsed"
												},
												"property": {
													"type": "Identifier",
													"name": "dependencies"
												}
											},
											"kind": "init",
											"method": false,
											"shorthand": false
										}
									}
								}
							}
						}
					}
				}
			}
		}
	}
}