{
	"body": {
		"21": {
			"expression": {
				"right": {
					"body": {
						"body": {
							"1": {
								"consequent": {
									"body": {
										"2": {
											"type": "ReturnStatement",
											"argument": {
												"type": "CallExpression",
												"callee": {
													"type": "Identifier",
													"name": "fn"
												},
												"arguments": [
													{
														"type": "Literal",
														"value": null,
														"raw": "null"
													},
													{
														"type": "Identifier",
														"name": "res"
													}
												]
											}
										}
									}
								}
							}
						}
					}
				}
			}
		},
		"23": {
			"expression": {
				"right": {
					"body": {
						"body": {
							"0": {
								"declarations": {
									"0": {
										"init": {
											"type": "BinaryExpression",
											"operator": "+",
											"left": {
												"type": "Identifier",
												"name": "path"
											},
											"right": {
												"type": "Literal",
												"value": ":client",
												"raw": "':client'"
											}
										}
									}
								}
							}
						}
					}
				}
			}
		},
		"24": {
			"expression": {
				"right": {
					"body": {
						"body": {
							"1": {
								"type": "ExpressionStatement",
								"expression": {
									"type": "CallExpression",
									"callee": {
										"type": "MemberExpression",
										"computed": false,
										"object": {
											"type": "Identifier",
											"name": "exports"
										},
										"property": {
											"type": "Identifier",
											"name": "renderFile"
										}
									},
									"arguments": [
										{
											"type": "Identifier",
											"name": "path"
										},
										{
											"type": "Identifier",
											"name": "options"
										},
										{
											"type": "Identifier",
											"name": "fn"
										}
									]
								}
							}
						}
					}
				}
			}
		}
	}
}