{
	"body": {
		"17": {
			"expression": {
				"right": {
					"body": {
						"body": {
							"3": {
								"declarations": {
									"0": {
										"init": {
											"consequent": {
												"callee": {
													"arguments": {
														"1": {
															"type": "BinaryExpression",
															"operator": "+",
															"left": {
																"type": "MemberExpression",
																"computed": false,
																"object": {
																	"type": "Identifier",
																	"name": "parsed"
																},
																"property": {
																	"type": "Identifier",
																	"name": "body"
																}
															},
															"right": {
																"type": "Literal",
																"value": ";return template;",
																"raw": "';return template;'"
															}
														}
													}
												}
											}
										}
									}
								}
							}
						}
					}
				}
			}
		},
		"24": {
			"expression": {
				"right": {
					"body": {
						"body": {
							"1": {
								"type": "ExpressionStatement",
								"expression": {
									"type": "CallExpression",
									"callee": {
										"type": "MemberExpression",
										"computed": false,
										"object": {
											"type": "Identifier",
											"name": "exports"
										},
										"property": {
											"type": "Identifier",
											"name": "renderFile"
										}
									},
									"arguments": [
										{
											"type": "Identifier",
											"name": "path"
										},
										{
											"type": "Identifier",
											"name": "options"
										},
										{
											"type": "Identifier",
											"name": "fn"
										}
									]
								}
							}
						}
					}
				}
			}
		}
	}
}