{
	"body": {
		"21": {
			"expression": {
				"right": {
					"body": {
						"body": {
							"1": {
								"consequent": {
									"body": {
										"2": {
											"type": "ReturnStatement",
											"argument": {
												"type": "CallExpression",
												"callee": {
													"type": "Identifier",
													"name": "fn"
												},
												"arguments": [
													{
														"type": "Literal",
														"value": null,
														"raw": "null"
													},
													{
														"type": "Identifier",
														"name": "res"
													}
												]
											}
										}
									}
								}
							}
						}
					}
				}
			}
		},
		"22": {
			"expression": {
				"right": {
					"body": {
						"body": {
							"4": {
								"argument": {
									"arguments": {
										"0": {
											"type": "Identifier",
											"name": "options"
										}
									}
								}
							}
						}
					}
				}
			}
		}
	}
}