{
	"body": {
		"15": {
			"body": {
				"body": {
					"6": {
						"declarations": {
							"0": {
								"init": {
									"arguments": {
										"1": {
											"properties": {
												"4": {
													"key": {
														"name": "globals"
													},
													"value": {
														"property": {
															"name": "globals"
														}
													}
												},
												"5": {
													"key": {
														"name": "self"
													},
													"value": {
														"type": "MemberExpression",
														"object": {
															"type": "Identifier",
															"name": "options"
														},
														"property": {
															"type": "Identifier",
															"name": "self"
														}
													}
												},
												"6": {
													"key": {
														"name": "includeSources"
													},
													"value": {
														"type": "ConditionalExpression",
														"test": {
															"type": "MemberExpression",
															"computed": false,
															"object": {
																"type": "Identifier",
																"name": "options"
															},
															"property": {
																"type": "Identifier",
																"name": "includeSources"
															}
														},
														"consequent": {
															"type": "Identifier",
															"name": "debug_sources"
														},
														"alternate": {
															"type": "Literal",
															"value": false,
															"raw": "false"
														}
													}
												},
												"7": {
													"type": "Property",
													"key": {
														"type": "Identifier",
														"name": "templateName"
													},
													"computed": false,
													"value": {
														"type": "MemberExpression",
														"computed": false,
														"object": {
															"type": "Identifier",
															"name": "options"
														},
														"property": {
															"type": "Identifier",
															"name": "templateName"
														}
													},
													"kind": "init",
													"method": false,
													"shorthand": false
												}
											}
										}
									}
								}
							}
						}
					}
				}
			}
		},
		"17": {
			"expression": {
				"right": {
					"body": {
						"body": {
							"2": {
								"declarations": {
									"0": {
										"init": {
											"arguments": {
												"1": {
													"properties": {
														"5": {
															"key": {
																"name": "inlineRuntimeFunctions"
															},
															"value": {
																"property": {
																	"name": "inlineRuntimeFunctions"
																}
															}
														},
														"6": {
															"key": {
																"name": "globals"
															},
															"value": {
																"property": {
																	"name": "globals"
																}
															}
														},
														"7": {
															"key": {
																"name": "self"
															},
															"value": {
																"type": "MemberExpression",
																"object": {
																	"type": "Identifier",
																	"name": "options"
																},
																"property": {
																	"type": "Identifier",
																	"name": "self"
																}
															}
														},
														"8": {
															"key": {
																"name": "includeSources"
															},
															"value": {
																"type": "BinaryExpression",
																"left": {
																	"type": "MemberExpression",
																	"computed": false,
																	"object": {
																		"type": "Identifier",
																		"name": "options"
																	},
																	"property": {
																		"type": "Identifier",
																		"name": "compileDebug"
																	}
																},
																"right": {
																	"type": "Literal",
																	"value": true,
																	"raw": "true"
																}
															}
														},
														"9": {
															"key": {
																"name": "debug"
															},
															"value": {
																"type": "MemberExpression",
																"object": {
																	"type": "Identifier",
																	"name": "options"
																},
																"property": {
																	"type": "Identifier",
																	"name": "debug"
																}
															}
														},
														"10": {
															"type": "Property",
															"key": {
																"type": "Identifier",
																"name": "templateName"
															},
															"computed": false,
															"value": {
																"type": "Literal",
																"value": "template",
																"raw": "'template'"
															},
															"kind": "init",
															"method": false,
															"shorthand": false
														}
													}
												}
											}
										}
									}
								}
							},
							"3": {
								"declarations": {
									"0": {
										"init": {
											"consequent": {
												"callee": {
													"arguments": {
														"1": {
															"type": "BinaryExpression",
															"operator": "+",
															"left": {
																"type": "MemberExpression",
																"computed": false,
																"object": {
																	"type": "Identifier",
																	"name": "parsed"
																},
																"property": {
																	"type": "Identifier",
																	"name": "body"
																}
															},
															"right": {
																"type": "Literal",
																"value": ";return template;",
																"raw": "';return template;'"
															}
														}
													}
												}
											}
										}
									}
								}
							}
						}
					}
				}
			}
		}
	}
}