{
	"body": {
		"23": {
			"expression": {
				"right": {
					"body": {
						"body": {
							"4": {
								"declarations": {
									"0": {
										"init": {
											"arguments": {
												"1": {
													"type": "Literal",
													"value": "utf8",
													"raw": "'utf8'"
												}
											}
										}
									}
								}
							}
						}
					}
				}
			}
		},
		"24": {
			"expression": {
				"right": {
					"params": {
						"1": {
							"name": "options"
						},
						"2": {
							"type": "Identifier",
							"name": "fn"
						}
					}
				}
			}
		}
	}
}