{
	"body": {
		"15": {
			"body": {
				"body": {
					"7": {
						"consequent": {
							"body": {
								"0": {
									"type": "ExpressionStatement",
									"expression": {
										"type": "CallExpression",
										"callee": {
											"type": "MemberExpression",
											"computed": false,
											"object": {
												"type": "Identifier",
												"name": "console"
											},
											"property": {
												"type": "Identifier",
												"name": "error"
											}
										},
										"arguments": [
											{
												"type": "Literal",
												"value": "\nCompiled Function:\n\n\u001b[90m%s\u001b[0m",
												"raw": "'\\nCompiled Function:\\n\\n\\x1B[90m%s\\x1B[0m'"
											},
											{
												"type": "CallExpression",
												"callee": {
													"type": "MemberExpression",
													"computed": false,
													"object": {
														"type": "Identifier",
														"name": "js"
													},
													"property": {
														"type": "Identifier",
														"name": "replace"
													}
												},
												"arguments": [
													{
														"type": "Literal",
														"value": {},
														"raw": "/^/gm",
														"regex": {
															"pattern": "^",
															"flags": "gm"
														}
													},
													{
														"type": "Literal",
														"value": "  ",
														"raw": "'  '"
													}
												]
											}
										]
									}
								}
							}
						}
					}
				}
			}
		},
		"17": {
			"expression": {
				"right": {
					"body": {
						"body": {
							"2": {
								"declarations": {
									"0": {
										"init": {
											"arguments": {
												"1": {
													"properties": {
														"10": {
															"type": "Property",
															"key": {
																"type": "Identifier",
																"name": "templateName"
															},
															"computed": false,
															"value": {
																"type": "Literal",
																"value": "template",
																"raw": "'template'"
															},
															"kind": "init",
															"method": false,
															"shorthand": false
														}
													}
												}
											}
										}
									}
								}
							}
						}
					}
				}
			}
		},
		"18": {
			"expression": {
				"right": {
					"body": {
						"body": {
							"2": {
								"declarations": {
									"0": {
										"init": {
											"arguments": {
												"1": {
													"properties": {
														"8": {
															"key": {
																"name": "includeSources"
															},
															"value": {
																"property": {
																	"name": "compileDebug"
																}
															}
														},
														"9": {
															"key": {
																"name": "debug"
															},
															"value": {
																"type": "MemberExpression",
																"object": {
																	"type": "Identifier",
																	"name": "options"
																},
																"property": {
																	"type": "Identifier",
																	"name": "debug"
																}
															}
														},
														"10": {
															"type": "Property",
															"key": {
																"type": "Identifier",
																"name": "templateName"
															},
															"computed": false,
															"value": {
																"type": "LogicalExpression",
																"operator": "||",
																"left": {
																	"type": "MemberExpression",
																	"computed": false,
																	"object": {
																		"type": "Identifier",
																		"name": "options"
																	},
																	"property": {
																		"type": "Identifier",
																		"name": "name"
																	}
																},
																"right": {
																	"type": "Literal",
																	"value": "template",
																	"raw": "'template'"
																}
															},
															"kind": "init",
															"method": false,
															"shorthand": false
														}
													}
												}
											}
										}
									}
								}
							}
						}
					}
				}
			}
		},
		"21": {
			"expression": {
				"right": {
					"body": {
						"body": {
							"0": {
								"consequent": {
									"body": {
										"0": {
											"type": "ExpressionStatement",
											"expression": {
												"type": "SequenceExpression",
												"expressions": [
													{
														"type": "AssignmentExpression",
														"operator": "=",
														"left": {
															"type": "Identifier",
															"name": "fn"
														},
														"right": {
															"type": "Identifier",
															"name": "options"
														}
													},
													{
														"type": "AssignmentExpression",
														"operator": "=",
														"left": {
															"type": "Identifier",
															"name": "options"
														},
														"right": {
															"type": "Identifier",
															"name": "undefined"
														}
													}
												]
											}
										}
									}
								}
							}
						}
					}
				}
			}
		}
	}
}