{
	"body": {
		"15": {
			"body": {
				"body": {
					"3": {
						"declarations": {
							"0": {
								"init": {
									"arguments": {
										"2": {
											"properties": {
												"1": {
													"value": {
														"body": {
															"body": {
																"0": {
																	"expression": {
																		"right": {
																			"arguments": {
																				"1": {
																					"type": "ObjectExpression",
																					"properties": [
																						{
																							"type": "Property",
																							"key": {
																								"type": "Identifier",
																								"name": "filename"
																							},
																							"computed": false,
																							"value": {
																								"type": "Identifier",
																								"name": "filename"
																							},
																							"kind": "init",
																							"method": false,
																							"shorthand": false
																						}
																					]
																				}
																			}
																		}
																	}
																}
															}
														}
													}
												}
											}
										}
									}
								}
							}
						}
					}
				}
			}
		},
		"18": {
			"expression": {
				"right": {
					"body": {
						"body": {
							"2": {
								"declarations": {
									"0": {
										"init": {
											"arguments": {
												"1": {
													"properties": {
														"4": {
															"key": {
																"name": "doctype"
															},
															"value": {
																"type": "MemberExpression",
																"object": {
																	"type": "Identifier",
																	"name": "options"
																},
																"property": {
																	"type": "Identifier",
																	"name": "doctype"
																}
															}
														},
														"5": {
															"key": {
																"name": "inlineRuntimeFunctions"
															},
															"value": {
																"type": "BinaryExpression",
																"left": {
																	"type": "MemberExpression",
																	"computed": false,
																	"object": {
																		"type": "Identifier",
																		"name": "options"
																	},
																	"property": {
																		"type": "Identifier",
																		"name": "inlineRuntimeFunctions"
																	}
																},
																"right": {
																	"type": "Literal",
																	"value": false,
																	"raw": "false"
																}
															}
														},
														"6": {
															"key": {
																"name": "globals"
															},
															"value": {
																"property": {
																	"name": "globals"
																}
															}
														},
														"7": {
															"key": {
																"name": "self"
															},
															"value": {
																"property": {
																	"name": "self"
																}
															}
														},
														"8": {
															"key": {
																"name": "includeSources"
															},
															"value": {
																"property": {
																	"name": "compileDebug"
																}
															}
														},
														"9": {
															"key": {
																"name": "debug"
															},
															"value": {
																"type": "MemberExpression",
																"object": {
																	"type": "Identifier",
																	"name": "options"
																},
																"property": {
																	"type": "Identifier",
																	"name": "debug"
																}
															}
														},
														"10": {
															"type": "Property",
															"key": {
																"type": "Identifier",
																"name": "templateName"
															},
															"computed": false,
															"value": {
																"type": "LogicalExpression",
																"operator": "||",
																"left": {
																	"type": "MemberExpression",
																	"computed": false,
																	"object": {
																		"type": "Identifier",
																		"name": "options"
																	},
																	"property": {
																		"type": "Identifier",
																		"name": "name"
																	}
																},
																"right": {
																	"type": "Literal",
																	"value": "template",
																	"raw": "'template'"
																}
															},
															"kind": "init",
															"method": false,
															"shorthand": false
														}
													}
												}
											}
										}
									}
								}
							},
							"3": {
								"argument": {
									"properties": {
										"1": {
											"type": "Property",
											"key": {
												"type": "Identifier",
												"name": "dependencies"
											},
											"computed": false,
											"value": {
												"type": "MemberExpression",
												"computed": false,
												"object": {
													"type": "Identifier",
													"name": "parsed"
												},
												"property": {
													"type": "Identifier",
													"name": "dependencies"
												}
											},
											"kind": "init",
											"method": false,
											"shorthand": false
										}
									}
								}
							}
						}
					}
				}
			}
		}
	}
}