{
	"body": {
		"15": {
			"body": {
				"body": {
					"3": {
						"declarations": {
							"0": {
								"init": {
									"arguments": {
										"2": {
											"properties": {
												"1": {
													"value": {
														"body": {
															"body": {
																"0": {
																	"expression": {
																		"right": {
																			"arguments": {
																				"1": {
																					"properties": {
																						"0": {
																							"type": "Property",
																							"key": {
																								"type": "Identifier",
																								"name": "filename"
																							},
																							"computed": false,
																							"value": {
																								"type": "Identifier",
																								"name": "filename"
																							},
																							"kind": "init",
																							"method": false,
																							"shorthand": false
																						}
																					}
																				}
																			}
																		}
																	}
																}
															}
														}
													}
												},
												"3": {
													"value": {
														"body": {
															"body": {
																"2": {
																	"type": "ExpressionStatement",
																	"expression": {
																		"type": "AssignmentExpression",
																		"operator": "=",
																		"left": {
																			"type": "MemberExpression",
																			"computed": true,
																			"object": {
																				"type": "Identifier",
																				"name": "debug_sources"
																			},
																			"property": {
																				"type": "Identifier",
																				"name": "filename"
																			}
																		},
																		"right": {
																			"type": "Identifier",
																			"name": "str"
																		}
																	}
																},
																"3": {
																	"type": "ReturnStatement",
																	"argument": {
																		"type": "Identifier",
																		"name": "str"
																	}
																}
															}
														}
													}
												}
											}
										}
									}
								}
							}
						}
					},
					"7": {
						"consequent": {
							"body": {
								"0": {
									"expression": {
										"arguments": {
											"1": {
												"type": "CallExpression",
												"callee": {
													"type": "MemberExpression",
													"computed": false,
													"object": {
														"type": "Identifier",
														"name": "js"
													},
													"property": {
														"type": "Identifier",
														"name": "replace"
													}
												},
												"arguments": [
													{
														"type": "Literal",
														"value": {},
														"raw": "/^/gm",
														"regex": {
															"pattern": "^",
															"flags": "gm"
														}
													},
													{
														"type": "Literal",
														"value": "  ",
														"raw": "'  '"
													}
												]
											}
										}
									}
								}
							}
						}
					}
				}
			}
		},
		"16": {
			"body": {
				"body": {
					"1": {
						"alternate": {
							"body": {
								"0": {
									"consequent": {
										"expression": {
											"right": {
												"arguments": {
													"1": {
														"type": "Literal",
														"value": "utf8",
														"raw": "'utf8'"
													}
												}
											}
										}
									}
								}
							}
						}
					}
				}
			}
		},
		"24": {
			"expression": {
				"right": {
					"body": {
						"body": {
							"1": {
								"expression": {
									"arguments": {
										"2": {
											"type": "Identifier",
											"name": "fn"
										}
									}
								}
							}
						}
					}
				}
			}
		}
	}
}