{
	"body": {
		"15": {
			"body": {
				"body": {
					"3": {
						"declarations": {
							"0": {
								"init": {
									"arguments": {
										"2": {
											"properties": {
												"3": {
													"value": {
														"body": {
															"body": {
																"2": {
																	"type": "ExpressionStatement",
																	"expression": {
																		"type": "AssignmentExpression",
																		"operator": "=",
																		"left": {
																			"type": "MemberExpression",
																			"computed": true,
																			"object": {
																				"type": "Identifier",
																				"name": "debug_sources"
																			},
																			"property": {
																				"type": "Identifier",
																				"name": "filename"
																			}
																		},
																		"right": {
																			"type": "Identifier",
																			"name": "str"
																		}
																	}
																},
																"3": {
																	"type": "ReturnStatement",
																	"argument": {
																		"type": "Identifier",
																		"name": "str"
																	}
																}
															}
														}
													}
												}
											}
										}
									}
								}
							}
						}
					},
					"7": {
						"type": "IfStatement",
						"test": {
							"type": "MemberExpression",
							"computed": false,
							"object": {
								"type": "Identifier",
								"name": "options"
							},
							"property": {
								"type": "Identifier",
								"name": "debug"
							}
						},
						"consequent": {
							"type": "BlockStatement",
							"body": [
								{
									"type": "ExpressionStatement",
									"expression": {
										"type": "CallExpression",
										"callee": {
											"type": "MemberExpression",
											"computed": false,
											"object": {
												"type": "Identifier",
												"name": "console"
											},
											"property": {
												"type": "Identifier",
												"name": "error"
											}
										},
										"arguments": [
											{
												"type": "Literal",
												"value": "\nCompiled Function:\n\n\u001b[90m%s\u001b[0m",
												"raw": "'\\nCompiled Function:\\n\\n\\x1B[90m%s\\x1B[0m'"
											},
											{
												"type": "CallExpression",
												"callee": {
													"type": "MemberExpression",
													"computed": false,
													"object": {
														"type": "Identifier",
														"name": "js"
													},
													"property": {
														"type": "Identifier",
														"name": "replace"
													}
												},
												"arguments": [
													{
														"type": "Literal",
														"value": {},
														"raw": "/^/gm",
														"regex": {
															"pattern": "^",
															"flags": "gm"
														}
													},
													{
														"type": "Literal",
														"value": "  ",
														"raw": "'  '"
													}
												]
											}
										]
									}
								}
							]
						}
					},
					"8": {
						"type": "ReturnStatement",
						"argument": {
							"type": "ObjectExpression",
							"properties": [
								{
									"type": "Property",
									"key": {
										"type": "Identifier",
										"name": "body"
									},
									"computed": false,
									"value": {
										"type": "Identifier",
										"name": "js"
									},
									"kind": "init",
									"method": false,
									"shorthand": false
								},
								{
									"type": "Property",
									"key": {
										"type": "Identifier",
										"name": "dependencies"
									},
									"computed": false,
									"value": {
										"type": "Identifier",
										"name": "dependencies"
									},
									"kind": "init",
									"method": false,
									"shorthand": false
								}
							]
						}
					}
				}
			}
		},
		"17": {
			"expression": {
				"right": {
					"body": {
						"body": {
							"2": {
								"declarations": {
									"0": {
										"init": {
											"arguments": {
												"1": {
													"properties": {
														"9": {
															"key": {
																"name": "debug"
															},
															"value": {
																"type": "MemberExpression",
																"object": {
																	"type": "Identifier",
																	"name": "options"
																},
																"property": {
																	"type": "Identifier",
																	"name": "debug"
																}
															}
														},
														"10": {
															"type": "Property",
															"key": {
																"type": "Identifier",
																"name": "templateName"
															},
															"computed": false,
															"value": {
																"type": "Literal",
																"value": "template",
																"raw": "'template'"
															},
															"kind": "init",
															"method": false,
															"shorthand": false
														}
													}
												}
											}
										}
									}
								}
							}
						}
					}
				}
			}
		},
		"18": {
			"expression": {
				"right": {
					"body": {
						"body": {
							"3": {
								"argument": {
									"properties": {
										"1": {
											"type": "Property",
											"key": {
												"type": "Identifier",
												"name": "dependencies"
											},
											"computed": false,
											"value": {
												"type": "MemberExpression",
												"computed": false,
												"object": {
													"type": "Identifier",
													"name": "parsed"
												},
												"property": {
													"type": "Identifier",
													"name": "dependencies"
												}
											},
											"kind": "init",
											"method": false,
											"shorthand": false
										}
									}
								}
							}
						}
					}
				}
			}
		},
		"23": {
			"expression": {
				"right": {
					"body": {
						"body": {
							"4": {
								"declarations": {
									"0": {
										"init": {
											"arguments": {
												"1": {
													"type": "Literal",
													"value": "utf8",
													"raw": "'utf8'"
												}
											}
										}
									}
								}
							}
						}
					}
				}
			}
		},
		"24": {
			"expression": {
				"right": {
					"body": {
						"body": {
							"0": {
								"consequent": {
									"body": {
										"0": {
											"type": "ExpressionStatement",
											"expression": {
												"type": "AssignmentExpression",
												"operator": "=",
												"left": {
													"type": "MemberExpression",
													"computed": false,
													"object": {
														"type": "Identifier",
														"name": "options"
													},
													"property": {
														"type": "Identifier",
														"name": "compileDebug"
													}
												},
												"right": {
													"type": "Literal",
													"value": false,
													"raw": "false"
												}
											}
										}
									}
								}
							},
							"1": {
								"type": "ExpressionStatement",
								"expression": {
									"type": "CallExpression",
									"callee": {
										"type": "MemberExpression",
										"computed": false,
										"object": {
											"type": "Identifier",
											"name": "exports"
										},
										"property": {
											"type": "Identifier",
											"name": "renderFile"
										}
									},
									"arguments": [
										{
											"type": "Identifier",
											"name": "path"
										},
										{
											"type": "Identifier",
											"name": "options"
										},
										{
											"type": "Identifier",
											"name": "fn"
										}
									]
								}
							}
						}
					}
				}
			}
		}
	}
}