{
	"body": {
		"15": {
			"body": {
				"body": {
					"6": {
						"declarations": {
							"0": {
								"init": {
									"arguments": {
										"1": {
											"properties": {
												"4": {
													"key": {
														"name": "globals"
													},
													"value": {
														"property": {
															"name": "globals"
														}
													}
												},
												"5": {
													"key": {
														"name": "self"
													},
													"value": {
														"type": "MemberExpression",
														"object": {
															"type": "Identifier",
															"name": "options"
														},
														"property": {
															"type": "Identifier",
															"name": "self"
														}
													}
												},
												"6": {
													"key": {
														"name": "includeSources"
													},
													"value": {
														"type": "ConditionalExpression",
														"test": {
															"type": "MemberExpression",
															"computed": false,
															"object": {
																"type": "Identifier",
																"name": "options"
															},
															"property": {
																"type": "Identifier",
																"name": "includeSources"
															}
														},
														"consequent": {
															"type": "Identifier",
															"name": "debug_sources"
														},
														"alternate": {
															"type": "Literal",
															"value": false,
															"raw": "false"
														}
													}
												},
												"7": {
													"type": "Property",
													"key": {
														"type": "Identifier",
														"name": "templateName"
													},
													"computed": false,
													"value": {
														"type": "MemberExpression",
														"computed": false,
														"object": {
															"type": "Identifier",
															"name": "options"
														},
														"property": {
															"type": "Identifier",
															"name": "templateName"
														}
													},
													"kind": "init",
													"method": false,
													"shorthand": false
												}
											}
										}
									}
								}
							}
						}
					},
					"7": {
						"consequent": {
							"body": {
								"0": {
									"expression": {
										"arguments": {
											"1": {
												"arguments": {
													"1": {
														"type": "Literal",
														"value": "  ",
														"raw": "'  '"
													}
												}
											}
										}
									}
								}
							}
						}
					}
				}
			}
		},
		"16": {
			"body": {
				"body": {
					"1": {
						"alternate": {
							"body": {
								"0": {
									"consequent": {
										"expression": {
											"right": {
												"arguments": {
													"1": {
														"type": "Literal",
														"value": "utf8",
														"raw": "'utf8'"
													}
												}
											}
										}
									}
								}
							}
						}
					}
				}
			}
		},
		"18": {
			"expression": {
				"right": {
					"body": {
						"body": {
							"2": {
								"declarations": {
									"0": {
										"init": {
											"arguments": {
												"1": {
													"properties": {
														"8": {
															"key": {
																"name": "includeSources"
															},
															"value": {
																"property": {
																	"name": "compileDebug"
																}
															}
														},
														"9": {
															"key": {
																"name": "debug"
															},
															"value": {
																"type": "MemberExpression",
																"object": {
																	"type": "Identifier",
																	"name": "options"
																},
																"property": {
																	"type": "Identifier",
																	"name": "debug"
																}
															}
														},
														"10": {
															"type": "Property",
															"key": {
																"type": "Identifier",
																"name": "templateName"
															},
															"computed": false,
															"value": {
																"type": "LogicalExpression",
																"operator": "||",
																"left": {
																	"type": "MemberExpression",
																	"computed": false,
																	"object": {
																		"type": "Identifier",
																		"name": "options"
																	},
																	"property": {
																		"type": "Identifier",
																		"name": "name"
																	}
																},
																"right": {
																	"type": "Literal",
																	"value": "template",
																	"raw": "'template'"
																}
															},
															"kind": "init",
															"method": false,
															"shorthand": false
														}
													}
												}
											}
										}
									}
								}
							}
						}
					}
				}
			}
		},
		"21": {
			"expression": {
				"right": {
					"body": {
						"body": {
							"1": {
								"consequent": {
									"body": {
										"2": {
											"argument": {
												"type": "CallExpression",
												"callee": {
													"type": "Identifier",
													"name": "fn"
												},
												"arguments": [
													{
														"type": "Literal",
														"value": null,
														"raw": "null"
													},
													{
														"type": "Identifier",
														"name": "res"
													}
												]
											}
										}
									}
								}
							}
						}
					}
				}
			}
		},
		"24": {
			"type": "ExpressionStatement",
			"expression": {
				"type": "AssignmentExpression",
				"operator": "=",
				"left": {
					"type": "MemberExpression",
					"computed": false,
					"object": {
						"type": "Identifier",
						"name": "exports"
					},
					"property": {
						"type": "Identifier",
						"name": "__express"
					}
				},
				"right": {
					"type": "FunctionExpression",
					"id": null,
					"params": [
						{
							"type": "Identifier",
							"name": "path"
						},
						{
							"type": "Identifier",
							"name": "options"
						},
						{
							"type": "Identifier",
							"name": "fn"
						}
					],
					"body": {
						"type": "BlockStatement",
						"body": [
							{
								"type": "IfStatement",
								"test": {
									"type": "LogicalExpression",
									"operator": "&&",
									"left": {
										"type": "BinaryExpression",
										"operator": "==",
										"left": {
											"type": "MemberExpression",
											"computed": false,
											"object": {
												"type": "Identifier",
												"name": "options"
											},
											"property": {
												"type": "Identifier",
												"name": "compileDebug"
											}
										},
										"right": {
											"type": "Identifier",
											"name": "undefined"
										}
									},
									"right": {
										"type": "BinaryExpression",
										"operator": "===",
										"left": {
											"type": "MemberExpression",
											"computed": false,
											"object": {
												"type": "MemberExpression",
												"computed": false,
												"object": {
													"type": "Identifier",
													"name": "process"
												},
												"property": {
													"type": "Identifier",
													"name": "env"
												}
											},
											"property": {
												"type": "Identifier",
												"name": "NODE_ENV"
											}
										},
										"right": {
											"type": "Literal",
											"value": "production",
											"raw": "'production'"
										}
									}
								},
								"consequent": {
									"type": "BlockStatement",
									"body": [
										{
											"type": "ExpressionStatement",
											"expression": {
												"type": "AssignmentExpression",
												"operator": "=",
												"left": {
													"type": "MemberExpression",
													"computed": false,
													"object": {
														"type": "Identifier",
														"name": "options"
													},
													"property": {
														"type": "Identifier",
														"name": "compileDebug"
													}
												},
												"right": {
													"type": "Literal",
													"value": false,
													"raw": "false"
												}
											}
										}
									]
								},
								"alternate": null
							},
							{
								"type": "ExpressionStatement",
								"expression": {
									"type": "CallExpression",
									"callee": {
										"type": "MemberExpression",
										"computed": false,
										"object": {
											"type": "Identifier",
											"name": "exports"
										},
										"property": {
											"type": "Identifier",
											"name": "renderFile"
										}
									},
									"arguments": [
										{
											"type": "Identifier",
											"name": "path"
										},
										{
											"type": "Identifier",
											"name": "options"
										},
										{
											"type": "Identifier",
											"name": "fn"
										}
									]
								}
							}
						]
					},
					"generator": false,
					"expression": false,
					"async": false
				}
			}
		}
	}
}