{
	"body": {
		"15": {
			"body": {
				"body": {
					"6": {
						"declarations": {
							"0": {
								"init": {
									"arguments": {
										"1": {
											"properties": {
												"4": {
													"key": {
														"name": "globals"
													},
													"value": {
														"property": {
															"name": "globals"
														}
													}
												},
												"5": {
													"key": {
														"name": "self"
													},
													"value": {
														"type": "MemberExpression",
														"object": {
															"type": "Identifier",
															"name": "options"
														},
														"property": {
															"type": "Identifier",
															"name": "self"
														}
													}
												},
												"6": {
													"key": {
														"name": "includeSources"
													},
													"value": {
														"type": "ConditionalExpression",
														"test": {
															"type": "MemberExpression",
															"computed": false,
															"object": {
																"type": "Identifier",
																"name": "options"
															},
															"property": {
																"type": "Identifier",
																"name": "includeSources"
															}
														},
														"consequent": {
															"type": "Identifier",
															"name": "debug_sources"
														},
														"alternate": {
															"type": "Literal",
															"value": false,
															"raw": "false"
														}
													}
												},
												"7": {
													"type": "Property",
													"key": {
														"type": "Identifier",
														"name": "templateName"
													},
													"computed": false,
													"value": {
														"type": "MemberExpression",
														"computed": false,
														"object": {
															"type": "Identifier",
															"name": "options"
														},
														"property": {
															"type": "Identifier",
															"name": "templateName"
														}
													},
													"kind": "init",
													"method": false,
													"shorthand": false
												}
											}
										}
									}
								}
							}
						}
					}
				}
			}
		},
		"21": {
			"expression": {
				"right": {
					"body": {
						"body": {
							"0": {
								"consequent": {
									"body": {
										"0": {
											"type": "ExpressionStatement",
											"expression": {
												"type": "SequenceExpression",
												"expressions": [
													{
														"type": "AssignmentExpression",
														"operator": "=",
														"left": {
															"type": "Identifier",
															"name": "fn"
														},
														"right": {
															"type": "Identifier",
															"name": "options"
														}
													},
													{
														"type": "AssignmentExpression",
														"operator": "=",
														"left": {
															"type": "Identifier",
															"name": "options"
														},
														"right": {
															"type": "Identifier",
															"name": "undefined"
														}
													}
												]
											}
										}
									}
								}
							}
						}
					}
				}
			}
		},
		"24": {
			"expression": {
				"right": {
					"body": {
						"body": {
							"0": {
								"consequent": {
									"body": {
										"0": {
											"type": "ExpressionStatement",
											"expression": {
												"type": "AssignmentExpression",
												"operator": "=",
												"left": {
													"type": "MemberExpression",
													"computed": false,
													"object": {
														"type": "Identifier",
														"name": "options"
													},
													"property": {
														"type": "Identifier",
														"name": "compileDebug"
													}
												},
												"right": {
													"type": "Literal",
													"value": false,
													"raw": "false"
												}
											}
										}
									}
								}
							}
						}
					}
				}
			}
		}
	}
}