{
	"body": {
		"15": {
			"body": {
				"body": {
					"3": {
						"declarations": {
							"0": {
								"init": {
									"arguments": {
										"2": {
											"properties": {
												"3": {
													"value": {
														"body": {
															"body": {
																"2": {
																	"type": "ExpressionStatement",
																	"expression": {
																		"type": "AssignmentExpression",
																		"operator": "=",
																		"left": {
																			"type": "MemberExpression",
																			"computed": true,
																			"object": {
																				"type": "Identifier",
																				"name": "debug_sources"
																			},
																			"property": {
																				"type": "Identifier",
																				"name": "filename"
																			}
																		},
																		"right": {
																			"type": "Identifier",
																			"name": "str"
																		}
																	}
																},
																"3": {
																	"type": "ReturnStatement",
																	"argument": {
																		"type": "Identifier",
																		"name": "str"
																	}
																}
															}
														}
													}
												}
											}
										}
									}
								}
							}
						}
					}
				}
			}
		},
		"17": {
			"expression": {
				"right": {
					"body": {
						"body": {
							"2": {
								"declarations": {
									"0": {
										"init": {
											"arguments": {
												"1": {
													"properties": {
														"10": {
															"type": "Property",
															"key": {
																"type": "Identifier",
																"name": "templateName"
															},
															"computed": false,
															"value": {
																"type": "Literal",
																"value": "template",
																"raw": "'template'"
															},
															"kind": "init",
															"method": false,
															"shorthand": false
														}
													}
												}
											}
										}
									}
								}
							}
						}
					}
				}
			}
		},
		"21": {
			"expression": {
				"right": {
					"body": {
						"body": {
							"1": {
								"consequent": {
									"body": {
										"2": {
											"type": "ReturnStatement",
											"argument": {
												"type": "CallExpression",
												"callee": {
													"type": "Identifier",
													"name": "fn"
												},
												"arguments": [
													{
														"type": "Literal",
														"value": null,
														"raw": "null"
													},
													{
														"type": "Identifier",
														"name": "res"
													}
												]
											}
										}
									}
								}
							}
						}
					}
				}
			}
		},
		"24": {
			"expression": {
				"right": {
					"body": {
						"body": {
							"1": {
								"expression": {
									"arguments": {
										"2": {
											"type": "Identifier",
											"name": "fn"
										}
									}
								}
							}
						}
					}
				}
			}
		}
	}
}