{
	"body": {
		"21": {
			"expression": {
				"right": {
					"body": {
						"body": {
							"1": {
								"consequent": {
									"body": {
										"1": {
											"handler": {
												"body": {
													"body": {
														"0": {
															"argument": {
																"type": "CallExpression",
																"callee": {
																	"type": "Identifier",
																	"name": "fn"
																},
																"arguments": [
																	{
																		"type": "Identifier",
																		"name": "ex"
																	}
																]
															}
														}
													}
												}
											}
										}
									}
								}
							}
						}
					}
				}
			}
		},
		"22": {
			"expression": {
				"right": {
					"body": {
						"body": {
							"4": {
								"argument": {
									"arguments": {
										"0": {
											"type": "Identifier",
											"name": "options"
										}
									}
								}
							}
						}
					}
				}
			}
		},
		"24": {
			"expression": {
				"right": {
					"params": {
						"2": {
							"type": "Identifier",
							"name": "fn"
						}
					},
					"body": {
						"body": {
							"1": {
								"type": "ExpressionStatement",
								"expression": {
									"type": "CallExpression",
									"callee": {
										"type": "MemberExpression",
										"computed": false,
										"object": {
											"type": "Identifier",
											"name": "exports"
										},
										"property": {
											"type": "Identifier",
											"name": "renderFile"
										}
									},
									"arguments": [
										{
											"type": "Identifier",
											"name": "path"
										},
										{
											"type": "Identifier",
											"name": "options"
										},
										{
											"type": "Identifier",
											"name": "fn"
										}
									]
								}
							}
						}
					}
				}
			}
		}
	}
}