{
	"body": {
		"15": {
			"body": {
				"body": {
					"3": {
						"declarations": {
							"0": {
								"init": {
									"arguments": {
										"2": {
											"properties": {
												"1": {
													"value": {
														"body": {
															"body": {
																"0": {
																	"expression": {
																		"right": {
																			"arguments": {
																				"1": {
																					"type": "ObjectExpression",
																					"properties": [
																						{
																							"type": "Property",
																							"key": {
																								"type": "Identifier",
																								"name": "filename"
																							},
																							"computed": false,
																							"value": {
																								"type": "Identifier",
																								"name": "filename"
																							},
																							"kind": "init",
																							"method": false,
																							"shorthand": false
																						}
																					]
																				}
																			}
																		}
																	}
																}
															}
														}
													}
												}
											}
										}
									}
								}
							}
						}
					}
				}
			}
		},
		"17": {
			"expression": {
				"right": {
					"body": {
						"body": {
							"2": {
								"declarations": {
									"0": {
										"init": {
											"arguments": {
												"1": {
													"properties": {
														"5": {
															"key": {
																"name": "inlineRuntimeFunctions"
															},
															"value": {
																"property": {
																	"name": "inlineRuntimeFunctions"
																}
															}
														},
														"6": {
															"key": {
																"name": "globals"
															},
															"value": {
																"property": {
																	"name": "globals"
																}
															}
														},
														"7": {
															"key": {
																"name": "self"
															},
															"value": {
																"type": "MemberExpression",
																"object": {
																	"type": "Identifier",
																	"name": "options"
																},
																"property": {
																	"type": "Identifier",
																	"name": "self"
																}
															}
														},
														"8": {
															"key": {
																"name": "includeSources"
															},
															"value": {
																"type": "BinaryExpression",
																"left": {
																	"type": "MemberExpression",
																	"computed": false,
																	"object": {
																		"type": "Identifier",
																		"name": "options"
																	},
																	"property": {
																		"type": "Identifier",
																		"name": "compileDebug"
																	}
																},
																"right": {
																	"type": "Literal",
																	"value": true,
																	"raw": "true"
																}
															}
														},
														"9": {
															"key": {
																"name": "debug"
															},
															"value": {
																"type": "MemberExpression",
																"object": {
																	"type": "Identifier",
																	"name": "options"
																},
																"property": {
																	"type": "Identifier",
																	"name": "debug"
																}
															}
														},
														"10": {
															"type": "Property",
															"key": {
																"type": "Identifier",
																"name": "templateName"
															},
															"computed": false,
															"value": {
																"type": "Literal",
																"value": "template",
																"raw": "'template'"
															},
															"kind": "init",
															"method": false,
															"shorthand": false
														}
													}
												}
											}
										}
									}
								}
							}
						}
					}
				}
			}
		},
		"21": {
			"expression": {
				"right": {
					"body": {
						"body": {
							"0": {
								"consequent": {
									"body": {
										"0": {
											"type": "ExpressionStatement",
											"expression": {
												"type": "SequenceExpression",
												"expressions": [
													{
														"type": "AssignmentExpression",
														"operator": "=",
														"left": {
															"type": "Identifier",
															"name": "fn"
														},
														"right": {
															"type": "Identifier",
															"name": "options"
														}
													},
													{
														"type": "AssignmentExpression",
														"operator": "=",
														"left": {
															"type": "Identifier",
															"name": "options"
														},
														"right": {
															"type": "Identifier",
															"name": "undefined"
														}
													}
												]
											}
										}
									}
								}
							}
						}
					}
				}
			}
		}
	}
}