{
	"body": {
		"21": {
			"expression": {
				"right": {
					"body": {
						"body": {
							"1": {
								"consequent": {
									"body": {
										"1": {
											"handler": {
												"body": {
													"body": {
														"0": {
															"argument": {
																"type": "CallExpression",
																"callee": {
																	"type": "Identifier",
																	"name": "fn"
																},
																"arguments": [
																	{
																		"type": "Identifier",
																		"name": "ex"
																	}
																]
															}
														}
													}
												}
											}
										},
										"2": {
											"type": "ReturnStatement",
											"argument": {
												"type": "CallExpression",
												"callee": {
													"type": "Identifier",
													"name": "fn"
												},
												"arguments": [
													{
														"type": "Literal",
														"value": null,
														"raw": "null"
													},
													{
														"type": "Identifier",
														"name": "res"
													}
												]
											}
										}
									}
								}
							},
							"3": {
								"consequent": {
									"body": {
										"0": {
											"type": "ThrowStatement",
											"argument": {
												"type": "NewExpression",
												"callee": {
													"type": "Identifier",
													"name": "Error"
												},
												"arguments": [
													{
														"type": "Literal",
														"value": "the \"filename\" option is required for caching",
														"raw": "'the \"filename\" option is required for caching'"
													}
												]
											}
										}
									}
								}
							}
						}
					}
				}
			}
		},
		"24": {
			"expression": {
				"right": {
					"body": {
						"body": {
							"1": {
								"type": "ExpressionStatement",
								"expression": {
									"type": "CallExpression",
									"callee": {
										"type": "MemberExpression",
										"computed": false,
										"object": {
											"type": "Identifier",
											"name": "exports"
										},
										"property": {
											"type": "Identifier",
											"name": "renderFile"
										}
									},
									"arguments": [
										{
											"type": "Identifier",
											"name": "path"
										},
										{
											"type": "Identifier",
											"name": "options"
										},
										{
											"type": "Identifier",
											"name": "fn"
										}
									]
								}
							}
						}
					}
				}
			}
		}
	}
}