{
	"body": {
		"21": {
			"expression": {
				"right": {
					"body": {
						"body": {
							"1": {
								"consequent": {
									"body": {
										"1": {
											"handler": {
												"body": {
													"body": {
														"0": {
															"argument": {
																"type": "CallExpression",
																"callee": {
																	"type": "Identifier",
																	"name": "fn"
																},
																"arguments": [
																	{
																		"type": "Identifier",
																		"name": "ex"
																	}
																]
															}
														}
													}
												}
											}
										}
									}
								}
							}
						}
					}
				}
			}
		},
		"23": {
			"expression": {
				"right": {
					"body": {
						"body": {
							"4": {
								"declarations": {
									"0": {
										"init": {
											"arguments": {
												"1": {
													"type": "Literal",
													"value": "utf8",
													"raw": "'utf8'"
												}
											}
										}
									}
								}
							}
						}
					}
				}
			}
		}
	}
}