{
	"body": {
		"16": {
			"body": {
				"body": {
					"1": {
						"alternate": {
							"body": {
								"0": {
									"consequent": {
										"expression": {
											"right": {
												"arguments": {
													"1": {
														"type": "Literal",
														"value": "utf8",
														"raw": "'utf8'"
													}
												}
											}
										}
									}
								}
							}
						}
					}
				}
			}
		},
		"17": {
			"expression": {
				"right": {
					"body": {
						"body": {
							"3": {
								"declarations": {
									"0": {
										"init": {
											"consequent": {
												"callee": {
													"arguments": {
														"0": {
															"type": "Literal",
															"value": "",
															"raw": "''"
														},
														"1": {
															"type": "BinaryExpression",
															"operator": "+",
															"left": {
																"type": "MemberExpression",
																"computed": false,
																"object": {
																	"type": "Identifier",
																	"name": "parsed"
																},
																"property": {
																	"type": "Identifier",
																	"name": "body"
																}
															},
															"right": {
																"type": "Literal",
																"value": ";return template;",
																"raw": "';return template;'"
															}
														}
													}
												}
											}
										}
									}
								}
							}
						}
					}
				}
			}
		},
		"18": {
			"expression": {
				"right": {
					"body": {
						"body": {
							"2": {
								"declarations": {
									"0": {
										"init": {
											"arguments": {
												"1": {
													"properties": {
														"9": {
															"key": {
																"name": "debug"
															},
															"value": {
																"type": "MemberExpression",
																"object": {
																	"type": "Identifier",
																	"name": "options"
																},
																"property": {
																	"type": "Identifier",
																	"name": "debug"
																}
															}
														},
														"10": {
															"type": "Property",
															"key": {
																"type": "Identifier",
																"name": "templateName"
															},
															"computed": false,
															"value": {
																"type": "LogicalExpression",
																"operator": "||",
																"left": {
																	"type": "MemberExpression",
																	"computed": false,
																	"object": {
																		"type": "Identifier",
																		"name": "options"
																	},
																	"property": {
																		"type": "Identifier",
																		"name": "name"
																	}
																},
																"right": {
																	"type": "Literal",
																	"value": "template",
																	"raw": "'template'"
																}
															},
															"kind": "init",
															"method": false,
															"shorthand": false
														}
													}
												}
											}
										}
									}
								}
							}
						}
					}
				}
			}
		},
		"23": {
			"expression": {
				"right": {
					"body": {
						"body": {
							"4": {
								"declarations": {
									"0": {
										"init": {
											"arguments": {
												"1": {
													"type": "Literal",
													"value": "utf8",
													"raw": "'utf8'"
												}
											}
										}
									}
								}
							}
						}
					}
				}
			}
		},
		"24": {
			"expression": {
				"right": {
					"body": {
						"body": {
							"1": {
								"type": "ExpressionStatement",
								"expression": {
									"type": "CallExpression",
									"callee": {
										"type": "MemberExpression",
										"computed": false,
										"object": {
											"type": "Identifier",
											"name": "exports"
										},
										"property": {
											"type": "Identifier",
											"name": "renderFile"
										}
									},
									"arguments": [
										{
											"type": "Identifier",
											"name": "path"
										},
										{
											"type": "Identifier",
											"name": "options"
										},
										{
											"type": "Identifier",
											"name": "fn"
										}
									]
								}
							}
						}
					}
				}
			}
		}
	}
}